country_name,country_code,year,bureaucratization_index,democratic_transition,democracy_duration_log,v2x_polyarchy,democracy_stability_interaction,gdppc_log,colonial_legacy,region_oecd,region_latin_america,region_eastern_europe,region_africa,region_asia
Mexico,MEX,1940,0.341875,0,0,0.201,NA,NA,0,1,1,0,0,0
Mexico,MEX,1941,0.341875,0,0,0.189,NA,NA,0,1,1,0,0,0
Mexico,MEX,1942,0.341875,0,0,0.189,NA,NA,0,1,1,0,0,0
Mexico,MEX,1943,0.342275,0,0,0.19,NA,NA,0,1,1,0,0,0
Mexico,MEX,1944,0.342275,0,0,0.191,NA,NA,0,1,1,0,0,0
Mexico,MEX,1945,0.342275,0,0,0.191,NA,NA,0,1,1,0,0,0
Mexico,MEX,1946,0.342275,0,0,0.192,NA,NA,0,1,1,0,0,0
Mexico,MEX,1947,0.342275,0,0,0.193,NA,NA,0,1,1,0,0,0
Mexico,MEX,1948,0.342275,0,0,0.193,NA,NA,0,1,1,0,0,0
Mexico,MEX,1949,0.342275,0,0,0.196,NA,NA,0,1,1,0,0,0
Mexico,MEX,1950,0.342275,0,0,0.197,NA,NA,0,1,1,0,0,0
Mexico,MEX,1951,0.342275,0,0,0.197,NA,NA,0,1,1,0,0,0
Mexico,MEX,1952,0.342275,0,0,0.197,NA,NA,0,1,1,0,0,0
Mexico,MEX,1953,0.342275,0,0,0.196,NA,NA,0,1,1,0,0,0
Mexico,MEX,1954,0.342275,0,0,0.23,NA,NA,0,1,1,0,0,0
Mexico,MEX,1955,0.342275,0,0,0.232,NA,NA,0,1,1,0,0,0
Mexico,MEX,1956,0.342275,0,0,0.233,NA,NA,0,1,1,0,0,0
Mexico,MEX,1957,0.342275,0,0,0.233,NA,NA,0,1,1,0,0,0
Mexico,MEX,1958,0.342275,0,0,0.232,NA,NA,0,1,1,0,0,0
Mexico,MEX,1959,0.342275,0,0,0.232,NA,NA,0,1,1,0,0,0
Mexico,MEX,1960,0.342275,0,0,0.231,NA,NA,0,1,1,0,0,0
Mexico,MEX,1961,0.342275,0,0,0.232,NA,NA,0,1,1,0,0,0
Mexico,MEX,1962,0.342275,0,0,0.232,NA,NA,0,1,1,0,0,0
Mexico,MEX,1963,0.342275,0,0,0.232,NA,NA,0,1,1,0,0,0
Mexico,MEX,1964,0.342275,0,0,0.231,NA,NA,0,1,1,0,0,0
Mexico,MEX,1965,0.342275,0,0,0.231,NA,NA,0,1,1,0,0,0
Mexico,MEX,1966,0.342275,0,0,0.231,NA,NA,0,1,1,0,0,0
Mexico,MEX,1967,0.342275,0,0,0.236,NA,NA,0,1,1,0,0,0
Mexico,MEX,1968,0.342275,0,0,0.236,NA,NA,0,1,1,0,0,0
Mexico,MEX,1969,0.342275,0,0,0.241,NA,NA,0,1,1,0,0,0
Mexico,MEX,1970,0.343275,0,0,0.248,NA,NA,0,1,1,0,0,0
Mexico,MEX,1971,0.343275,0,0,0.246,NA,NA,0,1,1,0,0,0
Mexico,MEX,1972,0.343275,0,0,0.249,NA,NA,0,1,1,0,0,0
Mexico,MEX,1973,0.343275,0,0,0.249,NA,NA,0,1,1,0,0,0
Mexico,MEX,1974,0.343275,0,0,0.249,NA,NA,0,1,1,0,0,0
Mexico,MEX,1975,0.343275,0,0,0.249,NA,NA,0,1,1,0,0,0
Mexico,MEX,1976,0.343275,0,0,0.261,NA,NA,0,1,1,0,0,0
Mexico,MEX,1977,0.344875,0,0,0.273,NA,NA,0,1,1,0,0,0
Mexico,MEX,1978,0.344875,0,0,0.296,NA,NA,0,1,1,0,0,0
Mexico,MEX,1979,0.344875,0,0,0.296,NA,NA,0,1,1,0,0,0
Mexico,MEX,1980,0.344875,0,0,0.299,NA,NA,0,1,1,0,0,0
Mexico,MEX,1981,0.350675,0,0,0.304,NA,NA,0,1,1,0,0,0
Mexico,MEX,1982,0.373075,0,0,0.313,NA,NA,0,1,1,0,0,0
Mexico,MEX,1983,0.385825,0,0,0.319,NA,NA,0,1,1,0,0,0
Mexico,MEX,1984,0.385825,0,0,0.319,NA,NA,0,1,1,0,0,0
Mexico,MEX,1985,0.385825,0,0,0.322,NA,NA,0,1,1,0,0,0
Mexico,MEX,1986,0.385825,0,0,0.325,NA,NA,0,1,1,0,0,0
Mexico,MEX,1987,0.385825,0,0,0.329,NA,NA,0,1,1,0,0,0
Mexico,MEX,1988,0.387025,0,0,0.343,NA,NA,0,1,1,0,0,0
Mexico,MEX,1989,0.389425,0,0,0.367,NA,NA,0,1,1,0,0,0
Mexico,MEX,1990,0.4037,0,0,0.389,NA,NA,0,1,1,0,0,0
Mexico,MEX,1991,0.4037,0,0,0.412,NA,NA,0,1,1,0,0,0
Mexico,MEX,1992,0.4037,0,0,0.437,NA,NA,0,1,1,0,0,0
Mexico,MEX,1993,0.4037,0,0,0.447,NA,NA,0,1,1,0,0,0
Mexico,MEX,1994,0.449925,0,0,0.47,NA,NA,0,1,1,0,0,0
Mexico,MEX,1995,0.474525,0,0,0.48,NA,NA,0,1,1,0,0,0
Mexico,MEX,1996,0.474525,1,0.6931471805599453,0.508,NA,NA,0,1,1,0,0,0
Mexico,MEX,1997,0.4952,0,0.6931471805599453,0.556,NA,NA,0,1,1,0,0,0
Mexico,MEX,1998,0.4952,0,0.6931471805599453,0.598,NA,NA,0,1,1,0,0,0
Mexico,MEX,1999,0.4952,0,0.6931471805599453,0.602,NA,NA,0,1,1,0,0,0
Mexico,MEX,2000,0.532975,0,0.6931471805599453,0.664,NA,NA,0,1,1,0,0,0
Mexico,MEX,2001,0.54495,0,0.6931471805599453,0.677,NA,NA,0,1,1,0,0,0
Mexico,MEX,2002,0.54495,0,0.6931471805599453,0.688,NA,NA,0,1,1,0,0,0
Mexico,MEX,2003,0.51055,0,0.6931471805599453,0.699,NA,NA,0,1,1,0,0,0
Mexico,MEX,2004,0.51055,0,0.6931471805599453,0.71,NA,NA,0,1,1,0,0,0
Mexico,MEX,2005,0.51055,0,0.6931471805599453,0.71,NA,NA,0,1,1,0,0,0
Mexico,MEX,2006,0.51355,0,0.6931471805599453,0.671,NA,NA,0,1,1,0,0,0
Mexico,MEX,2007,0.50565,0,0.6931471805599453,0.637,NA,NA,0,1,1,0,0,0
Mexico,MEX,2008,0.50585,0,0.6931471805599453,0.642,NA,NA,0,1,1,0,0,0
Mexico,MEX,2009,0.50585,0,0.6931471805599453,0.648,NA,NA,0,1,1,0,0,0
Mexico,MEX,2010,0.50365,0,0.6931471805599453,0.661,NA,NA,0,1,1,0,0,0
Mexico,MEX,2011,0.50365,0,0.6931471805599453,0.66,NA,NA,0,1,1,0,0,0
Mexico,MEX,2012,0.49425,0,0.6931471805599453,0.649,NA,NA,0,1,1,0,0,0
Mexico,MEX,2013,0.450925,0,0.6931471805599453,0.623,NA,NA,0,1,1,0,0,0
Mexico,MEX,2014,0.450925,0,0.6931471805599453,0.62,NA,NA,0,1,1,0,0,0
Mexico,MEX,2015,0.459225,0,0.6931471805599453,0.639,NA,NA,0,1,1,0,0,0
Mexico,MEX,2016,0.459225,0,0.6931471805599453,0.64,NA,NA,0,1,1,0,0,0
Mexico,MEX,2017,0.452875,0,0.6931471805599453,0.635,NA,NA,0,1,1,0,0,0
Mexico,MEX,2018,0.44815,0,0.6931471805599453,0.675,NA,NA,0,1,1,0,0,0
Mexico,MEX,2019,0.459675,0,0.6931471805599453,0.685,NA,NA,0,1,1,0,0,0
Mexico,MEX,2020,0.460675,0,0.6931471805599453,0.663,NA,NA,0,1,1,0,0,0
Mexico,MEX,2021,0.45565,0,0.6931471805599453,0.618,NA,NA,0,1,1,0,0,0
Mexico,MEX,2022,0.4321,0,0.6931471805599453,0.586,NA,NA,0,1,1,0,0,0
Mexico,MEX,2023,0.4359,0,0.6931471805599453,0.549,NA,NA,0,1,1,0,0,0
Mexico,MEX,2024,0.423775,0,0.6931471805599453,0.505,NA,NA,0,1,1,0,0,0
Suriname,SUR,1940,0.68155,0,0,0.148,0,NA,1,0,1,0,0,0
Suriname,SUR,1941,0.68155,0,0,0.148,0,NA,1,0,1,0,0,0
Suriname,SUR,1942,0.67875,0,0,0.148,0,NA,1,0,1,0,0,0
Suriname,SUR,1943,0.67875,0,0,0.148,0,NA,1,0,1,0,0,0
Suriname,SUR,1944,0.67875,0,0,0.151,0,NA,1,0,1,0,0,0
Suriname,SUR,1945,0.67875,0,0,0.152,0,NA,1,0,1,0,0,0
Suriname,SUR,1946,0.68375,0,0,0.155,0,NA,1,0,1,0,0,0
Suriname,SUR,1947,0.68375,0,0,0.155,0,NA,1,0,1,0,0,0
Suriname,SUR,1948,0.68375,0,0,0.155,0,NA,1,0,1,0,0,0
Suriname,SUR,1949,0.68255,0,0,0.306,0,NA,1,0,1,0,0,0
Suriname,SUR,1950,0.68255,1,0.6931471805599453,0.502,3.912023005428146,NA,1,0,1,0,0,0
Suriname,SUR,1951,0.68255,0,0.6931471805599453,0.502,3.9318256327243257,NA,1,0,1,0,0,0
Suriname,SUR,1952,0.68255,0,0.6931471805599453,0.502,3.9512437185814275,NA,1,0,1,0,0,0
Suriname,SUR,1953,0.68255,0,0.6931471805599453,0.502,3.970291913552122,NA,1,0,1,0,0,0
Suriname,SUR,1954,0.68255,0,0.6931471805599453,0.502,3.9889840465642745,NA,1,0,1,0,0,0
Suriname,SUR,1955,0.69415,0,0.6931471805599453,0.525,4.007333185232471,NA,1,0,1,0,0,0
Suriname,SUR,1956,0.69415,0,0.6931471805599453,0.525,4.02535169073515,NA,1,0,1,0,0,0
Suriname,SUR,1957,0.69415,0,0.6931471805599453,0.526,4.04305126783455,NA,1,0,1,0,0,0
Suriname,SUR,1958,0.69415,0,0.6931471805599453,0.526,4.060443010546419,NA,1,0,1,0,0,0
Suriname,SUR,1959,0.69415,0,0.6931471805599453,0.526,4.07753744390572,NA,1,0,1,0,0,0
Suriname,SUR,1960,0.69415,0,0.6931471805599453,0.526,4.0943445622221,NA,1,0,1,0,0,0
Suriname,SUR,1961,0.69415,0,0.6931471805599453,0.526,4.110873864173311,NA,1,0,1,0,0,0
Suriname,SUR,1962,0.69415,0,0.6931471805599453,0.526,4.127134385045092,NA,1,0,1,0,0,0
Suriname,SUR,1963,0.69415,0,0.6931471805599453,0.527,4.143134726391533,NA,1,0,1,0,0,0
Suriname,SUR,1964,0.69415,0,0.6931471805599453,0.527,4.1588830833596715,NA,1,0,1,0,0,0
Suriname,SUR,1965,0.69415,0,0.6931471805599453,0.527,4.174387269895637,NA,1,0,1,0,0,0
Suriname,SUR,1966,0.69415,0,0.6931471805599453,0.527,4.189654742026425,NA,1,0,1,0,0,0
Suriname,SUR,1967,0.69415,0,0.6931471805599453,0.527,4.204692619390966,NA,1,0,1,0,0,0
Suriname,SUR,1968,0.69415,0,0.6931471805599453,0.527,4.219507705176107,NA,1,0,1,0,0,0
Suriname,SUR,1969,0.69415,0,0.6931471805599453,0.526,4.23410650459726,NA,1,0,1,0,0,0
Suriname,SUR,1970,0.69415,0,0.6931471805599453,0.527,4.248495242049359,NA,1,0,1,0,0,0
Suriname,SUR,1971,0.69415,0,0.6931471805599453,0.527,4.2626798770413155,NA,1,0,1,0,0,0
Suriname,SUR,1972,0.69415,0,0.6931471805599453,0.527,4.276666119016055,NA,1,0,1,0,0,0
Suriname,SUR,1973,0.69415,0,0.6931471805599453,0.524,4.290459441148391,NA,1,0,1,0,0,0
Suriname,SUR,1974,0.68895,0,0.6931471805599453,0.528,4.304065093204169,NA,1,0,1,0,0,0
Suriname,SUR,1975,0.6971,0,0,0.371,0,NA,1,0,1,0,0,0
Suriname,SUR,1976,0.6977,1,1.0986122886681096,0.731,4.304065093204169,NA,1,0,1,0,0,0
Suriname,SUR,1977,0.6977,0,1.0986122886681096,0.732,4.31748811353631,NA,1,0,1,0,0,0
Suriname,SUR,1978,0.6977,0,1.0986122886681096,0.742,4.330733340286331,NA,1,0,1,0,0,0
Suriname,SUR,1979,0.6977,0,1.0986122886681096,0.742,4.343805421853684,NA,1,0,1,0,0,0
Suriname,SUR,1980,0.591225,0,0,0.221,0,NA,1,0,1,0,0,0
Suriname,SUR,1981,0.573875,0,0,0.174,0,NA,1,0,1,0,0,0
Suriname,SUR,1982,0.583875,0,0,0.167,0,NA,1,0,1,0,0,0
Suriname,SUR,1983,0.583875,0,0,0.163,0,NA,1,0,1,0,0,0
Suriname,SUR,1984,0.583875,0,0,0.163,0,NA,1,0,1,0,0,0
Suriname,SUR,1985,0.583875,0,0,0.172,0,NA,1,0,1,0,0,0
Suriname,SUR,1986,0.583875,0,0,0.171,0,NA,1,0,1,0,0,0
Suriname,SUR,1987,0.583875,0,0,0.194,0,NA,1,0,1,0,0,0
Suriname,SUR,1988,0.603125,1,1.3862943611198906,0.623,4.430816798843313,NA,1,0,1,0,0,0
Suriname,SUR,1989,0.623225,0,1.3862943611198906,0.731,4.442651256490317,NA,1,0,1,0,0,0
Suriname,SUR,1990,0.6629,0,1.3862943611198906,0.731,4.454347296253507,NA,1,0,1,0,0,0
Suriname,SUR,1991,0.6792,0,0,0.451,0,NA,1,0,1,0,0,0
Suriname,SUR,1992,0.68645,1,1.6094379124341003,0.755,4.454347296253507,NA,1,0,1,0,0,0
Suriname,SUR,1993,0.69365,0,1.6094379124341003,0.757,4.465908118654584,NA,1,0,1,0,0,0
Suriname,SUR,1994,0.69365,0,1.6094379124341003,0.757,4.477336814478207,NA,1,0,1,0,0,0
Suriname,SUR,1995,0.69365,0,1.6094379124341003,0.757,4.48863636973214,NA,1,0,1,0,0,0
Suriname,SUR,1996,0.69365,0,1.6094379124341003,0.768,4.499809670330265,NA,1,0,1,0,0,0
Suriname,SUR,1997,0.69365,0,1.6094379124341003,0.773,4.51085950651685,NA,1,0,1,0,0,0
Suriname,SUR,1998,0.69365,0,1.6094379124341003,0.773,4.5217885770490405,NA,1,0,1,0,0,0
Suriname,SUR,1999,0.69365,0,1.6094379124341003,0.773,4.532599493153256,NA,1,0,1,0,0,0
Suriname,SUR,2000,0.69365,0,1.6094379124341003,0.784,4.543294782270004,NA,1,0,1,0,0,0
Suriname,SUR,2001,0.69365,0,1.6094379124341003,0.779,4.553876891600541,NA,1,0,1,0,0,0
Suriname,SUR,2002,0.69365,0,1.6094379124341003,0.779,4.564348191467836,NA,1,0,1,0,0,0
Suriname,SUR,2003,0.69365,0,1.6094379124341003,0.779,4.574710978503383,NA,1,0,1,0,0,0
Suriname,SUR,2004,0.69365,0,1.6094379124341003,0.779,4.584967478670572,NA,1,0,1,0,0,0
Suriname,SUR,2005,0.69365,0,1.6094379124341003,0.776,4.59511985013459,NA,1,0,1,0,0,0
Suriname,SUR,2006,0.69365,0,1.6094379124341003,0.774,4.605170185988092,NA,1,0,1,0,0,0
Suriname,SUR,2007,0.69365,0,1.6094379124341003,0.771,4.61512051684126,NA,1,0,1,0,0,0
Suriname,SUR,2008,0.69365,0,1.6094379124341003,0.772,4.624972813284271,NA,1,0,1,0,0,0
Suriname,SUR,2009,0.69365,0,1.6094379124341003,0.772,4.634728988229636,NA,1,0,1,0,0,0
Suriname,SUR,2010,0.677675,0,1.6094379124341003,0.762,4.6443908991413725,NA,1,0,1,0,0,0
Suriname,SUR,2011,0.677675,0,1.6094379124341003,0.753,4.653960350157523,NA,1,0,1,0,0,0
Suriname,SUR,2012,0.677675,0,1.6094379124341003,0.753,4.663439094112067,NA,1,0,1,0,0,0
Suriname,SUR,2013,0.66675,0,1.6094379124341003,0.755,4.672828834461906,NA,1,0,1,0,0,0
Suriname,SUR,2014,0.66675,0,1.6094379124341003,0.755,4.68213122712422,NA,1,0,1,0,0,0
Suriname,SUR,2015,0.66675,0,1.6094379124341003,0.762,4.6913478822291435,NA,1,0,1,0,0,0
Suriname,SUR,2016,0.66415,0,1.6094379124341003,0.767,4.700480365792417,NA,1,0,1,0,0,0
Suriname,SUR,2017,0.65275,0,1.6094379124341003,0.757,4.709530201312334,NA,1,0,1,0,0,0
Suriname,SUR,2018,0.64335,0,1.6094379124341003,0.76,4.718498871295094,NA,1,0,1,0,0,0
Suriname,SUR,2019,0.606025,0,1.6094379124341003,0.756,4.727387818712341,NA,1,0,1,0,0,0
Suriname,SUR,2020,0.673775,0,1.6094379124341003,0.76,4.736198448394496,NA,1,0,1,0,0,0
Suriname,SUR,2021,0.706775,0,1.6094379124341003,0.764,4.74493212836325,NA,1,0,1,0,0,0
Suriname,SUR,2022,0.686975,0,1.6094379124341003,0.78,4.7535901911063645,NA,1,0,1,0,0,0
Suriname,SUR,2023,0.747525,0,1.6094379124341003,0.768,4.7535901911063645,NA,1,0,1,0,0,0
Suriname,SUR,2024,0.72225,0,1.6094379124341003,0.768,4.7535901911063645,NA,1,0,1,0,0,0
Sweden,SWE,1940,0.876925,0,0.6931471805599453,0.673,NA,NA,0,1,0,0,0,0
Sweden,SWE,1941,0.876925,0,0.6931471805599453,0.673,NA,NA,0,1,0,0,0,0
Sweden,SWE,1942,0.876925,0,0.6931471805599453,0.673,NA,NA,0,1,0,0,0,0
Sweden,SWE,1943,0.876925,0,0.6931471805599453,0.673,NA,NA,0,1,0,0,0,0
Sweden,SWE,1944,0.876925,0,0.6931471805599453,0.674,NA,NA,0,1,0,0,0,0
Sweden,SWE,1945,0.876925,0,0.6931471805599453,0.69,NA,NA,0,1,0,0,0,0
Sweden,SWE,1946,0.886075,0,0.6931471805599453,0.757,NA,NA,0,1,0,0,0,0
Sweden,SWE,1947,0.886075,0,0.6931471805599453,0.76,NA,NA,0,1,0,0,0,0
Sweden,SWE,1948,0.886075,0,0.6931471805599453,0.759,NA,NA,0,1,0,0,0,0
Sweden,SWE,1949,0.886075,0,0.6931471805599453,0.765,NA,NA,0,1,0,0,0,0
Sweden,SWE,1950,0.913375,0,0.6931471805599453,0.769,NA,NA,0,1,0,0,0,0
Sweden,SWE,1951,0.913375,0,0.6931471805599453,0.769,NA,NA,0,1,0,0,0,0
Sweden,SWE,1952,0.917175,0,0.6931471805599453,0.77,NA,NA,0,1,0,0,0,0
Sweden,SWE,1953,0.917175,0,0.6931471805599453,0.773,NA,NA,0,1,0,0,0,0
Sweden,SWE,1954,0.917175,0,0.6931471805599453,0.773,NA,NA,0,1,0,0,0,0
Sweden,SWE,1955,0.917175,0,0.6931471805599453,0.773,NA,NA,0,1,0,0,0,0
Sweden,SWE,1956,0.917175,0,0.6931471805599453,0.772,NA,NA,0,1,0,0,0,0
Sweden,SWE,1957,0.917175,0,0.6931471805599453,0.772,NA,NA,0,1,0,0,0,0
Sweden,SWE,1958,0.917175,0,0.6931471805599453,0.772,NA,NA,0,1,0,0,0,0
Sweden,SWE,1959,0.917175,0,0.6931471805599453,0.772,NA,NA,0,1,0,0,0,0
Sweden,SWE,1960,0.9354,0,0.6931471805599453,0.776,NA,NA,0,1,0,0,0,0
Sweden,SWE,1961,0.9398,0,0.6931471805599453,0.775,NA,NA,0,1,0,0,0,0
Sweden,SWE,1962,0.9398,0,0.6931471805599453,0.775,NA,NA,0,1,0,0,0,0
Sweden,SWE,1963,0.9398,0,0.6931471805599453,0.775,NA,NA,0,1,0,0,0,0
Sweden,SWE,1964,0.9398,0,0.6931471805599453,0.776,NA,NA,0,1,0,0,0,0
Sweden,SWE,1965,0.9398,0,0.6931471805599453,0.778,NA,NA,0,1,0,0,0,0
Sweden,SWE,1966,0.9398,0,0.6931471805599453,0.776,NA,NA,0,1,0,0,0,0
Sweden,SWE,1967,0.9398,0,0.6931471805599453,0.776,NA,NA,0,1,0,0,0,0
Sweden,SWE,1968,0.944975,0,0.6931471805599453,0.776,NA,NA,0,1,0,0,0,0
Sweden,SWE,1969,0.944975,0,0.6931471805599453,0.776,NA,NA,0,1,0,0,0,0
Sweden,SWE,1970,0.96745,0,0.6931471805599453,0.776,NA,NA,0,1,0,0,0,0
Sweden,SWE,1971,0.96745,0,0.6931471805599453,0.895,NA,NA,0,1,0,0,0,0
Sweden,SWE,1972,0.97005,0,0.6931471805599453,0.895,NA,NA,0,1,0,0,0,0
Sweden,SWE,1973,0.97005,0,0.6931471805599453,0.896,NA,NA,0,1,0,0,0,0
Sweden,SWE,1974,0.97005,0,0.6931471805599453,0.901,NA,NA,0,1,0,0,0,0
Sweden,SWE,1975,0.97005,0,0.6931471805599453,0.906,NA,NA,0,1,0,0,0,0
Sweden,SWE,1976,0.97005,0,0.6931471805599453,0.908,NA,NA,0,1,0,0,0,0
Sweden,SWE,1977,0.97005,0,0.6931471805599453,0.909,NA,NA,0,1,0,0,0,0
Sweden,SWE,1978,0.97005,0,0.6931471805599453,0.909,NA,NA,0,1,0,0,0,0
Sweden,SWE,1979,0.97005,0,0.6931471805599453,0.909,NA,NA,0,1,0,0,0,0
Sweden,SWE,1980,0.97005,0,0.6931471805599453,0.911,NA,NA,0,1,0,0,0,0
Sweden,SWE,1981,0.97005,0,0.6931471805599453,0.911,NA,NA,0,1,0,0,0,0
Sweden,SWE,1982,0.97365,0,0.6931471805599453,0.91,NA,NA,0,1,0,0,0,0
Sweden,SWE,1983,0.97365,0,0.6931471805599453,0.908,NA,NA,0,1,0,0,0,0
Sweden,SWE,1984,0.97365,0,0.6931471805599453,0.908,NA,NA,0,1,0,0,0,0
Sweden,SWE,1985,0.97365,0,0.6931471805599453,0.909,NA,NA,0,1,0,0,0,0
Sweden,SWE,1986,0.97365,0,0.6931471805599453,0.907,NA,NA,0,1,0,0,0,0
Sweden,SWE,1987,0.97365,0,0.6931471805599453,0.907,NA,NA,0,1,0,0,0,0
Sweden,SWE,1988,0.97365,0,0.6931471805599453,0.908,NA,NA,0,1,0,0,0,0
Sweden,SWE,1989,0.97365,0,0.6931471805599453,0.91,NA,NA,0,1,0,0,0,0
Sweden,SWE,1990,0.97365,0,0.6931471805599453,0.912,NA,NA,0,1,0,0,0,0
Sweden,SWE,1991,0.97365,0,0.6931471805599453,0.912,NA,NA,0,1,0,0,0,0
Sweden,SWE,1992,0.97365,0,0.6931471805599453,0.912,NA,NA,0,1,0,0,0,0
Sweden,SWE,1993,0.97365,0,0.6931471805599453,0.912,NA,NA,0,1,0,0,0,0
Sweden,SWE,1994,0.97365,0,0.6931471805599453,0.912,NA,NA,0,1,0,0,0,0
Sweden,SWE,1995,0.97365,0,0.6931471805599453,0.912,NA,NA,0,1,0,0,0,0
Sweden,SWE,1996,0.97365,0,0.6931471805599453,0.912,NA,NA,0,1,0,0,0,0
Sweden,SWE,1997,0.97365,0,0.6931471805599453,0.912,NA,NA,0,1,0,0,0,0
Sweden,SWE,1998,0.97365,0,0.6931471805599453,0.912,NA,NA,0,1,0,0,0,0
Sweden,SWE,1999,0.97365,0,0.6931471805599453,0.911,NA,NA,0,1,0,0,0,0
Sweden,SWE,2000,0.97365,0,0.6931471805599453,0.911,NA,NA,0,1,0,0,0,0
Sweden,SWE,2001,0.97365,0,0.6931471805599453,0.911,NA,NA,0,1,0,0,0,0
Sweden,SWE,2002,0.97365,0,0.6931471805599453,0.91,NA,NA,0,1,0,0,0,0
Sweden,SWE,2003,0.97365,0,0.6931471805599453,0.909,NA,NA,0,1,0,0,0,0
Sweden,SWE,2004,0.97365,0,0.6931471805599453,0.909,NA,NA,0,1,0,0,0,0
Sweden,SWE,2005,0.97365,0,0.6931471805599453,0.909,NA,NA,0,1,0,0,0,0
Sweden,SWE,2006,0.97325,0,0.6931471805599453,0.911,NA,NA,0,1,0,0,0,0
Sweden,SWE,2007,0.97325,0,0.6931471805599453,0.915,NA,NA,0,1,0,0,0,0
Sweden,SWE,2008,0.97325,0,0.6931471805599453,0.915,NA,NA,0,1,0,0,0,0
Sweden,SWE,2009,0.97325,0,0.6931471805599453,0.915,NA,NA,0,1,0,0,0,0
Sweden,SWE,2010,0.969475,0,0.6931471805599453,0.915,NA,NA,0,1,0,0,0,0
Sweden,SWE,2011,0.969475,0,0.6931471805599453,0.917,NA,NA,0,1,0,0,0,0
Sweden,SWE,2012,0.969475,0,0.6931471805599453,0.918,NA,NA,0,1,0,0,0,0
Sweden,SWE,2013,0.968275,0,0.6931471805599453,0.918,NA,NA,0,1,0,0,0,0
Sweden,SWE,2014,0.968275,0,0.6931471805599453,0.916,NA,NA,0,1,0,0,0,0
Sweden,SWE,2015,0.963475,0,0.6931471805599453,0.916,NA,NA,0,1,0,0,0,0
Sweden,SWE,2016,0.963475,0,0.6931471805599453,0.917,NA,NA,0,1,0,0,0,0
Sweden,SWE,2017,0.9675,0,0.6931471805599453,0.917,NA,NA,0,1,0,0,0,0
Sweden,SWE,2018,0.9799,0,0.6931471805599453,0.91,NA,NA,0,1,0,0,0,0
Sweden,SWE,2019,0.9801,0,0.6931471805599453,0.902,NA,NA,0,1,0,0,0,0
Sweden,SWE,2020,0.9807,0,0.6931471805599453,0.902,NA,NA,0,1,0,0,0,0
Sweden,SWE,2021,0.9805,0,0.6931471805599453,0.903,NA,NA,0,1,0,0,0,0
Sweden,SWE,2022,0.9795,0,0.6931471805599453,0.896,NA,NA,0,1,0,0,0,0
Sweden,SWE,2023,0.9339,0,0.6931471805599453,0.881,NA,NA,0,1,0,0,0,0
Sweden,SWE,2024,0.9339,0,0.6931471805599453,0.881,NA,NA,0,1,0,0,0,0
Switzerland,CHE,1940,0.927475,0,0.6931471805599453,0.597,NA,NA,0,1,0,0,0,0
Switzerland,CHE,1941,0.927475,0,0.6931471805599453,0.597,NA,NA,0,1,0,0,0,0
Switzerland,CHE,1942,0.927475,0,0.6931471805599453,0.597,NA,NA,0,1,0,0,0,0
Switzerland,CHE,1943,0.927475,0,0.6931471805599453,0.597,NA,NA,0,1,0,0,0,0
Switzerland,CHE,1944,0.927475,0,0.6931471805599453,0.601,NA,NA,0,1,0,0,0,0
Switzerland,CHE,1945,0.927475,0,0.6931471805599453,0.606,NA,NA,0,1,0,0,0,0
Switzerland,CHE,1946,0.927475,0,0.6931471805599453,0.62,NA,NA,0,1,0,0,0,0
Switzerland,CHE,1947,0.927475,0,0.6931471805599453,0.62,NA,NA,0,1,0,0,0,0
Switzerland,CHE,1948,0.927475,0,0.6931471805599453,0.619,NA,NA,0,1,0,0,0,0
Switzerland,CHE,1949,0.927475,0,0.6931471805599453,0.619,NA,NA,0,1,0,0,0,0
Switzerland,CHE,1950,0.927475,0,0.6931471805599453,0.619,NA,NA,0,1,0,0,0,0
Switzerland,CHE,1951,0.927475,0,0.6931471805599453,0.619,NA,NA,0,1,0,0,0,0
Switzerland,CHE,1952,0.927475,0,0.6931471805599453,0.619,NA,NA,0,1,0,0,0,0
Switzerland,CHE,1953,0.927475,0,0.6931471805599453,0.619,NA,NA,0,1,0,0,0,0
Switzerland,CHE,1954,0.927475,0,0.6931471805599453,0.619,NA,NA,0,1,0,0,0,0
Switzerland,CHE,1955,0.927475,0,0.6931471805599453,0.619,NA,NA,0,1,0,0,0,0
Switzerland,CHE,1956,0.927475,0,0.6931471805599453,0.617,NA,NA,0,1,0,0,0,0
Switzerland,CHE,1957,0.927475,0,0.6931471805599453,0.617,NA,NA,0,1,0,0,0,0
Switzerland,CHE,1958,0.927475,0,0.6931471805599453,0.617,NA,NA,0,1,0,0,0,0
Switzerland,CHE,1959,0.927475,0,0.6931471805599453,0.618,NA,NA,0,1,0,0,0,0
Switzerland,CHE,1960,0.927475,0,0.6931471805599453,0.622,NA,NA,0,1,0,0,0,0
Switzerland,CHE,1961,0.927475,0,0.6931471805599453,0.622,NA,NA,0,1,0,0,0,0
Switzerland,CHE,1962,0.927475,0,0.6931471805599453,0.622,NA,NA,0,1,0,0,0,0
Switzerland,CHE,1963,0.927475,0,0.6931471805599453,0.623,NA,NA,0,1,0,0,0,0
Switzerland,CHE,1964,0.927475,0,0.6931471805599453,0.624,NA,NA,0,1,0,0,0,0
Switzerland,CHE,1965,0.927475,0,0.6931471805599453,0.624,NA,NA,0,1,0,0,0,0
Switzerland,CHE,1966,0.927475,0,0.6931471805599453,0.624,NA,NA,0,1,0,0,0,0
Switzerland,CHE,1967,0.927475,0,0.6931471805599453,0.626,NA,NA,0,1,0,0,0,0
Switzerland,CHE,1968,0.927475,0,0.6931471805599453,0.625,NA,NA,0,1,0,0,0,0
Switzerland,CHE,1969,0.927475,0,0.6931471805599453,0.625,NA,NA,0,1,0,0,0,0
Switzerland,CHE,1970,0.927475,0,0.6931471805599453,0.627,NA,NA,0,1,0,0,0,0
Switzerland,CHE,1971,0.927475,0,0.6931471805599453,0.63,NA,NA,0,1,0,0,0,0
Switzerland,CHE,1972,0.927475,0,0.6931471805599453,0.856,NA,NA,0,1,0,0,0,0
Switzerland,CHE,1973,0.927475,0,0.6931471805599453,0.856,NA,NA,0,1,0,0,0,0
Switzerland,CHE,1974,0.938075,0,0.6931471805599453,0.856,NA,NA,0,1,0,0,0,0
Switzerland,CHE,1975,0.938075,0,0.6931471805599453,0.861,NA,NA,0,1,0,0,0,0
Switzerland,CHE,1976,0.938075,0,0.6931471805599453,0.862,NA,NA,0,1,0,0,0,0
Switzerland,CHE,1977,0.938075,0,0.6931471805599453,0.868,NA,NA,0,1,0,0,0,0
Switzerland,CHE,1978,0.938075,0,0.6931471805599453,0.868,NA,NA,0,1,0,0,0,0
Switzerland,CHE,1979,0.938075,0,0.6931471805599453,0.867,NA,NA,0,1,0,0,0,0
Switzerland,CHE,1980,0.938075,0,0.6931471805599453,0.871,NA,NA,0,1,0,0,0,0
Switzerland,CHE,1981,0.938075,0,0.6931471805599453,0.871,NA,NA,0,1,0,0,0,0
Switzerland,CHE,1982,0.938075,0,0.6931471805599453,0.871,NA,NA,0,1,0,0,0,0
Switzerland,CHE,1983,0.938075,0,0.6931471805599453,0.871,NA,NA,0,1,0,0,0,0
Switzerland,CHE,1984,0.938075,0,0.6931471805599453,0.871,NA,NA,0,1,0,0,0,0
Switzerland,CHE,1985,0.938075,0,0.6931471805599453,0.871,NA,NA,0,1,0,0,0,0
Switzerland,CHE,1986,0.938075,0,0.6931471805599453,0.871,NA,NA,0,1,0,0,0,0
Switzerland,CHE,1987,0.938075,0,0.6931471805599453,0.871,NA,NA,0,1,0,0,0,0
Switzerland,CHE,1988,0.938075,0,0.6931471805599453,0.871,NA,NA,0,1,0,0,0,0
Switzerland,CHE,1989,0.938075,0,0.6931471805599453,0.876,NA,NA,0,1,0,0,0,0
Switzerland,CHE,1990,0.950975,0,0.6931471805599453,0.886,NA,NA,0,1,0,0,0,0
Switzerland,CHE,1991,0.950975,0,0.6931471805599453,0.886,NA,NA,0,1,0,0,0,0
Switzerland,CHE,1992,0.950975,0,0.6931471805599453,0.883,NA,NA,0,1,0,0,0,0
Switzerland,CHE,1993,0.950975,0,0.6931471805599453,0.883,NA,NA,0,1,0,0,0,0
Switzerland,CHE,1994,0.950975,0,0.6931471805599453,0.883,NA,NA,0,1,0,0,0,0
Switzerland,CHE,1995,0.950975,0,0.6931471805599453,0.884,NA,NA,0,1,0,0,0,0
Switzerland,CHE,1996,0.950975,0,0.6931471805599453,0.889,NA,NA,0,1,0,0,0,0
Switzerland,CHE,1997,0.950975,0,0.6931471805599453,0.889,NA,NA,0,1,0,0,0,0
Switzerland,CHE,1998,0.950975,0,0.6931471805599453,0.889,NA,NA,0,1,0,0,0,0
Switzerland,CHE,1999,0.950975,0,0.6931471805599453,0.889,NA,NA,0,1,0,0,0,0
Switzerland,CHE,2000,0.950975,0,0.6931471805599453,0.889,NA,NA,0,1,0,0,0,0
Switzerland,CHE,2001,0.950975,0,0.6931471805599453,0.889,NA,NA,0,1,0,0,0,0
Switzerland,CHE,2002,0.950975,0,0.6931471805599453,0.889,NA,NA,0,1,0,0,0,0
Switzerland,CHE,2003,0.950975,0,0.6931471805599453,0.889,NA,NA,0,1,0,0,0,0
Switzerland,CHE,2004,0.950975,0,0.6931471805599453,0.888,NA,NA,0,1,0,0,0,0
Switzerland,CHE,2005,0.950975,0,0.6931471805599453,0.888,NA,NA,0,1,0,0,0,0
Switzerland,CHE,2006,0.950975,0,0.6931471805599453,0.888,NA,NA,0,1,0,0,0,0
Switzerland,CHE,2007,0.950975,0,0.6931471805599453,0.89,NA,NA,0,1,0,0,0,0
Switzerland,CHE,2008,0.950975,0,0.6931471805599453,0.897,NA,NA,0,1,0,0,0,0
Switzerland,CHE,2009,0.950975,0,0.6931471805599453,0.897,NA,NA,0,1,0,0,0,0
Switzerland,CHE,2010,0.950975,0,0.6931471805599453,0.897,NA,NA,0,1,0,0,0,0
Switzerland,CHE,2011,0.950975,0,0.6931471805599453,0.898,NA,NA,0,1,0,0,0,0
Switzerland,CHE,2012,0.950975,0,0.6931471805599453,0.905,NA,NA,0,1,0,0,0,0
Switzerland,CHE,2013,0.951175,0,0.6931471805599453,0.905,NA,NA,0,1,0,0,0,0
Switzerland,CHE,2014,0.951175,0,0.6931471805599453,0.905,NA,NA,0,1,0,0,0,0
Switzerland,CHE,2015,0.954175,0,0.6931471805599453,0.904,NA,NA,0,1,0,0,0,0
Switzerland,CHE,2016,0.954175,0,0.6931471805599453,0.903,NA,NA,0,1,0,0,0,0
Switzerland,CHE,2017,0.952775,0,0.6931471805599453,0.907,NA,NA,0,1,0,0,0,0
Switzerland,CHE,2018,0.9646,0,0.6931471805599453,0.907,NA,NA,0,1,0,0,0,0
Switzerland,CHE,2019,0.9646,0,0.6931471805599453,0.906,NA,NA,0,1,0,0,0,0
Switzerland,CHE,2020,0.9644,0,0.6931471805599453,0.902,NA,NA,0,1,0,0,0,0
Switzerland,CHE,2021,0.9656,0,0.6931471805599453,0.896,NA,NA,0,1,0,0,0,0
Switzerland,CHE,2022,0.9656,0,0.6931471805599453,0.896,NA,NA,0,1,0,0,0,0
Switzerland,CHE,2023,0.9656,0,0.6931471805599453,0.887,NA,NA,0,1,0,0,0,0
Switzerland,CHE,2024,0.9656,0,0.6931471805599453,0.894,NA,NA,0,1,0,0,0,0
Ghana,GHA,1940,0.538675,0,0,0.079,0,NA,1,0,0,0,1,0
Ghana,GHA,1941,0.538675,0,0,0.079,0,NA,1,0,0,0,1,0
Ghana,GHA,1942,0.538675,0,0,0.079,0,NA,1,0,0,0,1,0
Ghana,GHA,1943,0.538675,0,0,0.079,0,NA,1,0,0,0,1,0
Ghana,GHA,1944,0.538675,0,0,0.079,0,NA,1,0,0,0,1,0
Ghana,GHA,1945,0.538675,0,0,0.085,0,NA,1,0,0,0,1,0
Ghana,GHA,1946,0.55215,0,0,0.095,0,NA,1,0,0,0,1,0
Ghana,GHA,1947,0.55715,0,0,0.105,0,NA,1,0,0,0,1,0
Ghana,GHA,1948,0.55715,0,0,0.105,0,NA,1,0,0,0,1,0
Ghana,GHA,1949,0.55715,0,0,0.108,0,NA,1,0,0,0,1,0
Ghana,GHA,1950,0.58615,0,0,0.107,0,NA,1,0,0,0,1,0
Ghana,GHA,1951,0.58525,0,0,0.282,0,NA,1,0,0,0,1,0
Ghana,GHA,1952,0.58525,0,0,0.291,0,NA,1,0,0,0,1,0
Ghana,GHA,1953,0.58525,0,0,0.292,0,NA,1,0,0,0,1,0
Ghana,GHA,1954,0.631325,0,0,0.293,0,NA,1,0,0,0,1,0
Ghana,GHA,1955,0.631325,0,0,0.29,0,NA,1,0,0,0,1,0
Ghana,GHA,1956,0.647525,0,0,0.29,0,NA,1,0,0,0,1,0
Ghana,GHA,1957,0.641775,0,0,0.436,0,NA,1,0,0,0,1,0
Ghana,GHA,1958,0.638425,0,0,0.4,0,NA,1,0,0,0,1,0
Ghana,GHA,1959,0.638425,0,0,0.392,0,NA,1,0,0,0,1,0
Ghana,GHA,1960,0.644075,0,0,0.351,0,NA,1,0,0,0,1,0
Ghana,GHA,1961,0.5514,0,0,0.311,0,NA,1,0,0,0,1,0
Ghana,GHA,1962,0.5054,0,0,0.296,0,NA,1,0,0,0,1,0
Ghana,GHA,1963,0.5033,0,0,0.294,0,NA,1,0,0,0,1,0
Ghana,GHA,1964,0.5023,0,0,0.287,0,NA,1,0,0,0,1,0
Ghana,GHA,1965,0.5023,0,0,0.259,0,NA,1,0,0,0,1,0
Ghana,GHA,1966,0.41355,0,0,0.149,0,NA,1,0,0,0,1,0
Ghana,GHA,1967,0.399425,0,0,0.142,0,NA,1,0,0,0,1,0
Ghana,GHA,1968,0.399425,0,0,0.143,0,NA,1,0,0,0,1,0
Ghana,GHA,1969,0.502025,0,0,0.248,0,NA,1,0,0,0,1,0
Ghana,GHA,1970,0.534575,0,0,0.387,0,NA,1,0,0,0,1,0
Ghana,GHA,1971,0.536575,0,0,0.439,0,NA,1,0,0,0,1,0
Ghana,GHA,1972,0.3572,0,0,0.148,0,NA,1,0,0,0,1,0
Ghana,GHA,1973,0.330825,0,0,0.112,0,NA,1,0,0,0,1,0
Ghana,GHA,1974,0.330825,0,0,0.114,0,NA,1,0,0,0,1,0
Ghana,GHA,1975,0.330825,0,0,0.113,0,NA,1,0,0,0,1,0
Ghana,GHA,1976,0.330825,0,0,0.113,0,NA,1,0,0,0,1,0
Ghana,GHA,1977,0.330825,0,0,0.113,0,NA,1,0,0,0,1,0
Ghana,GHA,1978,0.330825,0,0,0.116,0,NA,1,0,0,0,1,0
Ghana,GHA,1979,0.469425,0,0,0.307,0,NA,1,0,0,0,1,0
Ghana,GHA,1980,0.507125,1,0.6931471805599453,0.542,4.304065093204169,NA,1,0,0,0,1,0
Ghana,GHA,1981,0.464625,0,0,0.255,0,NA,1,0,0,0,1,0
Ghana,GHA,1982,0.32655,0,0,0.11,0,NA,1,0,0,0,1,0
Ghana,GHA,1983,0.32655,0,0,0.102,0,NA,1,0,0,0,1,0
Ghana,GHA,1984,0.32655,0,0,0.1,0,NA,1,0,0,0,1,0
Ghana,GHA,1985,0.3316,0,0,0.101,0,NA,1,0,0,0,1,0
Ghana,GHA,1986,0.3324,0,0,0.101,0,NA,1,0,0,0,1,0
Ghana,GHA,1987,0.3324,0,0,0.101,0,NA,1,0,0,0,1,0
Ghana,GHA,1988,0.336,0,0,0.101,0,NA,1,0,0,0,1,0
Ghana,GHA,1989,0.3316,0,0,0.101,0,NA,1,0,0,0,1,0
Ghana,GHA,1990,0.33635,0,0,0.105,0,NA,1,0,0,0,1,0
Ghana,GHA,1991,0.33635,0,0,0.107,0,NA,1,0,0,0,1,0
Ghana,GHA,1992,0.32315,0,0,0.174,0,NA,1,0,0,0,1,0
Ghana,GHA,1993,0.48985,0,0,0.441,0,NA,1,0,0,0,1,0
Ghana,GHA,1994,0.544775,0,0,0.477,0,NA,1,0,0,0,1,0
Ghana,GHA,1995,0.544775,0,0,0.493,0,NA,1,0,0,0,1,0
Ghana,GHA,1996,0.550975,1,1.0986122886681096,0.519,4.465908118654584,NA,1,0,0,0,1,0
Ghana,GHA,1997,0.553525,0,1.0986122886681096,0.602,4.477336814478207,NA,1,0,0,0,1,0
Ghana,GHA,1998,0.553925,0,1.0986122886681096,0.602,4.48863636973214,NA,1,0,0,0,1,0
Ghana,GHA,1999,0.553925,0,1.0986122886681096,0.607,4.499809670330265,NA,1,0,0,0,1,0
Ghana,GHA,2000,0.591825,0,1.0986122886681096,0.671,4.51085950651685,NA,1,0,0,0,1,0
Ghana,GHA,2001,0.591825,0,1.0986122886681096,0.726,4.5217885770490405,NA,1,0,0,0,1,0
Ghana,GHA,2002,0.587225,0,1.0986122886681096,0.733,4.532599493153256,NA,1,0,0,0,1,0
Ghana,GHA,2003,0.601025,0,1.0986122886681096,0.733,4.532599493153256,NA,1,0,0,0,1,0
Ghana,GHA,2004,0.601025,0,1.0986122886681096,0.744,4.543294782270004,NA,1,0,0,0,1,0
Ghana,GHA,2005,0.601025,0,1.0986122886681096,0.736,4.553876891600541,NA,1,0,0,0,1,0
Ghana,GHA,2006,0.601025,0,1.0986122886681096,0.736,4.564348191467836,NA,1,0,0,0,1,0
Ghana,GHA,2007,0.600625,0,1.0986122886681096,0.738,4.574710978503383,NA,1,0,0,0,1,0
Ghana,GHA,2008,0.600625,0,1.0986122886681096,0.737,4.584967478670572,NA,1,0,0,0,1,0
Ghana,GHA,2009,0.600625,0,1.0986122886681096,0.759,4.59511985013459,NA,1,0,0,0,1,0
Ghana,GHA,2010,0.604825,0,1.0986122886681096,0.766,4.605170185988092,NA,1,0,0,0,1,0
Ghana,GHA,2011,0.604825,0,1.0986122886681096,0.766,4.61512051684126,NA,1,0,0,0,1,0
Ghana,GHA,2012,0.5998,0,1.0986122886681096,0.776,4.624972813284271,NA,1,0,0,0,1,0
Ghana,GHA,2013,0.59015,0,1.0986122886681096,0.756,4.634728988229636,NA,1,0,0,0,1,0
Ghana,GHA,2014,0.59015,0,1.0986122886681096,0.747,4.6443908991413725,NA,1,0,0,0,1,0
Ghana,GHA,2015,0.551725,0,1.0986122886681096,0.74,4.6443908991413725,NA,1,0,0,0,1,0
Ghana,GHA,2016,0.5756,0,1.0986122886681096,0.731,4.653960350157523,NA,1,0,0,0,1,0
Ghana,GHA,2017,0.584,0,1.0986122886681096,0.743,4.663439094112067,NA,1,0,0,0,1,0
Ghana,GHA,2018,0.57665,0,1.0986122886681096,0.742,4.672828834461906,NA,1,0,0,0,1,0
Ghana,GHA,2019,0.563975,0,1.0986122886681096,0.722,4.68213122712422,NA,1,0,0,0,1,0
Ghana,GHA,2020,0.57425,0,1.0986122886681096,0.719,4.6913478822291435,NA,1,0,0,0,1,0
Ghana,GHA,2021,0.54625,0,1.0986122886681096,0.665,4.700480365792417,NA,1,0,0,0,1,0
Ghana,GHA,2022,0.55105,0,1.0986122886681096,0.662,4.709530201312334,NA,1,0,0,0,1,0
Ghana,GHA,2023,0.54645,0,1.0986122886681096,0.664,4.718498871295094,NA,1,0,0,0,1,0
Ghana,GHA,2024,0.54425,0,1.0986122886681096,0.669,4.727387818712341,NA,1,0,0,0,1,0
South Africa,ZAF,1940,0.37105,0,0,0.234,0,NA,1,0,0,0,1,0
South Africa,ZAF,1941,0.37105,0,0,0.234,0,NA,1,0,0,0,1,0
South Africa,ZAF,1942,0.37105,0,0,0.234,0,NA,1,0,0,0,1,0
South Africa,ZAF,1943,0.37105,0,0,0.235,0,NA,1,0,0,0,1,0
South Africa,ZAF,1944,0.37105,0,0,0.236,0,NA,1,0,0,0,1,0
South Africa,ZAF,1945,0.37105,0,0,0.236,0,NA,1,0,0,0,1,0
South Africa,ZAF,1946,0.37105,0,0,0.236,0,NA,1,0,0,0,1,0
South Africa,ZAF,1947,0.37105,0,0,0.232,0,NA,1,0,0,0,1,0
South Africa,ZAF,1948,0.373575,0,0,0.207,0,NA,1,0,0,0,1,0
South Africa,ZAF,1949,0.3846,0,0,0.202,0,NA,1,0,0,0,1,0
South Africa,ZAF,1950,0.37435,0,0,0.2,0,NA,1,0,0,0,1,0
South Africa,ZAF,1951,0.37435,0,0,0.2,0,NA,1,0,0,0,1,0
South Africa,ZAF,1952,0.37435,0,0,0.2,0,NA,1,0,0,0,1,0
South Africa,ZAF,1953,0.37435,0,0,0.195,0,NA,1,0,0,0,1,0
South Africa,ZAF,1954,0.37435,0,0,0.193,0,NA,1,0,0,0,1,0
South Africa,ZAF,1955,0.37435,0,0,0.193,0,NA,1,0,0,0,1,0
South Africa,ZAF,1956,0.37435,0,0,0.193,0,NA,1,0,0,0,1,0
South Africa,ZAF,1957,0.37435,0,0,0.193,0,NA,1,0,0,0,1,0
South Africa,ZAF,1958,0.37435,0,0,0.194,0,NA,1,0,0,0,1,0
South Africa,ZAF,1959,0.37435,0,0,0.194,0,NA,1,0,0,0,1,0
South Africa,ZAF,1960,0.37835,0,0,0.189,0,NA,1,0,0,0,1,0
South Africa,ZAF,1961,0.37835,0,0,0.159,0,NA,1,0,0,0,1,0
South Africa,ZAF,1962,0.37835,0,0,0.168,0,NA,1,0,0,0,1,0
South Africa,ZAF,1963,0.37835,0,0,0.168,0,NA,1,0,0,0,1,0
South Africa,ZAF,1964,0.37835,0,0,0.164,0,NA,1,0,0,0,1,0
South Africa,ZAF,1965,0.37835,0,0,0.164,0,NA,1,0,0,0,1,0
South Africa,ZAF,1966,0.37835,0,0,0.164,0,NA,1,0,0,0,1,0
South Africa,ZAF,1967,0.37835,0,0,0.164,0,NA,1,0,0,0,1,0
South Africa,ZAF,1968,0.37835,0,0,0.164,0,NA,1,0,0,0,1,0
South Africa,ZAF,1969,0.37835,0,0,0.164,0,NA,1,0,0,0,1,0
South Africa,ZAF,1970,0.37835,0,0,0.164,0,NA,1,0,0,0,1,0
South Africa,ZAF,1971,0.373625,0,0,0.165,0,NA,1,0,0,0,1,0
South Africa,ZAF,1972,0.37755,0,0,0.165,0,NA,1,0,0,0,1,0
South Africa,ZAF,1973,0.37755,0,0,0.165,0,NA,1,0,0,0,1,0
South Africa,ZAF,1974,0.37755,0,0,0.165,0,NA,1,0,0,0,1,0
South Africa,ZAF,1975,0.37755,0,0,0.165,0,NA,1,0,0,0,1,0
South Africa,ZAF,1976,0.37755,0,0,0.165,0,NA,1,0,0,0,1,0
South Africa,ZAF,1977,0.37755,0,0,0.162,0,NA,1,0,0,0,1,0
South Africa,ZAF,1978,0.37755,0,0,0.163,0,NA,1,0,0,0,1,0
South Africa,ZAF,1979,0.37755,0,0,0.163,0,NA,1,0,0,0,1,0
South Africa,ZAF,1980,0.3867,0,0,0.162,0,NA,1,0,0,0,1,0
South Africa,ZAF,1981,0.3867,0,0,0.178,0,NA,1,0,0,0,1,0
South Africa,ZAF,1982,0.3867,0,0,0.178,0,NA,1,0,0,0,1,0
South Africa,ZAF,1983,0.3867,0,0,0.178,0,NA,1,0,0,0,1,0
South Africa,ZAF,1984,0.3867,0,0,0.179,0,NA,1,0,0,0,1,0
South Africa,ZAF,1985,0.3867,0,0,0.18,0,NA,1,0,0,0,1,0
South Africa,ZAF,1986,0.3867,0,0,0.18,0,NA,1,0,0,0,1,0
South Africa,ZAF,1987,0.3867,0,0,0.178,0,NA,1,0,0,0,1,0
South Africa,ZAF,1988,0.3867,0,0,0.178,0,NA,1,0,0,0,1,0
South Africa,ZAF,1989,0.390125,0,0,0.186,0,NA,1,0,0,0,1,0
South Africa,ZAF,1990,0.423025,0,0,0.223,0,NA,1,0,0,0,1,0
South Africa,ZAF,1991,0.423025,0,0,0.253,0,NA,1,0,0,0,1,0
South Africa,ZAF,1992,0.423025,0,0,0.253,0,NA,1,0,0,0,1,0
South Africa,ZAF,1993,0.423025,0,0,0.264,0,NA,1,0,0,0,1,0
South Africa,ZAF,1994,0.67095,0,0,0.391,0,NA,1,0,0,0,1,0
South Africa,ZAF,1995,0.703325,1,0.6931471805599453,0.654,4.532599493153256,NA,1,0,0,0,1,0
South Africa,ZAF,1996,0.704325,0,0.6931471805599453,0.659,4.532599493153256,NA,1,0,0,0,1,0
South Africa,ZAF,1997,0.704325,0,0.6931471805599453,0.659,4.543294782270004,NA,1,0,0,0,1,0
South Africa,ZAF,1998,0.704325,0,0.6931471805599453,0.664,4.553876891600541,NA,1,0,0,0,1,0
South Africa,ZAF,1999,0.704325,0,0.6931471805599453,0.705,4.564348191467836,NA,1,0,0,0,1,0
South Africa,ZAF,2000,0.713525,0,0.6931471805599453,0.743,4.574710978503383,NA,1,0,0,0,1,0
South Africa,ZAF,2001,0.713525,0,0.6931471805599453,0.743,4.584967478670572,NA,1,0,0,0,1,0
South Africa,ZAF,2002,0.713525,0,0.6931471805599453,0.743,4.59511985013459,NA,1,0,0,0,1,0
South Africa,ZAF,2003,0.71035,0,0.6931471805599453,0.743,4.605170185988092,NA,1,0,0,0,1,0
South Africa,ZAF,2004,0.71035,0,0.6931471805599453,0.759,4.61512051684126,NA,1,0,0,0,1,0
South Africa,ZAF,2005,0.71035,0,0.6931471805599453,0.77,4.624972813284271,NA,1,0,0,0,1,0
South Africa,ZAF,2006,0.71015,0,0.6931471805599453,0.768,4.634728988229636,NA,1,0,0,0,1,0
South Africa,ZAF,2007,0.70765,0,0.6931471805599453,0.768,4.6443908991413725,NA,1,0,0,0,1,0
South Africa,ZAF,2008,0.70805,0,0.6931471805599453,0.766,4.653960350157523,NA,1,0,0,0,1,0
South Africa,ZAF,2009,0.68825,0,0.6931471805599453,0.767,4.663439094112067,NA,1,0,0,0,1,0
South Africa,ZAF,2010,0.6928,0,0.6931471805599453,0.77,4.672828834461906,NA,1,0,0,0,1,0
South Africa,ZAF,2011,0.689,0,0.6931471805599453,0.77,4.68213122712422,NA,1,0,0,0,1,0
South Africa,ZAF,2012,0.6875,0,0.6931471805599453,0.772,4.6913478822291435,NA,1,0,0,0,1,0
South Africa,ZAF,2013,0.66725,0,0.6931471805599453,0.76,4.6913478822291435,NA,1,0,0,0,1,0
South Africa,ZAF,2014,0.66425,0,0.6931471805599453,0.752,4.700480365792417,NA,1,0,0,0,1,0
South Africa,ZAF,2015,0.6505,0,0.6931471805599453,0.755,4.709530201312334,NA,1,0,0,0,1,0
South Africa,ZAF,2016,0.6505,0,0.6931471805599453,0.752,4.718498871295094,NA,1,0,0,0,1,0
South Africa,ZAF,2017,0.6073,0,0.6931471805599453,0.743,4.727387818712341,NA,1,0,0,0,1,0
South Africa,ZAF,2018,0.6062,0,0.6931471805599453,0.747,4.736198448394496,NA,1,0,0,0,1,0
South Africa,ZAF,2019,0.6208,0,0.6931471805599453,0.721,4.74493212836325,NA,1,0,0,0,1,0
South Africa,ZAF,2020,0.655925,0,0.6931471805599453,0.723,4.7535901911063645,NA,1,0,0,0,1,0
South Africa,ZAF,2021,0.638525,0,0.6931471805599453,0.725,4.762173934797756,NA,1,0,0,0,1,0
South Africa,ZAF,2022,0.639775,0,0.6931471805599453,0.713,4.770684624465665,NA,1,0,0,0,1,0
South Africa,ZAF,2023,0.649375,0,0.6931471805599453,0.705,4.77912349311153,NA,1,0,0,0,1,0
South Africa,ZAF,2024,0.641375,0,0.6931471805599453,0.734,4.77912349311153,NA,1,0,0,0,1,0
Japan,JPN,1940,0.78245,0,0,0.148,NA,NA,0,1,0,0,0,1
Japan,JPN,1941,0.78245,0,0,0.149,NA,NA,0,1,0,0,0,1
Japan,JPN,1942,0.78245,0,0,0.14,NA,NA,0,1,0,0,0,1
Japan,JPN,1943,0.78245,0,0,0.137,NA,NA,0,1,0,0,0,1
Japan,JPN,1944,0.78245,0,0,0.137,NA,NA,0,1,0,0,0,1
Japan,JPN,1945,0.78245,0,0,0.183,NA,NA,0,1,0,0,0,1
Japan,JPN,1946,0.83145,0,0,0.311,NA,NA,0,1,0,0,0,1
Japan,JPN,1947,0.83685,0,0,0.371,NA,NA,0,1,0,0,0,1
Japan,JPN,1948,0.86485,0,0,0.372,NA,NA,0,1,0,0,0,1
Japan,JPN,1949,0.86485,0,0,0.375,NA,NA,0,1,0,0,0,1
Japan,JPN,1950,0.86485,0,0,0.376,NA,NA,0,1,0,0,0,1
Japan,JPN,1951,0.86485,0,0,0.376,NA,NA,0,1,0,0,0,1
Japan,JPN,1952,0.86485,1,0.6931471805599453,0.617,NA,NA,0,1,0,0,0,1
Japan,JPN,1953,0.89005,0,0.6931471805599453,0.785,NA,NA,0,1,0,0,0,1
Japan,JPN,1954,0.89005,0,0.6931471805599453,0.785,NA,NA,0,1,0,0,0,1
Japan,JPN,1955,0.89045,0,0.6931471805599453,0.819,NA,NA,0,1,0,0,0,1
Japan,JPN,1956,0.89045,0,0.6931471805599453,0.828,NA,NA,0,1,0,0,0,1
Japan,JPN,1957,0.88985,0,0.6931471805599453,0.828,NA,NA,0,1,0,0,0,1
Japan,JPN,1958,0.89105,0,0.6931471805599453,0.835,NA,NA,0,1,0,0,0,1
Japan,JPN,1959,0.89105,0,0.6931471805599453,0.839,NA,NA,0,1,0,0,0,1
Japan,JPN,1960,0.89105,0,0.6931471805599453,0.839,NA,NA,0,1,0,0,0,1
Japan,JPN,1961,0.89105,0,0.6931471805599453,0.837,NA,NA,0,1,0,0,0,1
Japan,JPN,1962,0.89105,0,0.6931471805599453,0.837,NA,NA,0,1,0,0,0,1
Japan,JPN,1963,0.89105,0,0.6931471805599453,0.837,NA,NA,0,1,0,0,0,1
Japan,JPN,1964,0.89105,0,0.6931471805599453,0.842,NA,NA,0,1,0,0,0,1
Japan,JPN,1965,0.89105,0,0.6931471805599453,0.842,NA,NA,0,1,0,0,0,1
Japan,JPN,1966,0.89105,0,0.6931471805599453,0.842,NA,NA,0,1,0,0,0,1
Japan,JPN,1967,0.89105,0,0.6931471805599453,0.839,NA,NA,0,1,0,0,0,1
Japan,JPN,1968,0.89105,0,0.6931471805599453,0.839,NA,NA,0,1,0,0,0,1
Japan,JPN,1969,0.89105,0,0.6931471805599453,0.839,NA,NA,0,1,0,0,0,1
Japan,JPN,1970,0.89105,0,0.6931471805599453,0.838,NA,NA,0,1,0,0,0,1
Japan,JPN,1971,0.89185,0,0.6931471805599453,0.841,NA,NA,0,1,0,0,0,1
Japan,JPN,1972,0.89185,0,0.6931471805599453,0.841,NA,NA,0,1,0,0,0,1
Japan,JPN,1973,0.89185,0,0.6931471805599453,0.842,NA,NA,0,1,0,0,0,1
Japan,JPN,1974,0.89185,0,0.6931471805599453,0.842,NA,NA,0,1,0,0,0,1
Japan,JPN,1975,0.89185,0,0.6931471805599453,0.842,NA,NA,0,1,0,0,0,1
Japan,JPN,1976,0.89185,0,0.6931471805599453,0.842,NA,NA,0,1,0,0,0,1
Japan,JPN,1977,0.89185,0,0.6931471805599453,0.841,NA,NA,0,1,0,0,0,1
Japan,JPN,1978,0.89185,0,0.6931471805599453,0.841,NA,NA,0,1,0,0,0,1
Japan,JPN,1979,0.89185,0,0.6931471805599453,0.84,NA,NA,0,1,0,0,0,1
Japan,JPN,1980,0.89065,0,0.6931471805599453,0.842,NA,NA,0,1,0,0,0,1
Japan,JPN,1981,0.89065,0,0.6931471805599453,0.842,NA,NA,0,1,0,0,0,1
Japan,JPN,1982,0.89165,0,0.6931471805599453,0.842,NA,NA,0,1,0,0,0,1
Japan,JPN,1983,0.89165,0,0.6931471805599453,0.843,NA,NA,0,1,0,0,0,1
Japan,JPN,1984,0.89165,0,0.6931471805599453,0.843,NA,NA,0,1,0,0,0,1
Japan,JPN,1985,0.89165,0,0.6931471805599453,0.845,NA,NA,0,1,0,0,0,1
Japan,JPN,1986,0.89165,0,0.6931471805599453,0.844,NA,NA,0,1,0,0,0,1
Japan,JPN,1987,0.89165,0,0.6931471805599453,0.842,NA,NA,0,1,0,0,0,1
Japan,JPN,1988,0.89165,0,0.6931471805599453,0.842,NA,NA,0,1,0,0,0,1
Japan,JPN,1989,0.89165,0,0.6931471805599453,0.842,NA,NA,0,1,0,0,0,1
Japan,JPN,1990,0.89165,0,0.6931471805599453,0.845,NA,NA,0,1,0,0,0,1
Japan,JPN,1991,0.89165,0,0.6931471805599453,0.844,NA,NA,0,1,0,0,0,1
Japan,JPN,1992,0.89165,0,0.6931471805599453,0.844,NA,NA,0,1,0,0,0,1
Japan,JPN,1993,0.89165,0,0.6931471805599453,0.845,NA,NA,0,1,0,0,0,1
Japan,JPN,1994,0.89145,0,0.6931471805599453,0.845,NA,NA,0,1,0,0,0,1
Japan,JPN,1995,0.89145,0,0.6931471805599453,0.845,NA,NA,0,1,0,0,0,1
Japan,JPN,1996,0.89145,0,0.6931471805599453,0.845,NA,NA,0,1,0,0,0,1
Japan,JPN,1997,0.89145,0,0.6931471805599453,0.844,NA,NA,0,1,0,0,0,1
Japan,JPN,1998,0.89425,0,0.6931471805599453,0.844,NA,NA,0,1,0,0,0,1
Japan,JPN,1999,0.89425,0,0.6931471805599453,0.844,NA,NA,0,1,0,0,0,1
Japan,JPN,2000,0.89425,0,0.6931471805599453,0.845,NA,NA,0,1,0,0,0,1
Japan,JPN,2001,0.89425,0,0.6931471805599453,0.845,NA,NA,0,1,0,0,0,1
Japan,JPN,2002,0.89425,0,0.6931471805599453,0.845,NA,NA,0,1,0,0,0,1
Japan,JPN,2003,0.89425,0,0.6931471805599453,0.845,NA,NA,0,1,0,0,0,1
Japan,JPN,2004,0.89425,0,0.6931471805599453,0.845,NA,NA,0,1,0,0,0,1
Japan,JPN,2005,0.89425,0,0.6931471805599453,0.847,NA,NA,0,1,0,0,0,1
Japan,JPN,2006,0.89425,0,0.6931471805599453,0.852,NA,NA,0,1,0,0,0,1
Japan,JPN,2007,0.89425,0,0.6931471805599453,0.852,NA,NA,0,1,0,0,0,1
Japan,JPN,2008,0.89425,0,0.6931471805599453,0.857,NA,NA,0,1,0,0,0,1
Japan,JPN,2009,0.89425,0,0.6931471805599453,0.859,NA,NA,0,1,0,0,0,1
Japan,JPN,2010,0.89425,0,0.6931471805599453,0.857,NA,NA,0,1,0,0,0,1
Japan,JPN,2011,0.89425,0,0.6931471805599453,0.857,NA,NA,0,1,0,0,0,1
Japan,JPN,2012,0.89425,0,0.6931471805599453,0.85,NA,NA,0,1,0,0,0,1
Japan,JPN,2013,0.886875,0,0.6931471805599453,0.823,NA,NA,0,1,0,0,0,1
Japan,JPN,2014,0.886075,0,0.6931471805599453,0.823,NA,NA,0,1,0,0,0,1
Japan,JPN,2015,0.886275,0,0.6931471805599453,0.825,NA,NA,0,1,0,0,0,1
Japan,JPN,2016,0.885475,0,0.6931471805599453,0.825,NA,NA,0,1,0,0,0,1
Japan,JPN,2017,0.885475,0,0.6931471805599453,0.823,NA,NA,0,1,0,0,0,1
Japan,JPN,2018,0.885475,0,0.6931471805599453,0.84,NA,NA,0,1,0,0,0,1
Japan,JPN,2019,0.885475,0,0.6931471805599453,0.838,NA,NA,0,1,0,0,0,1
Japan,JPN,2020,0.88445,0,0.6931471805599453,0.836,NA,NA,0,1,0,0,0,1
Japan,JPN,2021,0.88885,0,0.6931471805599453,0.827,NA,NA,0,1,0,0,0,1
Japan,JPN,2022,0.88885,0,0.6931471805599453,0.823,NA,NA,0,1,0,0,0,1
Japan,JPN,2023,0.88905,0,0.6931471805599453,0.828,NA,NA,0,1,0,0,0,1
Japan,JPN,2024,0.88365,0,0.6931471805599453,0.82,NA,NA,0,1,0,0,0,1
Burma/Myanmar,MMR,1940,0.626675,0,0,0.222,NA,NA,1,0,0,0,0,1
Burma/Myanmar,MMR,1941,0.626675,0,0,0.215,NA,NA,1,0,0,0,0,1
Burma/Myanmar,MMR,1942,0.49675,0,0,0.114,NA,NA,1,0,0,0,0,1
Burma/Myanmar,MMR,1943,0.49115,0,0,0.092,NA,NA,1,0,0,0,0,1
Burma/Myanmar,MMR,1944,0.49115,0,0,0.095,NA,NA,1,0,0,0,0,1
Burma/Myanmar,MMR,1945,0.50055,0,0,0.13,NA,NA,1,0,0,0,0,1
Burma/Myanmar,MMR,1946,0.638325,0,0,0.165,NA,NA,1,0,0,0,0,1
Burma/Myanmar,MMR,1947,0.637925,0,0,0.193,NA,NA,1,0,0,0,0,1
Burma/Myanmar,MMR,1948,0.62665,0,0,0.219,NA,NA,1,0,0,0,0,1
Burma/Myanmar,MMR,1949,0.62665,0,0,0.223,NA,NA,1,0,0,0,0,1
Burma/Myanmar,MMR,1950,0.62665,0,0,0.223,NA,NA,1,0,0,0,0,1
Burma/Myanmar,MMR,1951,0.62665,0,0,0.256,NA,NA,1,0,0,0,0,1
Burma/Myanmar,MMR,1952,0.62665,0,0,0.392,NA,NA,1,0,0,0,0,1
Burma/Myanmar,MMR,1953,0.62665,0,0,0.429,NA,NA,1,0,0,0,0,1
Burma/Myanmar,MMR,1954,0.62665,0,0,0.429,NA,NA,1,0,0,0,0,1
Burma/Myanmar,MMR,1955,0.62665,0,0,0.429,NA,NA,1,0,0,0,0,1
Burma/Myanmar,MMR,1956,0.62665,0,0,0.423,NA,NA,1,0,0,0,0,1
Burma/Myanmar,MMR,1957,0.62665,0,0,0.42,NA,NA,1,0,0,0,0,1
Burma/Myanmar,MMR,1958,0.62245,0,0,0.402,NA,NA,1,0,0,0,0,1
Burma/Myanmar,MMR,1959,0.630175,0,0,0.402,NA,NA,1,0,0,0,0,1
Burma/Myanmar,MMR,1960,0.630775,0,0,0.416,NA,NA,1,0,0,0,0,1
Burma/Myanmar,MMR,1961,0.60225,0,0,0.422,NA,NA,1,0,0,0,0,1
Burma/Myanmar,MMR,1962,0.34935,0,0,0.129,NA,NA,1,0,0,0,0,1
Burma/Myanmar,MMR,1963,0.21225,0,0,0.077,NA,NA,1,0,0,0,0,1
Burma/Myanmar,MMR,1964,0.18485,0,0,0.069,NA,NA,1,0,0,0,0,1
Burma/Myanmar,MMR,1965,0.18485,0,0,0.069,NA,NA,1,0,0,0,0,1
Burma/Myanmar,MMR,1966,0.18365,0,0,0.069,NA,NA,1,0,0,0,0,1
Burma/Myanmar,MMR,1967,0.18365,0,0,0.069,NA,NA,1,0,0,0,0,1
Burma/Myanmar,MMR,1968,0.18365,0,0,0.069,NA,NA,1,0,0,0,0,1
Burma/Myanmar,MMR,1969,0.18365,0,0,0.069,NA,NA,1,0,0,0,0,1
Burma/Myanmar,MMR,1970,0.18365,0,0,0.069,NA,NA,1,0,0,0,0,1
Burma/Myanmar,MMR,1971,0.18365,0,0,0.069,NA,NA,1,0,0,0,0,1
Burma/Myanmar,MMR,1972,0.18365,0,0,0.069,NA,NA,1,0,0,0,0,1
Burma/Myanmar,MMR,1973,0.18365,0,0,0.069,NA,NA,1,0,0,0,0,1
Burma/Myanmar,MMR,1974,0.18565,0,0,0.073,NA,NA,1,0,0,0,0,1
Burma/Myanmar,MMR,1975,0.18565,0,0,0.073,NA,NA,1,0,0,0,0,1
Burma/Myanmar,MMR,1976,0.18565,0,0,0.135,NA,NA,1,0,0,0,0,1
Burma/Myanmar,MMR,1977,0.18565,0,0,0.135,NA,NA,1,0,0,0,0,1
Burma/Myanmar,MMR,1978,0.18565,0,0,0.135,NA,NA,1,0,0,0,0,1
Burma/Myanmar,MMR,1979,0.18565,0,0,0.135,NA,NA,1,0,0,0,0,1
Burma/Myanmar,MMR,1980,0.18565,0,0,0.137,NA,NA,1,0,0,0,0,1
Burma/Myanmar,MMR,1981,0.18565,0,0,0.137,NA,NA,1,0,0,0,0,1
Burma/Myanmar,MMR,1982,0.18565,0,0,0.137,NA,NA,1,0,0,0,0,1
Burma/Myanmar,MMR,1983,0.18565,0,0,0.137,NA,NA,1,0,0,0,0,1
Burma/Myanmar,MMR,1984,0.18565,0,0,0.137,NA,NA,1,0,0,0,0,1
Burma/Myanmar,MMR,1985,0.18565,0,0,0.137,NA,NA,1,0,0,0,0,1
Burma/Myanmar,MMR,1986,0.18565,0,0,0.137,NA,NA,1,0,0,0,0,1
Burma/Myanmar,MMR,1987,0.18565,0,0,0.137,NA,NA,1,0,0,0,0,1
Burma/Myanmar,MMR,1988,0.17215,0,0,0.124,NA,NA,1,0,0,0,0,1
Burma/Myanmar,MMR,1989,0.17015,0,0,0.089,NA,NA,1,0,0,0,0,1
Burma/Myanmar,MMR,1990,0.17035,0,0,0.115,NA,NA,1,0,0,0,0,1
Burma/Myanmar,MMR,1991,0.17035,0,0,0.094,NA,NA,1,0,0,0,0,1
Burma/Myanmar,MMR,1992,0.17035,0,0,0.094,NA,NA,1,0,0,0,0,1
Burma/Myanmar,MMR,1993,0.17035,0,0,0.094,NA,NA,1,0,0,0,0,1
Burma/Myanmar,MMR,1994,0.17035,0,0,0.094,NA,NA,1,0,0,0,0,1
Burma/Myanmar,MMR,1995,0.17035,0,0,0.094,NA,NA,1,0,0,0,0,1
Burma/Myanmar,MMR,1996,0.17035,0,0,0.094,NA,NA,1,0,0,0,0,1
Burma/Myanmar,MMR,1997,0.17035,0,0,0.094,NA,NA,1,0,0,0,0,1
Burma/Myanmar,MMR,1998,0.17035,0,0,0.094,NA,NA,1,0,0,0,0,1
Burma/Myanmar,MMR,1999,0.17035,0,0,0.094,NA,NA,1,0,0,0,0,1
Burma/Myanmar,MMR,2000,0.1794,0,0,0.094,NA,NA,1,0,0,0,0,1
Burma/Myanmar,MMR,2001,0.1794,0,0,0.094,NA,NA,1,0,0,0,0,1
Burma/Myanmar,MMR,2002,0.1794,0,0,0.094,NA,NA,1,0,0,0,0,1
Burma/Myanmar,MMR,2003,0.1794,0,0,0.094,NA,NA,1,0,0,0,0,1
Burma/Myanmar,MMR,2004,0.1794,0,0,0.094,NA,NA,1,0,0,0,0,1
Burma/Myanmar,MMR,2005,0.1794,0,0,0.094,NA,NA,1,0,0,0,0,1
Burma/Myanmar,MMR,2006,0.1794,0,0,0.095,NA,NA,1,0,0,0,0,1
Burma/Myanmar,MMR,2007,0.1794,0,0,0.095,NA,NA,1,0,0,0,0,1
Burma/Myanmar,MMR,2008,0.1794,0,0,0.095,NA,NA,1,0,0,0,0,1
Burma/Myanmar,MMR,2009,0.1867,0,0,0.097,NA,NA,1,0,0,0,0,1
Burma/Myanmar,MMR,2010,0.2479,0,0,0.118,NA,NA,1,0,0,0,0,1
Burma/Myanmar,MMR,2011,0.330075,0,0,0.22,NA,NA,1,0,0,0,0,1
Burma/Myanmar,MMR,2012,0.347275,0,0,0.3,NA,NA,1,0,0,0,0,1
Burma/Myanmar,MMR,2013,0.401575,0,0,0.355,NA,NA,1,0,0,0,0,1
Burma/Myanmar,MMR,2014,0.417125,0,0,0.352,NA,NA,1,0,0,0,0,1
Burma/Myanmar,MMR,2015,0.4564,0,0,0.366,NA,NA,1,0,0,0,0,1
Burma/Myanmar,MMR,2016,0.5188,0,0,0.399,NA,NA,1,0,0,0,0,1
Burma/Myanmar,MMR,2017,0.533475,0,0,0.4,NA,NA,1,0,0,0,0,1
Burma/Myanmar,MMR,2018,0.550525,0,0,0.395,NA,NA,1,0,0,0,0,1
Burma/Myanmar,MMR,2019,0.57015,0,0,0.422,NA,NA,1,0,0,0,0,1
Burma/Myanmar,MMR,2020,0.5755,0,0,0.427,NA,NA,1,0,0,0,0,1
Burma/Myanmar,MMR,2021,0.205825,0,0,0.107,NA,NA,1,0,0,0,0,1
Burma/Myanmar,MMR,2022,0.2147,0,0,0.092,NA,NA,1,0,0,0,0,1
Burma/Myanmar,MMR,2023,0.2085,0,0,0.08,NA,NA,1,0,0,0,0,1
Burma/Myanmar,MMR,2024,0.1955,0,0,0.083,NA,NA,1,0,0,0,0,1
Russia,RUS,1940,0.229825,0,0,0.097,NA,NA,1,0,0,0,0,0
Russia,RUS,1941,0.23855,0,0,0.094,NA,NA,1,0,0,0,0,0
Russia,RUS,1942,0.23895,0,0,0.094,NA,NA,1,0,0,0,0,0
Russia,RUS,1943,0.23895,0,0,0.094,NA,NA,1,0,0,0,0,0
Russia,RUS,1944,0.23895,0,0,0.094,NA,NA,1,0,0,0,0,0
Russia,RUS,1945,0.23895,0,0,0.094,NA,NA,1,0,0,0,0,0
Russia,RUS,1946,0.24115,0,0,0.099,NA,NA,1,0,0,0,0,0
Russia,RUS,1947,0.24115,0,0,0.099,NA,NA,1,0,0,0,0,0
Russia,RUS,1948,0.225775,0,0,0.099,NA,NA,1,0,0,0,0,0
Russia,RUS,1949,0.225775,0,0,0.099,NA,NA,1,0,0,0,0,0
Russia,RUS,1950,0.214725,0,0,0.102,NA,NA,1,0,0,0,0,0
Russia,RUS,1951,0.214725,0,0,0.103,NA,NA,1,0,0,0,0,0
Russia,RUS,1952,0.214725,0,0,0.103,NA,NA,1,0,0,0,0,0
Russia,RUS,1953,0.232425,0,0,0.103,NA,NA,1,0,0,0,0,0
Russia,RUS,1954,0.29015,0,0,0.105,NA,NA,1,0,0,0,0,0
Russia,RUS,1955,0.29015,0,0,0.105,NA,NA,1,0,0,0,0,0
Russia,RUS,1956,0.298125,0,0,0.105,NA,NA,1,0,0,0,0,0
Russia,RUS,1957,0.298125,0,0,0.105,NA,NA,1,0,0,0,0,0
Russia,RUS,1958,0.303975,0,0,0.106,NA,NA,1,0,0,0,0,0
Russia,RUS,1959,0.303975,0,0,0.107,NA,NA,1,0,0,0,0,0
Russia,RUS,1960,0.3163,0,0,0.106,NA,NA,1,0,0,0,0,0
Russia,RUS,1961,0.3041,0,0,0.106,NA,NA,1,0,0,0,0,0
Russia,RUS,1962,0.3041,0,0,0.096,NA,NA,1,0,0,0,0,0
Russia,RUS,1963,0.3041,0,0,0.093,NA,NA,1,0,0,0,0,0
Russia,RUS,1964,0.2845,0,0,0.093,NA,NA,1,0,0,0,0,0
Russia,RUS,1965,0.2845,0,0,0.093,NA,NA,1,0,0,0,0,0
Russia,RUS,1966,0.2845,0,0,0.092,NA,NA,1,0,0,0,0,0
Russia,RUS,1967,0.2877,0,0,0.091,NA,NA,1,0,0,0,0,0
Russia,RUS,1968,0.2849,0,0,0.091,NA,NA,1,0,0,0,0,0
Russia,RUS,1969,0.280525,0,0,0.091,NA,NA,1,0,0,0,0,0
Russia,RUS,1970,0.269525,0,0,0.101,NA,NA,1,0,0,0,0,0
Russia,RUS,1971,0.275925,0,0,0.109,NA,NA,1,0,0,0,0,0
Russia,RUS,1972,0.275925,0,0,0.109,NA,NA,1,0,0,0,0,0
Russia,RUS,1973,0.275925,0,0,0.108,NA,NA,1,0,0,0,0,0
Russia,RUS,1974,0.275925,0,0,0.108,NA,NA,1,0,0,0,0,0
Russia,RUS,1975,0.275925,0,0,0.108,NA,NA,1,0,0,0,0,0
Russia,RUS,1976,0.275925,0,0,0.108,NA,NA,1,0,0,0,0,0
Russia,RUS,1977,0.275925,0,0,0.108,NA,NA,1,0,0,0,0,0
Russia,RUS,1978,0.275925,0,0,0.108,NA,NA,1,0,0,0,0,0
Russia,RUS,1979,0.275925,0,0,0.109,NA,NA,1,0,0,0,0,0
Russia,RUS,1980,0.275925,0,0,0.109,NA,NA,1,0,0,0,0,0
Russia,RUS,1981,0.275925,0,0,0.109,NA,NA,1,0,0,0,0,0
Russia,RUS,1982,0.281725,0,0,0.109,NA,NA,1,0,0,0,0,0
Russia,RUS,1983,0.273375,0,0,0.109,NA,NA,1,0,0,0,0,0
Russia,RUS,1984,0.273375,0,0,0.106,NA,NA,1,0,0,0,0,0
Russia,RUS,1985,0.2846,0,0,0.109,NA,NA,1,0,0,0,0,0
Russia,RUS,1986,0.284025,0,0,0.117,NA,NA,1,0,0,0,0,0
Russia,RUS,1987,0.2937,0,0,0.143,NA,NA,1,0,0,0,0,0
Russia,RUS,1988,0.2983,0,0,0.144,NA,NA,1,0,0,0,0,0
Russia,RUS,1989,0.2949,0,0,0.174,NA,NA,1,0,0,0,0,0
Russia,RUS,1990,0.293525,0,0,0.236,NA,NA,1,0,0,0,0,0
Russia,RUS,1991,0.32765,0,0,0.255,NA,NA,1,0,0,0,0,0
Russia,RUS,1992,0.378325,0,0,0.498,NA,NA,1,0,0,0,0,0
Russia,RUS,1993,0.35905,0,0,0.479,NA,NA,1,0,0,0,0,0
Russia,RUS,1994,0.374625,0,0,0.477,NA,NA,1,0,0,0,0,0
Russia,RUS,1995,0.374625,0,0,0.476,NA,NA,1,0,0,0,0,0
Russia,RUS,1996,0.38345,0,0,0.463,NA,NA,1,0,0,0,0,0
Russia,RUS,1997,0.38065,0,0,0.458,NA,NA,1,0,0,0,0,0
Russia,RUS,1998,0.38105,0,0,0.458,NA,NA,1,0,0,0,0,0
Russia,RUS,1999,0.37605,0,0,0.462,NA,NA,1,0,0,0,0,0
Russia,RUS,2000,0.3612,0,0,0.407,NA,NA,1,0,0,0,0,0
Russia,RUS,2001,0.362675,0,0,0.38,NA,NA,1,0,0,0,0,0
Russia,RUS,2002,0.354075,0,0,0.351,NA,NA,1,0,0,0,0,0
Russia,RUS,2003,0.319175,0,0,0.339,NA,NA,1,0,0,0,0,0
Russia,RUS,2004,0.354425,0,0,0.326,NA,NA,1,0,0,0,0,0
Russia,RUS,2005,0.3626,0,0,0.325,NA,NA,1,0,0,0,0,0
Russia,RUS,2006,0.360075,0,0,0.323,NA,NA,1,0,0,0,0,0
Russia,RUS,2007,0.36045,0,0,0.316,NA,NA,1,0,0,0,0,0
Russia,RUS,2008,0.36075,0,0,0.305,NA,NA,1,0,0,0,0,0
Russia,RUS,2009,0.36325,0,0,0.311,NA,NA,1,0,0,0,0,0
Russia,RUS,2010,0.36125,0,0,0.309,NA,NA,1,0,0,0,0,0
Russia,RUS,2011,0.36165,0,0,0.297,NA,NA,1,0,0,0,0,0
Russia,RUS,2012,0.338075,0,0,0.28,NA,NA,1,0,0,0,0,0
Russia,RUS,2013,0.349075,0,0,0.277,NA,NA,1,0,0,0,0,0
Russia,RUS,2014,0.345475,0,0,0.269,NA,NA,1,0,0,0,0,0
Russia,RUS,2015,0.344875,0,0,0.267,NA,NA,1,0,0,0,0,0
Russia,RUS,2016,0.343875,0,0,0.264,NA,NA,1,0,0,0,0,0
Russia,RUS,2017,0.332675,0,0,0.263,NA,NA,1,0,0,0,0,0
Russia,RUS,2018,0.337475,0,0,0.266,NA,NA,1,0,0,0,0,0
Russia,RUS,2019,0.3366,0,0,0.263,NA,NA,1,0,0,0,0,0
Russia,RUS,2020,0.3255,0,0,0.256,NA,NA,1,0,0,0,0,0
Russia,RUS,2021,0.3243,0,0,0.245,NA,NA,1,0,0,0,0,0
Russia,RUS,2022,0.293175,0,0,0.207,NA,NA,1,0,0,0,0,0
Russia,RUS,2023,0.257025,0,0,0.19,NA,NA,1,0,0,0,0,0
Russia,RUS,2024,0.2637,0,0,0.172,NA,NA,1,0,0,0,0,0
Albania,ALB,1940,0.42035,0,0,0.049,NA,NA,1,0,0,0,0,0
Albania,ALB,1941,0.42035,0,0,0.049,NA,NA,1,0,0,0,0,0
Albania,ALB,1942,0.42035,0,0,0.049,NA,NA,1,0,0,0,0,0
Albania,ALB,1943,0.3989,0,0,0.051,NA,NA,1,0,0,0,0,0
Albania,ALB,1944,0.427325,0,0,0.049,NA,NA,1,0,0,0,0,0
Albania,ALB,1945,0.4157,0,0,0.045,NA,NA,1,0,0,0,0,0
Albania,ALB,1946,0.4157,0,0,0.07,NA,NA,1,0,0,0,0,0
Albania,ALB,1947,0.4157,0,0,0.161,NA,NA,1,0,0,0,0,0
Albania,ALB,1948,0.424,0,0,0.16,NA,NA,1,0,0,0,0,0
Albania,ALB,1949,0.4148,0,0,0.164,NA,NA,1,0,0,0,0,0
Albania,ALB,1950,0.4236,0,0,0.17,NA,NA,1,0,0,0,0,0
Albania,ALB,1951,0.4236,0,0,0.172,NA,NA,1,0,0,0,0,0
Albania,ALB,1952,0.4236,0,0,0.172,NA,NA,1,0,0,0,0,0
Albania,ALB,1953,0.4236,0,0,0.172,NA,NA,1,0,0,0,0,0
Albania,ALB,1954,0.4236,0,0,0.173,NA,NA,1,0,0,0,0,0
Albania,ALB,1955,0.4236,0,0,0.174,NA,NA,1,0,0,0,0,0
Albania,ALB,1956,0.4236,0,0,0.174,NA,NA,1,0,0,0,0,0
Albania,ALB,1957,0.4236,0,0,0.174,NA,NA,1,0,0,0,0,0
Albania,ALB,1958,0.4236,0,0,0.173,NA,NA,1,0,0,0,0,0
Albania,ALB,1959,0.4236,0,0,0.173,NA,NA,1,0,0,0,0,0
Albania,ALB,1960,0.4236,0,0,0.174,NA,NA,1,0,0,0,0,0
Albania,ALB,1961,0.4236,0,0,0.174,NA,NA,1,0,0,0,0,0
Albania,ALB,1962,0.4236,0,0,0.174,NA,NA,1,0,0,0,0,0
Albania,ALB,1963,0.4236,0,0,0.175,NA,NA,1,0,0,0,0,0
Albania,ALB,1964,0.4236,0,0,0.175,NA,NA,1,0,0,0,0,0
Albania,ALB,1965,0.4236,0,0,0.175,NA,NA,1,0,0,0,0,0
Albania,ALB,1966,0.4236,0,0,0.174,NA,NA,1,0,0,0,0,0
Albania,ALB,1967,0.4236,0,0,0.173,NA,NA,1,0,0,0,0,0
Albania,ALB,1968,0.4236,0,0,0.173,NA,NA,1,0,0,0,0,0
Albania,ALB,1969,0.4236,0,0,0.173,NA,NA,1,0,0,0,0,0
Albania,ALB,1970,0.4236,0,0,0.173,NA,NA,1,0,0,0,0,0
Albania,ALB,1971,0.4236,0,0,0.174,NA,NA,1,0,0,0,0,0
Albania,ALB,1972,0.4236,0,0,0.174,NA,NA,1,0,0,0,0,0
Albania,ALB,1973,0.4236,0,0,0.174,NA,NA,1,0,0,0,0,0
Albania,ALB,1974,0.4236,0,0,0.174,NA,NA,1,0,0,0,0,0
Albania,ALB,1975,0.4236,0,0,0.173,NA,NA,1,0,0,0,0,0
Albania,ALB,1976,0.4262,0,0,0.173,NA,NA,1,0,0,0,0,0
Albania,ALB,1977,0.412,0,0,0.173,NA,NA,1,0,0,0,0,0
Albania,ALB,1978,0.412,0,0,0.173,NA,NA,1,0,0,0,0,0
Albania,ALB,1979,0.412,0,0,0.173,NA,NA,1,0,0,0,0,0
Albania,ALB,1980,0.412,0,0,0.173,NA,NA,1,0,0,0,0,0
Albania,ALB,1981,0.4102,0,0,0.173,NA,NA,1,0,0,0,0,0
Albania,ALB,1982,0.4102,0,0,0.173,NA,NA,1,0,0,0,0,0
Albania,ALB,1983,0.4102,0,0,0.172,NA,NA,1,0,0,0,0,0
Albania,ALB,1984,0.408,0,0,0.172,NA,NA,1,0,0,0,0,0
Albania,ALB,1985,0.393,0,0,0.172,NA,NA,1,0,0,0,0,0
Albania,ALB,1986,0.40225,0,0,0.172,NA,NA,1,0,0,0,0,0
Albania,ALB,1987,0.40865,0,0,0.174,NA,NA,1,0,0,0,0,0
Albania,ALB,1988,0.40865,0,0,0.174,NA,NA,1,0,0,0,0,0
Albania,ALB,1989,0.40285,0,0,0.174,NA,NA,1,0,0,0,0,0
Albania,ALB,1990,0.38495,0,0,0.188,NA,NA,1,0,0,0,0,0
Albania,ALB,1991,0.52615,0,0,0.366,NA,NA,1,0,0,0,0,0
Albania,ALB,1992,0.53615,0,0,0.421,NA,NA,1,0,0,0,0,0
Albania,ALB,1993,0.56855,0,0,0.417,NA,NA,1,0,0,0,0,0
Albania,ALB,1994,0.56855,0,0,0.417,NA,NA,1,0,0,0,0,0
Albania,ALB,1995,0.56855,0,0,0.427,NA,NA,1,0,0,0,0,0
Albania,ALB,1996,0.56855,0,0,0.386,NA,NA,1,0,0,0,0,0
Albania,ALB,1997,0.54225,0,0,0.372,NA,NA,1,0,0,0,0,0
Albania,ALB,1998,0.53165,0,0,0.391,NA,NA,1,0,0,0,0,0
Albania,ALB,1999,0.53675,0,0,0.396,NA,NA,1,0,0,0,0,0
Albania,ALB,2000,0.5634,0,0,0.409,NA,NA,1,0,0,0,0,0
Albania,ALB,2001,0.6169,0,0,0.44,NA,NA,1,0,0,0,0,0
Albania,ALB,2002,0.610475,0,0,0.482,NA,NA,1,0,0,0,0,0
Albania,ALB,2003,0.610275,0,0,0.488,NA,NA,1,0,0,0,0,0
Albania,ALB,2004,0.612675,0,0,0.486,NA,NA,1,0,0,0,0,0
Albania,ALB,2005,0.624475,1,NA,0.518,NA,NA,1,0,0,0,0,0
Albania,ALB,2006,0.624475,0,NA,0.553,NA,NA,1,0,0,0,0,0
Albania,ALB,2007,0.624475,0,NA,0.547,NA,NA,1,0,0,0,0,0
Albania,ALB,2008,0.595675,0,NA,0.552,NA,NA,1,0,0,0,0,0
Albania,ALB,2009,0.6072,0,NA,0.545,NA,NA,1,0,0,0,0,0
Albania,ALB,2010,0.605,0,NA,0.55,NA,NA,1,0,0,0,0,0
Albania,ALB,2011,0.605,0,NA,0.55,NA,NA,1,0,0,0,0,0
Albania,ALB,2012,0.606,0,NA,0.547,NA,NA,1,0,0,0,0,0
Albania,ALB,2013,0.6137,0,NA,0.521,NA,NA,1,0,0,0,0,0
Albania,ALB,2014,0.6147,0,NA,0.527,NA,NA,1,0,0,0,0,0
Albania,ALB,2015,0.6147,0,NA,0.524,NA,NA,1,0,0,0,0,0
Albania,ALB,2016,0.6147,0,NA,0.523,NA,NA,1,0,0,0,0,0
Albania,ALB,2017,0.602575,0,NA,0.537,NA,NA,1,0,0,0,0,0
Albania,ALB,2018,0.602875,0,NA,0.523,NA,NA,1,0,0,0,0,0
Albania,ALB,2019,0.614675,0,NA,0.512,NA,NA,1,0,0,0,0,0
Albania,ALB,2020,0.601675,0,NA,0.526,NA,NA,1,0,0,0,0,0
Albania,ALB,2021,0.619075,0,NA,0.525,NA,NA,1,0,0,0,0,0
Albania,ALB,2022,0.628675,0,NA,0.52,NA,NA,1,0,0,0,0,0
Albania,ALB,2023,0.607,0,NA,0.507,NA,NA,1,0,0,0,0,0
Albania,ALB,2024,0.601525,0,NA,0.507,NA,NA,1,0,0,0,0,0
Egypt,EGY,1940,0.547275,0,0,0.126,NA,NA,1,0,0,0,1,0
Egypt,EGY,1941,0.547275,0,0,0.126,NA,NA,1,0,0,0,1,0
Egypt,EGY,1942,0.547275,0,0,0.126,NA,NA,1,0,0,0,1,0
Egypt,EGY,1943,0.547275,0,0,0.126,NA,NA,1,0,0,0,1,0
Egypt,EGY,1944,0.547275,0,0,0.126,NA,NA,1,0,0,0,1,0
Egypt,EGY,1945,0.547275,0,0,0.15,NA,NA,1,0,0,0,1,0
Egypt,EGY,1946,0.547275,0,0,0.151,NA,NA,1,0,0,0,1,0
Egypt,EGY,1947,0.547275,0,0,0.151,NA,NA,1,0,0,0,1,0
Egypt,EGY,1948,0.547275,0,0,0.151,NA,NA,1,0,0,0,1,0
Egypt,EGY,1949,0.55505,0,0,0.151,NA,NA,1,0,0,0,1,0
Egypt,EGY,1950,0.56105,0,0,0.178,NA,NA,1,0,0,0,1,0
Egypt,EGY,1951,0.56105,0,0,0.177,NA,NA,1,0,0,0,1,0
Egypt,EGY,1952,0.60095,0,0,0.15,NA,NA,1,0,0,0,1,0
Egypt,EGY,1953,0.529325,0,0,0.066,NA,NA,1,0,0,0,1,0
Egypt,EGY,1954,0.488525,0,0,0.058,NA,NA,1,0,0,0,1,0
Egypt,EGY,1955,0.488525,0,0,0.058,NA,NA,1,0,0,0,1,0
Egypt,EGY,1956,0.488525,0,0,0.091,NA,NA,1,0,0,0,1,0
Egypt,EGY,1957,0.488525,0,0,0.168,NA,NA,1,0,0,0,1,0
Egypt,EGY,1958,0.488525,0,0,0.153,NA,NA,1,0,0,0,1,0
Egypt,EGY,1959,0.488525,0,0,0.15,NA,NA,1,0,0,0,1,0
Egypt,EGY,1960,0.473875,0,0,0.164,NA,NA,1,0,0,0,1,0
Egypt,EGY,1961,0.473875,0,0,0.148,NA,NA,1,0,0,0,1,0
Egypt,EGY,1962,0.473875,0,0,0.126,NA,NA,1,0,0,0,1,0
Egypt,EGY,1963,0.473875,0,0,0.149,NA,NA,1,0,0,0,1,0
Egypt,EGY,1964,0.473875,0,0,0.178,NA,NA,1,0,0,0,1,0
Egypt,EGY,1965,0.473875,0,0,0.183,NA,NA,1,0,0,0,1,0
Egypt,EGY,1966,0.473875,0,0,0.182,NA,NA,1,0,0,0,1,0
Egypt,EGY,1967,0.470875,0,0,0.182,NA,NA,1,0,0,0,1,0
Egypt,EGY,1968,0.45795,0,0,0.181,NA,NA,1,0,0,0,1,0
Egypt,EGY,1969,0.45795,0,0,0.179,NA,NA,1,0,0,0,1,0
Egypt,EGY,1970,0.453875,0,0,0.188,NA,NA,1,0,0,0,1,0
Egypt,EGY,1971,0.452675,0,0,0.204,NA,NA,1,0,0,0,1,0
Egypt,EGY,1972,0.463,0,0,0.197,NA,NA,1,0,0,0,1,0
Egypt,EGY,1973,0.463,0,0,0.198,NA,NA,1,0,0,0,1,0
Egypt,EGY,1974,0.448025,0,0,0.198,NA,NA,1,0,0,0,1,0
Egypt,EGY,1975,0.448025,0,0,0.198,NA,NA,1,0,0,0,1,0
Egypt,EGY,1976,0.448025,0,0,0.207,NA,NA,1,0,0,0,1,0
Egypt,EGY,1977,0.448025,0,0,0.209,NA,NA,1,0,0,0,1,0
Egypt,EGY,1978,0.434825,0,0,0.209,NA,NA,1,0,0,0,1,0
Egypt,EGY,1979,0.434825,0,0,0.202,NA,NA,1,0,0,0,1,0
Egypt,EGY,1980,0.409025,0,0,0.181,NA,NA,1,0,0,0,1,0
Egypt,EGY,1981,0.409025,0,0,0.188,NA,NA,1,0,0,0,1,0
Egypt,EGY,1982,0.410425,0,0,0.216,NA,NA,1,0,0,0,1,0
Egypt,EGY,1983,0.410425,0,0,0.216,NA,NA,1,0,0,0,1,0
Egypt,EGY,1984,0.410425,0,0,0.215,NA,NA,1,0,0,0,1,0
Egypt,EGY,1985,0.410425,0,0,0.214,NA,NA,1,0,0,0,1,0
Egypt,EGY,1986,0.4364,0,0,0.219,NA,NA,1,0,0,0,1,0
Egypt,EGY,1987,0.410275,0,0,0.219,NA,NA,1,0,0,0,1,0
Egypt,EGY,1988,0.410275,0,0,0.221,NA,NA,1,0,0,0,1,0
Egypt,EGY,1989,0.410275,0,0,0.224,NA,NA,1,0,0,0,1,0
Egypt,EGY,1990,0.404075,0,0,0.222,NA,NA,1,0,0,0,1,0
Egypt,EGY,1991,0.404075,0,0,0.211,NA,NA,1,0,0,0,1,0
Egypt,EGY,1992,0.404075,0,0,0.211,NA,NA,1,0,0,0,1,0
Egypt,EGY,1993,0.404075,0,0,0.216,NA,NA,1,0,0,0,1,0
Egypt,EGY,1994,0.3839,0,0,0.215,NA,NA,1,0,0,0,1,0
Egypt,EGY,1995,0.37365,0,0,0.214,NA,NA,1,0,0,0,1,0
Egypt,EGY,1996,0.37365,0,0,0.215,NA,NA,1,0,0,0,1,0
Egypt,EGY,1997,0.37365,0,0,0.214,NA,NA,1,0,0,0,1,0
Egypt,EGY,1998,0.37365,0,0,0.215,NA,NA,1,0,0,0,1,0
Egypt,EGY,1999,0.37365,0,0,0.215,NA,NA,1,0,0,0,1,0
Egypt,EGY,2000,0.36325,0,0,0.216,NA,NA,1,0,0,0,1,0
Egypt,EGY,2001,0.3619,0,0,0.208,NA,NA,1,0,0,0,1,0
Egypt,EGY,2002,0.3619,0,0,0.208,NA,NA,1,0,0,0,1,0
Egypt,EGY,2003,0.3619,0,0,0.208,NA,NA,1,0,0,0,1,0
Egypt,EGY,2004,0.3619,0,0,0.21,NA,NA,1,0,0,0,1,0
Egypt,EGY,2005,0.3619,0,0,0.21,NA,NA,1,0,0,0,1,0
Egypt,EGY,2006,0.3619,0,0,0.213,NA,NA,1,0,0,0,1,0
Egypt,EGY,2007,0.361025,0,0,0.214,NA,NA,1,0,0,0,1,0
Egypt,EGY,2008,0.361025,0,0,0.214,NA,NA,1,0,0,0,1,0
Egypt,EGY,2009,0.361025,0,0,0.212,NA,NA,1,0,0,0,1,0
Egypt,EGY,2010,0.360425,0,0,0.214,NA,NA,1,0,0,0,1,0
Egypt,EGY,2011,0.3653,0,0,0.206,NA,NA,1,0,0,0,1,0
Egypt,EGY,2012,0.359775,0,0,0.296,NA,NA,1,0,0,0,1,0
Egypt,EGY,2013,0.364025,0,0,0.187,NA,NA,1,0,0,0,1,0
Egypt,EGY,2014,0.38365,0,0,0.135,NA,NA,1,0,0,0,1,0
Egypt,EGY,2015,0.378175,0,0,0.155,NA,NA,1,0,0,0,1,0
Egypt,EGY,2016,0.3708,0,0,0.178,NA,NA,1,0,0,0,1,0
Egypt,EGY,2017,0.352725,0,0,0.177,NA,NA,1,0,0,0,1,0
Egypt,EGY,2018,0.3538,0,0,0.177,NA,NA,1,0,0,0,1,0
Egypt,EGY,2019,0.3562,0,0,0.174,NA,NA,1,0,0,0,1,0
Egypt,EGY,2020,0.365575,0,0,0.175,NA,NA,1,0,0,0,1,0
Egypt,EGY,2021,0.360225,0,0,0.181,NA,NA,1,0,0,0,1,0
Egypt,EGY,2022,0.368075,0,0,0.184,NA,NA,1,0,0,0,1,0
Egypt,EGY,2023,0.365875,0,0,0.188,NA,NA,1,0,0,0,1,0
Egypt,EGY,2024,0.365875,0,0,0.186,NA,NA,1,0,0,0,1,0
Yemen,YEM,1940,0.21675,0,0,0.018,NA,NA,1,0,0,0,1,0
Yemen,YEM,1941,0.21675,0,0,0.018,NA,NA,1,0,0,0,1,0
Yemen,YEM,1942,0.21675,0,0,0.018,NA,NA,1,0,0,0,1,0
Yemen,YEM,1943,0.21675,0,0,0.018,NA,NA,1,0,0,0,1,0
Yemen,YEM,1944,0.21675,0,0,0.018,NA,NA,1,0,0,0,1,0
Yemen,YEM,1945,0.21675,0,0,0.018,NA,NA,1,0,0,0,1,0
Yemen,YEM,1946,0.21675,0,0,0.018,NA,NA,1,0,0,0,1,0
Yemen,YEM,1947,0.21675,0,0,0.018,NA,NA,1,0,0,0,1,0
Yemen,YEM,1948,0.21675,0,0,0.018,NA,NA,1,0,0,0,1,0
Yemen,YEM,1949,0.26035,0,0,0.018,NA,NA,1,0,0,0,1,0
Yemen,YEM,1950,0.26035,0,0,0.018,NA,NA,1,0,0,0,1,0
Yemen,YEM,1951,0.26035,0,0,0.018,NA,NA,1,0,0,0,1,0
Yemen,YEM,1952,0.26035,0,0,0.018,NA,NA,1,0,0,0,1,0
Yemen,YEM,1953,0.26335,0,0,0.018,NA,NA,1,0,0,0,1,0
Yemen,YEM,1954,0.26815,0,0,0.018,NA,NA,1,0,0,0,1,0
Yemen,YEM,1955,0.26815,0,0,0.018,NA,NA,1,0,0,0,1,0
Yemen,YEM,1956,0.26815,0,0,0.018,NA,NA,1,0,0,0,1,0
Yemen,YEM,1957,0.26815,0,0,0.018,NA,NA,1,0,0,0,1,0
Yemen,YEM,1958,0.26815,0,0,0.019,NA,NA,1,0,0,0,1,0
Yemen,YEM,1959,0.26815,0,0,0.019,NA,NA,1,0,0,0,1,0
Yemen,YEM,1960,0.27095,0,0,0.019,NA,NA,1,0,0,0,1,0
Yemen,YEM,1961,0.27095,0,0,0.019,NA,NA,1,0,0,0,1,0
Yemen,YEM,1962,0.28795,0,0,0.017,NA,NA,1,0,0,0,1,0
Yemen,YEM,1963,0.469675,0,0,0.024,NA,NA,1,0,0,0,1,0
Yemen,YEM,1964,0.4866,0,0,0.024,NA,NA,1,0,0,0,1,0
Yemen,YEM,1965,0.4866,0,0,0.023,NA,NA,1,0,0,0,1,0
Yemen,YEM,1966,0.4866,0,0,0.023,NA,NA,1,0,0,0,1,0
Yemen,YEM,1967,0.4816,0,0,0.022,NA,NA,1,0,0,0,1,0
Yemen,YEM,1968,0.4816,0,0,0.024,NA,NA,1,0,0,0,1,0
Yemen,YEM,1969,0.4816,0,0,0.027,NA,NA,1,0,0,0,1,0
Yemen,YEM,1970,0.4816,0,0,0.027,NA,NA,1,0,0,0,1,0
Yemen,YEM,1971,0.4816,0,0,0.112,NA,NA,1,0,0,0,1,0
Yemen,YEM,1972,0.4816,0,0,0.116,NA,NA,1,0,0,0,1,0
Yemen,YEM,1973,0.4859,0,0,0.116,NA,NA,1,0,0,0,1,0
Yemen,YEM,1974,0.5406,0,0,0.118,NA,NA,1,0,0,0,1,0
Yemen,YEM,1975,0.588625,0,0,0.094,NA,NA,1,0,0,0,1,0
Yemen,YEM,1976,0.588625,0,0,0.094,NA,NA,1,0,0,0,1,0
Yemen,YEM,1977,0.587025,0,0,0.092,NA,NA,1,0,0,0,1,0
Yemen,YEM,1978,0.449575,0,0,0.09,NA,NA,1,0,0,0,1,0
Yemen,YEM,1979,0.425575,0,0,0.089,NA,NA,1,0,0,0,1,0
Yemen,YEM,1980,0.425575,0,0,0.09,NA,NA,1,0,0,0,1,0
Yemen,YEM,1981,0.425575,0,0,0.09,NA,NA,1,0,0,0,1,0
Yemen,YEM,1982,0.432175,0,0,0.09,NA,NA,1,0,0,0,1,0
Yemen,YEM,1983,0.432175,0,0,0.09,NA,NA,1,0,0,0,1,0
Yemen,YEM,1984,0.432175,0,0,0.09,NA,NA,1,0,0,0,1,0
Yemen,YEM,1985,0.432175,0,0,0.09,NA,NA,1,0,0,0,1,0
Yemen,YEM,1986,0.421575,0,0,0.09,NA,NA,1,0,0,0,1,0
Yemen,YEM,1987,0.418175,0,0,0.09,NA,NA,1,0,0,0,1,0
Yemen,YEM,1988,0.418175,0,0,0.13,NA,NA,1,0,0,0,1,0
Yemen,YEM,1989,0.418175,0,0,0.171,NA,NA,1,0,0,0,1,0
Yemen,YEM,1990,0.382625,0,0,0.225,NA,NA,1,0,0,0,1,0
Yemen,YEM,1991,0.345625,0,0,0.281,NA,NA,1,0,0,0,1,0
Yemen,YEM,1992,0.345625,0,0,0.279,NA,NA,1,0,0,0,1,0
Yemen,YEM,1993,0.345625,0,0,0.309,NA,NA,1,0,0,0,1,0
Yemen,YEM,1994,0.328175,0,0,0.319,NA,NA,1,0,0,0,1,0
Yemen,YEM,1995,0.238425,0,0,0.298,NA,NA,1,0,0,0,1,0
Yemen,YEM,1996,0.238425,0,0,0.298,NA,NA,1,0,0,0,1,0
Yemen,YEM,1997,0.238425,0,0,0.279,NA,NA,1,0,0,0,1,0
Yemen,YEM,1998,0.238425,0,0,0.266,NA,NA,1,0,0,0,1,0
Yemen,YEM,1999,0.238425,0,0,0.263,NA,NA,1,0,0,0,1,0
Yemen,YEM,2000,0.235625,0,0,0.264,NA,NA,1,0,0,0,1,0
Yemen,YEM,2001,0.235625,0,0,0.264,NA,NA,1,0,0,0,1,0
Yemen,YEM,2002,0.24585,0,0,0.264,NA,NA,1,0,0,0,1,0
Yemen,YEM,2003,0.24585,0,0,0.277,NA,NA,1,0,0,0,1,0
Yemen,YEM,2004,0.24585,0,0,0.281,NA,NA,1,0,0,0,1,0
Yemen,YEM,2005,0.24585,0,0,0.282,NA,NA,1,0,0,0,1,0
Yemen,YEM,2006,0.24585,0,0,0.285,NA,NA,1,0,0,0,1,0
Yemen,YEM,2007,0.24645,0,0,0.285,NA,NA,1,0,0,0,1,0
Yemen,YEM,2008,0.24545,0,0,0.286,NA,NA,1,0,0,0,1,0
Yemen,YEM,2009,0.24545,0,0,0.286,NA,NA,1,0,0,0,1,0
Yemen,YEM,2010,0.242075,0,0,0.288,NA,NA,1,0,0,0,1,0
Yemen,YEM,2011,0.22825,0,0,0.309,NA,NA,1,0,0,0,1,0
Yemen,YEM,2012,0.2551,0,0,0.359,NA,NA,1,0,0,0,1,0
Yemen,YEM,2013,0.242825,0,0,0.331,NA,NA,1,0,0,0,1,0
Yemen,YEM,2014,0.20205,0,0,0.301,NA,NA,1,0,0,0,1,0
Yemen,YEM,2015,0.16105,0,0,0.184,NA,NA,1,0,0,0,1,0
Yemen,YEM,2016,0.1598,0,0,0.113,NA,NA,1,0,0,0,1,0
Yemen,YEM,2017,0.177875,0,0,0.111,NA,NA,1,0,0,0,1,0
Yemen,YEM,2018,0.177675,0,0,0.113,NA,NA,1,0,0,0,1,0
Yemen,YEM,2019,0.179375,0,0,0.118,NA,NA,1,0,0,0,1,0
Yemen,YEM,2020,0.16465,0,0,0.114,NA,NA,1,0,0,0,1,0
Yemen,YEM,2021,0.139375,0,0,0.115,NA,NA,1,0,0,0,1,0
Yemen,YEM,2022,0.152475,0,0,0.124,NA,NA,1,0,0,0,1,0
Yemen,YEM,2023,0.143475,0,0,0.128,NA,NA,1,0,0,0,1,0
Yemen,YEM,2024,0.1486,0,0,0.127,NA,NA,1,0,0,0,1,0
Colombia,COL,1940,0.48405,0,0,0.247,NA,NA,1,0,1,0,0,0
Colombia,COL,1941,0.48405,0,0,0.243,NA,NA,1,0,1,0,0,0
Colombia,COL,1942,0.48405,0,0,0.239,NA,NA,1,0,1,0,0,0
Colombia,COL,1943,0.48405,0,0,0.237,NA,NA,1,0,1,0,0,0
Colombia,COL,1944,0.48405,0,0,0.237,NA,NA,1,0,1,0,0,0
Colombia,COL,1945,0.48405,0,0,0.263,NA,NA,1,0,1,0,0,0
Colombia,COL,1946,0.40545,0,0,0.262,NA,NA,1,0,1,0,0,0
Colombia,COL,1947,0.40545,0,0,0.251,NA,NA,1,0,1,0,0,0
Colombia,COL,1948,0.335925,0,0,0.208,NA,NA,1,0,1,0,0,0
Colombia,COL,1949,0.318375,0,0,0.179,NA,NA,1,0,1,0,0,0
Colombia,COL,1950,0.318375,0,0,0.144,NA,NA,1,0,1,0,0,0
Colombia,COL,1951,0.318375,0,0,0.176,NA,NA,1,0,1,0,0,0
Colombia,COL,1952,0.318375,0,0,0.177,NA,NA,1,0,1,0,0,0
Colombia,COL,1953,0.33255,0,0,0.132,NA,NA,1,0,1,0,0,0
Colombia,COL,1954,0.34875,0,0,0.099,NA,NA,1,0,1,0,0,0
Colombia,COL,1955,0.34875,0,0,0.099,NA,NA,1,0,1,0,0,0
Colombia,COL,1956,0.34875,0,0,0.099,NA,NA,1,0,1,0,0,0
Colombia,COL,1957,0.35295,0,0,0.1,NA,NA,1,0,1,0,0,0
Colombia,COL,1958,0.416675,0,0,0.228,NA,NA,1,0,1,0,0,0
Colombia,COL,1959,0.497725,0,0,0.336,NA,NA,1,0,1,0,0,0
Colombia,COL,1960,0.497725,0,0,0.349,NA,NA,1,0,1,0,0,0
Colombia,COL,1961,0.497725,0,0,0.353,NA,NA,1,0,1,0,0,0
Colombia,COL,1962,0.497725,0,0,0.356,NA,NA,1,0,1,0,0,0
Colombia,COL,1963,0.497725,0,0,0.357,NA,NA,1,0,1,0,0,0
Colombia,COL,1964,0.497725,0,0,0.356,NA,NA,1,0,1,0,0,0
Colombia,COL,1965,0.497725,0,0,0.356,NA,NA,1,0,1,0,0,0
Colombia,COL,1966,0.497725,0,0,0.356,NA,NA,1,0,1,0,0,0
Colombia,COL,1967,0.497725,0,0,0.355,NA,NA,1,0,1,0,0,0
Colombia,COL,1968,0.48805,0,0,0.354,NA,NA,1,0,1,0,0,0
Colombia,COL,1969,0.48805,0,0,0.353,NA,NA,1,0,1,0,0,0
Colombia,COL,1970,0.48925,0,0,0.349,NA,NA,1,0,1,0,0,0
Colombia,COL,1971,0.48925,0,0,0.364,NA,NA,1,0,1,0,0,0
Colombia,COL,1972,0.48925,0,0,0.371,NA,NA,1,0,1,0,0,0
Colombia,COL,1973,0.48925,0,0,0.371,NA,NA,1,0,1,0,0,0
Colombia,COL,1974,0.48925,0,0,0.417,NA,NA,1,0,1,0,0,0
Colombia,COL,1975,0.49125,0,0,0.448,NA,NA,1,0,1,0,0,0
Colombia,COL,1976,0.49325,0,0,0.448,NA,NA,1,0,1,0,0,0
Colombia,COL,1977,0.49325,0,0,0.449,NA,NA,1,0,1,0,0,0
Colombia,COL,1978,0.476125,0,0,0.429,NA,NA,1,0,1,0,0,0
Colombia,COL,1979,0.474925,0,0,0.412,NA,NA,1,0,1,0,0,0
Colombia,COL,1980,0.474925,0,0,0.409,NA,NA,1,0,1,0,0,0
Colombia,COL,1981,0.474925,0,0,0.409,NA,NA,1,0,1,0,0,0
Colombia,COL,1982,0.481275,0,0,0.411,NA,NA,1,0,1,0,0,0
Colombia,COL,1983,0.48365,0,0,0.47,NA,NA,1,0,1,0,0,0
Colombia,COL,1984,0.48365,0,0,0.46,NA,NA,1,0,1,0,0,0
Colombia,COL,1985,0.48365,0,0,0.458,NA,NA,1,0,1,0,0,0
Colombia,COL,1986,0.469325,0,0,0.45,NA,NA,1,0,1,0,0,0
Colombia,COL,1987,0.469325,0,0,0.448,NA,NA,1,0,1,0,0,0
Colombia,COL,1988,0.446125,0,0,0.449,NA,NA,1,0,1,0,0,0
Colombia,COL,1989,0.446125,0,0,0.449,NA,NA,1,0,1,0,0,0
Colombia,COL,1990,0.446525,0,0,0.472,NA,NA,1,0,1,0,0,0
Colombia,COL,1991,0.52915,1,NA,0.513,NA,NA,1,0,1,0,0,0
Colombia,COL,1992,0.55755,0,NA,0.557,NA,NA,1,0,1,0,0,0
Colombia,COL,1993,0.55675,0,NA,0.557,NA,NA,1,0,1,0,0,0
Colombia,COL,1994,0.55755,0,NA,0.557,NA,NA,1,0,1,0,0,0
Colombia,COL,1995,0.55755,0,NA,0.563,NA,NA,1,0,1,0,0,0
Colombia,COL,1996,0.55755,0,NA,0.554,NA,NA,1,0,1,0,0,0
Colombia,COL,1997,0.58015,0,NA,0.554,NA,NA,1,0,1,0,0,0
Colombia,COL,1998,0.58015,0,NA,0.544,NA,NA,1,0,1,0,0,0
Colombia,COL,1999,0.58015,0,NA,0.539,NA,NA,1,0,1,0,0,0
Colombia,COL,2000,0.60435,0,NA,0.548,NA,NA,1,0,1,0,0,0
Colombia,COL,2001,0.60435,0,NA,0.549,NA,NA,1,0,1,0,0,0
Colombia,COL,2002,0.634875,0,NA,0.538,NA,NA,1,0,1,0,0,0
Colombia,COL,2003,0.634875,0,NA,0.545,NA,NA,1,0,1,0,0,0
Colombia,COL,2004,0.634875,0,NA,0.546,NA,NA,1,0,1,0,0,0
Colombia,COL,2005,0.634875,0,NA,0.551,NA,NA,1,0,1,0,0,0
Colombia,COL,2006,0.635275,0,NA,0.573,NA,NA,1,0,1,0,0,0
Colombia,COL,2007,0.635275,0,NA,0.589,NA,NA,1,0,1,0,0,0
Colombia,COL,2008,0.634875,0,NA,0.588,NA,NA,1,0,1,0,0,0
Colombia,COL,2009,0.630875,0,NA,0.592,NA,NA,1,0,1,0,0,0
Colombia,COL,2010,0.641025,0,NA,0.626,NA,NA,1,0,1,0,0,0
Colombia,COL,2011,0.656275,0,NA,0.661,NA,NA,1,0,1,0,0,0
Colombia,COL,2012,0.658875,0,NA,0.664,NA,NA,1,0,1,0,0,0
Colombia,COL,2013,0.6577,0,NA,0.669,NA,NA,1,0,1,0,0,0
Colombia,COL,2014,0.6577,0,NA,0.682,NA,NA,1,0,1,0,0,0
Colombia,COL,2015,0.65295,0,NA,0.687,NA,NA,1,0,1,0,0,0
Colombia,COL,2016,0.65745,0,NA,0.688,NA,NA,1,0,1,0,0,0
Colombia,COL,2017,0.65605,0,NA,0.685,NA,NA,1,0,1,0,0,0
Colombia,COL,2018,0.65235,0,NA,0.67,NA,NA,1,0,1,0,0,0
Colombia,COL,2019,0.643875,0,NA,0.659,NA,NA,1,0,1,0,0,0
Colombia,COL,2020,0.631225,0,NA,0.645,NA,NA,1,0,1,0,0,0
Colombia,COL,2021,0.636,0,NA,0.658,NA,NA,1,0,1,0,0,0
Colombia,COL,2022,0.666225,0,NA,0.696,NA,NA,1,0,1,0,0,0
Colombia,COL,2023,0.656425,0,NA,0.709,NA,NA,1,0,1,0,0,0
Colombia,COL,2024,0.634775,0,NA,0.701,NA,NA,1,0,1,0,0,0
Poland,POL,1944,0.497025,0,0,0.162,NA,NA,0,1,0,0,0,0
Poland,POL,1945,0.496825,0,0,0.16,NA,NA,0,1,0,0,0,0
Poland,POL,1946,0.502025,0,0,0.164,NA,NA,0,1,0,0,0,0
Poland,POL,1947,0.502025,0,0,0.18,NA,NA,0,1,0,0,0,0
Poland,POL,1948,0.506775,0,0,0.178,NA,NA,0,1,0,0,0,0
Poland,POL,1949,0.5137,0,0,0.172,NA,NA,0,1,0,0,0,0
Poland,POL,1950,0.5137,0,0,0.173,NA,NA,0,1,0,0,0,0
Poland,POL,1951,0.5137,0,0,0.173,NA,NA,0,1,0,0,0,0
Poland,POL,1952,0.5137,0,0,0.172,NA,NA,0,1,0,0,0,0
Poland,POL,1953,0.5137,0,0,0.169,NA,NA,0,1,0,0,0,0
Poland,POL,1954,0.5137,0,0,0.169,NA,NA,0,1,0,0,0,0
Poland,POL,1955,0.5137,0,0,0.169,NA,NA,0,1,0,0,0,0
Poland,POL,1956,0.5149,0,0,0.17,NA,NA,0,1,0,0,0,0
Poland,POL,1957,0.56265,0,0,0.196,NA,NA,0,1,0,0,0,0
Poland,POL,1958,0.56265,0,0,0.197,NA,NA,0,1,0,0,0,0
Poland,POL,1959,0.56265,0,0,0.197,NA,NA,0,1,0,0,0,0
Poland,POL,1960,0.56265,0,0,0.197,NA,NA,0,1,0,0,0,0
Poland,POL,1961,0.56265,0,0,0.19,NA,NA,0,1,0,0,0,0
Poland,POL,1962,0.56265,0,0,0.187,NA,NA,0,1,0,0,0,0
Poland,POL,1963,0.56265,0,0,0.187,NA,NA,0,1,0,0,0,0
Poland,POL,1964,0.56265,0,0,0.187,NA,NA,0,1,0,0,0,0
Poland,POL,1965,0.56265,0,0,0.186,NA,NA,0,1,0,0,0,0
Poland,POL,1966,0.56265,0,0,0.187,NA,NA,0,1,0,0,0,0
Poland,POL,1967,0.56265,0,0,0.187,NA,NA,0,1,0,0,0,0
Poland,POL,1968,0.56265,0,0,0.187,NA,NA,0,1,0,0,0,0
Poland,POL,1969,0.56265,0,0,0.186,NA,NA,0,1,0,0,0,0
Poland,POL,1970,0.54925,0,0,0.185,NA,NA,0,1,0,0,0,0
Poland,POL,1971,0.54905,0,0,0.188,NA,NA,0,1,0,0,0,0
Poland,POL,1972,0.54905,0,0,0.191,NA,NA,0,1,0,0,0,0
Poland,POL,1973,0.54905,0,0,0.191,NA,NA,0,1,0,0,0,0
Poland,POL,1974,0.54905,0,0,0.191,NA,NA,0,1,0,0,0,0
Poland,POL,1975,0.54905,0,0,0.191,NA,NA,0,1,0,0,0,0
Poland,POL,1976,0.54405,0,0,0.186,NA,NA,0,1,0,0,0,0
Poland,POL,1977,0.54405,0,0,0.185,NA,NA,0,1,0,0,0,0
Poland,POL,1978,0.54445,0,0,0.185,NA,NA,0,1,0,0,0,0
Poland,POL,1979,0.54445,0,0,0.185,NA,NA,0,1,0,0,0,0
Poland,POL,1980,0.53965,0,0,0.209,NA,NA,0,1,0,0,0,0
Poland,POL,1981,0.53985,0,0,0.209,NA,NA,0,1,0,0,0,0
Poland,POL,1982,0.55505,0,0,0.185,NA,NA,0,1,0,0,0,0
Poland,POL,1983,0.53925,0,0,0.185,NA,NA,0,1,0,0,0,0
Poland,POL,1984,0.53785,0,0,0.189,NA,NA,0,1,0,0,0,0
Poland,POL,1985,0.55205,0,0,0.189,NA,NA,0,1,0,0,0,0
Poland,POL,1986,0.55205,0,0,0.19,NA,NA,0,1,0,0,0,0
Poland,POL,1987,0.55665,0,0,0.188,NA,NA,0,1,0,0,0,0
Poland,POL,1988,0.55665,0,0,0.193,NA,NA,0,1,0,0,0,0
Poland,POL,1989,0.721675,0,0,0.377,NA,NA,0,1,0,0,0,0
Poland,POL,1990,0.8131,1,NA,0.742,NA,NA,0,1,0,0,0,0
Poland,POL,1991,0.8131,0,NA,0.864,NA,NA,0,1,0,0,0,0
Poland,POL,1992,0.811775,0,NA,0.884,NA,NA,0,1,0,0,0,0
Poland,POL,1993,0.836175,0,NA,0.884,NA,NA,0,1,0,0,0,0
Poland,POL,1994,0.836175,0,NA,0.89,NA,NA,0,1,0,0,0,0
Poland,POL,1995,0.836175,0,NA,0.888,NA,NA,0,1,0,0,0,0
Poland,POL,1996,0.836175,0,NA,0.881,NA,NA,0,1,0,0,0,0
Poland,POL,1997,0.836175,0,NA,0.869,NA,NA,0,1,0,0,0,0
Poland,POL,1998,0.84385,0,NA,0.878,NA,NA,0,1,0,0,0,0
Poland,POL,1999,0.84385,0,NA,0.878,NA,NA,0,1,0,0,0,0
Poland,POL,2000,0.84385,0,NA,0.878,NA,NA,0,1,0,0,0,0
Poland,POL,2001,0.84385,0,NA,0.878,NA,NA,0,1,0,0,0,0
Poland,POL,2002,0.84385,0,NA,0.879,NA,NA,0,1,0,0,0,0
Poland,POL,2003,0.84385,0,NA,0.879,NA,NA,0,1,0,0,0,0
Poland,POL,2004,0.84385,0,NA,0.879,NA,NA,0,1,0,0,0,0
Poland,POL,2005,0.84405,0,NA,0.881,NA,NA,0,1,0,0,0,0
Poland,POL,2006,0.84465,0,NA,0.875,NA,NA,0,1,0,0,0,0
Poland,POL,2007,0.8466,0,NA,0.873,NA,NA,0,1,0,0,0,0
Poland,POL,2008,0.867825,0,NA,0.895,NA,NA,0,1,0,0,0,0
Poland,POL,2009,0.867825,0,NA,0.895,NA,NA,0,1,0,0,0,0
Poland,POL,2010,0.867625,0,NA,0.894,NA,NA,0,1,0,0,0,0
Poland,POL,2011,0.86855,0,NA,0.894,NA,NA,0,1,0,0,0,0
Poland,POL,2012,0.86755,0,NA,0.894,NA,NA,0,1,0,0,0,0
Poland,POL,2013,0.8447,0,NA,0.891,NA,NA,0,1,0,0,0,0
Poland,POL,2014,0.8441,0,NA,0.884,NA,NA,0,1,0,0,0,0
Poland,POL,2015,0.834575,0,NA,0.875,NA,NA,0,1,0,0,0,0
Poland,POL,2016,0.778875,0,NA,0.727,NA,NA,0,1,0,0,0,0
Poland,POL,2017,0.7418,0,NA,0.697,NA,NA,0,1,0,0,0,0
Poland,POL,2018,0.7238,0,NA,0.697,NA,NA,0,1,0,0,0,0
Poland,POL,2019,0.721625,0,NA,0.681,NA,NA,0,1,0,0,0,0
Poland,POL,2020,0.7043,0,NA,0.614,NA,NA,0,1,0,0,0,0
Poland,POL,2021,0.691575,0,NA,0.584,NA,NA,0,1,0,0,0,0
Poland,POL,2022,0.69275,0,NA,0.576,NA,NA,0,1,0,0,0,0
Poland,POL,2023,0.7017,0,NA,0.59,NA,NA,0,1,0,0,0,0
Poland,POL,2024,0.771375,0,NA,0.729,NA,NA,0,1,0,0,0,0
Brazil,BRA,1940,0.29235,0,0,0.06,NA,NA,1,0,1,0,0,0
Brazil,BRA,1941,0.29235,0,0,0.06,NA,NA,1,0,1,0,0,0
Brazil,BRA,1942,0.29235,0,0,0.06,NA,NA,1,0,1,0,0,0
Brazil,BRA,1943,0.29235,0,0,0.06,NA,NA,1,0,1,0,0,0
Brazil,BRA,1944,0.29235,0,0,0.06,NA,NA,1,0,1,0,0,0
Brazil,BRA,1945,0.3485,0,0,0.109,NA,NA,1,0,1,0,0,0
Brazil,BRA,1946,0.4492,0,0,0.331,NA,NA,1,0,1,0,0,0
Brazil,BRA,1947,0.4492,0,0,0.378,NA,NA,1,0,1,0,0,0
Brazil,BRA,1948,0.4492,0,0,0.378,NA,NA,1,0,1,0,0,0
Brazil,BRA,1949,0.4492,0,0,0.382,NA,NA,1,0,1,0,0,0
Brazil,BRA,1950,0.4722,0,0,0.388,NA,NA,1,0,1,0,0,0
Brazil,BRA,1951,0.4722,0,0,0.379,NA,NA,1,0,1,0,0,0
Brazil,BRA,1952,0.4722,0,0,0.379,NA,NA,1,0,1,0,0,0
Brazil,BRA,1953,0.4722,0,0,0.38,NA,NA,1,0,1,0,0,0
Brazil,BRA,1954,0.4722,0,0,0.378,NA,NA,1,0,1,0,0,0
Brazil,BRA,1955,0.4722,0,0,0.388,NA,NA,1,0,1,0,0,0
Brazil,BRA,1956,0.4722,0,0,0.393,NA,NA,1,0,1,0,0,0
Brazil,BRA,1957,0.4722,0,0,0.394,NA,NA,1,0,1,0,0,0
Brazil,BRA,1958,0.4722,0,0,0.395,NA,NA,1,0,1,0,0,0
Brazil,BRA,1959,0.4722,0,0,0.397,NA,NA,1,0,1,0,0,0
Brazil,BRA,1960,0.4722,0,0,0.408,NA,NA,1,0,1,0,0,0
Brazil,BRA,1961,0.4722,0,0,0.407,NA,NA,1,0,1,0,0,0
Brazil,BRA,1962,0.4722,0,0,0.407,NA,NA,1,0,1,0,0,0
Brazil,BRA,1963,0.4722,0,0,0.403,NA,NA,1,0,1,0,0,0
Brazil,BRA,1964,0.349575,0,0,0.21,NA,NA,1,0,1,0,0,0
Brazil,BRA,1965,0.297425,0,0,0.147,NA,NA,1,0,1,0,0,0
Brazil,BRA,1966,0.297425,0,0,0.144,NA,NA,1,0,1,0,0,0
Brazil,BRA,1967,0.295025,0,0,0.181,NA,NA,1,0,1,0,0,0
Brazil,BRA,1968,0.292625,0,0,0.18,NA,NA,1,0,1,0,0,0
Brazil,BRA,1969,0.291825,0,0,0.173,NA,NA,1,0,1,0,0,0
Brazil,BRA,1970,0.291825,0,0,0.177,NA,NA,1,0,1,0,0,0
Brazil,BRA,1971,0.291825,0,0,0.174,NA,NA,1,0,1,0,0,0
Brazil,BRA,1972,0.291825,0,0,0.174,NA,NA,1,0,1,0,0,0
Brazil,BRA,1973,0.291825,0,0,0.174,NA,NA,1,0,1,0,0,0
Brazil,BRA,1974,0.291625,0,0,0.175,NA,NA,1,0,1,0,0,0
Brazil,BRA,1975,0.291625,0,0,0.185,NA,NA,1,0,1,0,0,0
Brazil,BRA,1976,0.291625,0,0,0.187,NA,NA,1,0,1,0,0,0
Brazil,BRA,1977,0.291625,0,0,0.188,NA,NA,1,0,1,0,0,0
Brazil,BRA,1978,0.291625,0,0,0.188,NA,NA,1,0,1,0,0,0
Brazil,BRA,1979,0.312425,0,0,0.205,NA,NA,1,0,1,0,0,0
Brazil,BRA,1980,0.321625,0,0,0.254,NA,NA,1,0,1,0,0,0
Brazil,BRA,1981,0.321625,0,0,0.254,NA,NA,1,0,1,0,0,0
Brazil,BRA,1982,0.321625,0,0,0.263,NA,NA,1,0,1,0,0,0
Brazil,BRA,1983,0.321625,0,0,0.284,NA,NA,1,0,1,0,0,0
Brazil,BRA,1984,0.321625,0,0,0.291,NA,NA,1,0,1,0,0,0
Brazil,BRA,1985,0.387075,0,0,0.396,NA,NA,1,0,1,0,0,0
Brazil,BRA,1986,0.478775,0,0,0.478,NA,NA,1,0,1,0,0,0
Brazil,BRA,1987,0.478775,1,NA,0.569,NA,NA,1,0,1,0,0,0
Brazil,BRA,1988,0.580975,0,NA,0.685,NA,NA,1,0,1,0,0,0
Brazil,BRA,1989,0.6325,0,NA,0.728,NA,NA,1,0,1,0,0,0
Brazil,BRA,1990,0.641675,0,NA,0.814,NA,NA,1,0,1,0,0,0
Brazil,BRA,1991,0.656275,0,NA,0.829,NA,NA,1,0,1,0,0,0
Brazil,BRA,1992,0.656275,0,NA,0.839,NA,NA,1,0,1,0,0,0
Brazil,BRA,1993,0.676075,0,NA,0.842,NA,NA,1,0,1,0,0,0
Brazil,BRA,1994,0.693475,0,NA,0.847,NA,NA,1,0,1,0,0,0
Brazil,BRA,1995,0.7007,0,NA,0.848,NA,NA,1,0,1,0,0,0
Brazil,BRA,1996,0.7037,0,NA,0.85,NA,NA,1,0,1,0,0,0
Brazil,BRA,1997,0.7067,0,NA,0.85,NA,NA,1,0,1,0,0,0
Brazil,BRA,1998,0.7067,0,NA,0.851,NA,NA,1,0,1,0,0,0
Brazil,BRA,1999,0.7067,0,NA,0.854,NA,NA,1,0,1,0,0,0
Brazil,BRA,2000,0.713475,0,NA,0.857,NA,NA,1,0,1,0,0,0
Brazil,BRA,2001,0.713475,0,NA,0.857,NA,NA,1,0,1,0,0,0
Brazil,BRA,2002,0.713475,0,NA,0.858,NA,NA,1,0,1,0,0,0
Brazil,BRA,2003,0.713475,0,NA,0.856,NA,NA,1,0,1,0,0,0
Brazil,BRA,2004,0.713475,0,NA,0.856,NA,NA,1,0,1,0,0,0
Brazil,BRA,2005,0.726875,0,NA,0.873,NA,NA,1,0,1,0,0,0
Brazil,BRA,2006,0.726075,0,NA,0.874,NA,NA,1,0,1,0,0,0
Brazil,BRA,2007,0.726075,0,NA,0.869,NA,NA,1,0,1,0,0,0
Brazil,BRA,2008,0.726075,0,NA,0.869,NA,NA,1,0,1,0,0,0
Brazil,BRA,2009,0.726075,0,NA,0.869,NA,NA,1,0,1,0,0,0
Brazil,BRA,2010,0.727075,0,NA,0.872,NA,NA,1,0,1,0,0,0
Brazil,BRA,2011,0.727075,0,NA,0.876,NA,NA,1,0,1,0,0,0
Brazil,BRA,2012,0.726875,0,NA,0.872,NA,NA,1,0,1,0,0,0
Brazil,BRA,2013,0.718875,0,NA,0.876,NA,NA,1,0,1,0,0,0
Brazil,BRA,2014,0.718875,0,NA,0.877,NA,NA,1,0,1,0,0,0
Brazil,BRA,2015,0.718725,0,NA,0.863,NA,NA,1,0,1,0,0,0
Brazil,BRA,2016,0.686775,0,NA,0.782,NA,NA,1,0,1,0,0,0
Brazil,BRA,2017,0.680475,0,NA,0.778,NA,NA,1,0,1,0,0,0
Brazil,BRA,2018,0.67155,0,NA,0.753,NA,NA,1,0,1,0,0,0
Brazil,BRA,2019,0.6255,0,NA,0.698,NA,NA,1,0,1,0,0,0
Brazil,BRA,2020,0.6267,0,NA,0.699,NA,NA,1,0,1,0,0,0
Brazil,BRA,2021,0.6229,0,NA,0.688,NA,NA,1,0,1,0,0,0
Brazil,BRA,2022,0.6085,0,NA,0.699,NA,NA,1,0,1,0,0,0
Brazil,BRA,2023,0.731275,0,NA,0.789,NA,NA,1,0,1,0,0,0
Brazil,BRA,2024,0.737475,0,NA,0.801,NA,NA,1,0,1,0,0,0
United States of America,USA,1940,0.75595,0,0.6931471805599453,0.568,NA,NA,0,1,0,0,0,0
United States of America,USA,1941,0.75795,0,0.6931471805599453,0.564,NA,NA,0,1,0,0,0,0
United States of America,USA,1942,0.75795,0,0.6931471805599453,0.547,NA,NA,0,1,0,0,0,0
United States of America,USA,1943,0.75795,0,0.6931471805599453,0.544,NA,NA,0,1,0,0,0,0
United States of America,USA,1944,0.75795,0,0.6931471805599453,0.545,NA,NA,0,1,0,0,0,0
United States of America,USA,1945,0.75795,0,0.6931471805599453,0.56,NA,NA,0,1,0,0,0,0
United States of America,USA,1946,0.76155,0,0.6931471805599453,0.603,NA,NA,0,1,0,0,0,0
United States of America,USA,1947,0.76155,0,0.6931471805599453,0.607,NA,NA,0,1,0,0,0,0
United States of America,USA,1948,0.76155,0,0.6931471805599453,0.599,NA,NA,0,1,0,0,0,0
United States of America,USA,1949,0.76155,0,0.6931471805599453,0.58,NA,NA,0,1,0,0,0,0
United States of America,USA,1950,0.76335,0,0.6931471805599453,0.585,NA,NA,0,1,0,0,0,0
United States of America,USA,1951,0.76335,0,0.6931471805599453,0.611,NA,NA,0,1,0,0,0,0
United States of America,USA,1952,0.76335,0,0.6931471805599453,0.611,NA,NA,0,1,0,0,0,0
United States of America,USA,1953,0.76335,0,0.6931471805599453,0.612,NA,NA,0,1,0,0,0,0
United States of America,USA,1954,0.76335,0,0.6931471805599453,0.611,NA,NA,0,1,0,0,0,0
United States of America,USA,1955,0.76055,0,0.6931471805599453,0.609,NA,NA,0,1,0,0,0,0
United States of America,USA,1956,0.76055,0,0.6931471805599453,0.613,NA,NA,0,1,0,0,0,0
United States of America,USA,1957,0.76055,0,0.6931471805599453,0.614,NA,NA,0,1,0,0,0,0
United States of America,USA,1958,0.76055,0,0.6931471805599453,0.624,NA,NA,0,1,0,0,0,0
United States of America,USA,1959,0.76055,0,0.6931471805599453,0.623,NA,NA,0,1,0,0,0,0
United States of America,USA,1960,0.76055,0,0.6931471805599453,0.644,NA,NA,0,1,0,0,0,0
United States of America,USA,1961,0.76055,0,0.6931471805599453,0.659,NA,NA,0,1,0,0,0,0
United States of America,USA,1962,0.76055,0,0.6931471805599453,0.661,NA,NA,0,1,0,0,0,0
United States of America,USA,1963,0.76055,0,0.6931471805599453,0.675,NA,NA,0,1,0,0,0,0
United States of America,USA,1964,0.77955,0,0.6931471805599453,0.677,NA,NA,0,1,0,0,0,0
United States of America,USA,1965,0.786975,0,0.6931471805599453,0.677,NA,NA,0,1,0,0,0,0
United States of America,USA,1966,0.8169,0,0.6931471805599453,0.695,NA,NA,0,1,0,0,0,0
United States of America,USA,1967,0.8169,0,0.6931471805599453,0.704,NA,NA,0,1,0,0,0,0
United States of America,USA,1968,0.8169,0,0.6931471805599453,0.702,NA,NA,0,1,0,0,0,0
United States of America,USA,1969,0.843925,0,0.6931471805599453,0.696,NA,NA,0,1,0,0,0,0
United States of America,USA,1970,0.852325,0,0.6931471805599453,0.717,NA,NA,0,1,0,0,0,0
United States of America,USA,1971,0.861325,0,0.6931471805599453,0.726,NA,NA,0,1,0,0,0,0
United States of America,USA,1972,0.862925,0,0.6931471805599453,0.735,NA,NA,0,1,0,0,0,0
United States of America,USA,1973,0.865575,0,0.6931471805599453,0.755,NA,NA,0,1,0,0,0,0
United States of America,USA,1974,0.87115,0,0.6931471805599453,0.76,NA,NA,0,1,0,0,0,0
United States of America,USA,1975,0.886025,0,0.6931471805599453,0.784,NA,NA,0,1,0,0,0,0
United States of America,USA,1976,0.886425,0,0.6931471805599453,0.793,NA,NA,0,1,0,0,0,0
United States of America,USA,1977,0.886425,0,0.6931471805599453,0.828,NA,NA,0,1,0,0,0,0
United States of America,USA,1978,0.886425,0,0.6931471805599453,0.832,NA,NA,0,1,0,0,0,0
United States of America,USA,1979,0.886425,0,0.6931471805599453,0.833,NA,NA,0,1,0,0,0,0
United States of America,USA,1980,0.888825,0,0.6931471805599453,0.847,NA,NA,0,1,0,0,0,0
United States of America,USA,1981,0.884225,0,0.6931471805599453,0.858,NA,NA,0,1,0,0,0,0
United States of America,USA,1982,0.884025,0,0.6931471805599453,0.858,NA,NA,0,1,0,0,0,0
United States of America,USA,1983,0.884025,0,0.6931471805599453,0.859,NA,NA,0,1,0,0,0,0
United States of America,USA,1984,0.884025,0,0.6931471805599453,0.859,NA,NA,0,1,0,0,0,0
United States of America,USA,1985,0.884025,0,0.6931471805599453,0.859,NA,NA,0,1,0,0,0,0
United States of America,USA,1986,0.884025,0,0.6931471805599453,0.859,NA,NA,0,1,0,0,0,0
United States of America,USA,1987,0.888025,0,0.6931471805599453,0.859,NA,NA,0,1,0,0,0,0
United States of America,USA,1988,0.888025,0,0.6931471805599453,0.86,NA,NA,0,1,0,0,0,0
United States of America,USA,1989,0.888625,0,0.6931471805599453,0.861,NA,NA,0,1,0,0,0,0
United States of America,USA,1990,0.901375,0,0.6931471805599453,0.866,NA,NA,0,1,0,0,0,0
United States of America,USA,1991,0.901375,0,0.6931471805599453,0.865,NA,NA,0,1,0,0,0,0
United States of America,USA,1992,0.901375,0,0.6931471805599453,0.869,NA,NA,0,1,0,0,0,0
United States of America,USA,1993,0.913425,0,0.6931471805599453,0.868,NA,NA,0,1,0,0,0,0
United States of America,USA,1994,0.914625,0,0.6931471805599453,0.868,NA,NA,0,1,0,0,0,0
United States of America,USA,1995,0.914625,0,0.6931471805599453,0.868,NA,NA,0,1,0,0,0,0
United States of America,USA,1996,0.914625,0,0.6931471805599453,0.867,NA,NA,0,1,0,0,0,0
United States of America,USA,1997,0.914625,0,0.6931471805599453,0.866,NA,NA,0,1,0,0,0,0
United States of America,USA,1998,0.914625,0,0.6931471805599453,0.867,NA,NA,0,1,0,0,0,0
United States of America,USA,1999,0.914625,0,0.6931471805599453,0.87,NA,NA,0,1,0,0,0,0
United States of America,USA,2000,0.915025,0,0.6931471805599453,0.868,NA,NA,0,1,0,0,0,0
United States of America,USA,2001,0.914825,0,0.6931471805599453,0.821,NA,NA,0,1,0,0,0,0
United States of America,USA,2002,0.914825,0,0.6931471805599453,0.826,NA,NA,0,1,0,0,0,0
United States of America,USA,2003,0.914825,0,0.6931471805599453,0.859,NA,NA,0,1,0,0,0,0
United States of America,USA,2004,0.914825,0,0.6931471805599453,0.862,NA,NA,0,1,0,0,0,0
United States of America,USA,2005,0.914825,0,0.6931471805599453,0.861,NA,NA,0,1,0,0,0,0
United States of America,USA,2006,0.914825,0,0.6931471805599453,0.867,NA,NA,0,1,0,0,0,0
United States of America,USA,2007,0.914825,0,0.6931471805599453,0.897,NA,NA,0,1,0,0,0,0
United States of America,USA,2008,0.921475,0,0.6931471805599453,0.898,NA,NA,0,1,0,0,0,0
United States of America,USA,2009,0.925975,0,0.6931471805599453,0.902,NA,NA,0,1,0,0,0,0
United States of America,USA,2010,0.925975,0,0.6931471805599453,0.902,NA,NA,0,1,0,0,0,0
United States of America,USA,2011,0.925975,0,0.6931471805599453,0.9,NA,NA,0,1,0,0,0,0
United States of America,USA,2012,0.9206,0,0.6931471805599453,0.899,NA,NA,0,1,0,0,0,0
United States of America,USA,2013,0.907,0,0.6931471805599453,0.902,NA,NA,0,1,0,0,0,0
United States of America,USA,2014,0.907,0,0.6931471805599453,0.9,NA,NA,0,1,0,0,0,0
United States of America,USA,2015,0.90485,0,0.6931471805599453,0.9,NA,NA,0,1,0,0,0,0
United States of America,USA,2016,0.8845,0,0.6931471805599453,0.887,NA,NA,0,1,0,0,0,0
United States of America,USA,2017,0.85845,0,0.6931471805599453,0.827,NA,NA,0,1,0,0,0,0
United States of America,USA,2018,0.85945,0,0.6931471805599453,0.823,NA,NA,0,1,0,0,0,0
United States of America,USA,2019,0.850125,0,0.6931471805599453,0.812,NA,NA,0,1,0,0,0,0
United States of America,USA,2020,0.852375,0,0.6931471805599453,0.807,NA,NA,0,1,0,0,0,0
United States of America,USA,2021,0.88355,0,0.6931471805599453,0.821,NA,NA,0,1,0,0,0,0
United States of America,USA,2022,0.88815,0,0.6931471805599453,0.829,NA,NA,0,1,0,0,0,0
United States of America,USA,2023,0.88895,0,0.6931471805599453,0.843,NA,NA,0,1,0,0,0,0
United States of America,USA,2024,0.866125,0,0.6931471805599453,0.84,NA,NA,0,1,0,0,0,0
Portugal,PRT,1940,0.50055,0,0,0.115,NA,NA,0,1,0,0,0,0
Portugal,PRT,1941,0.50055,0,0,0.115,NA,NA,0,1,0,0,0,0
Portugal,PRT,1942,0.50055,0,0,0.116,NA,NA,0,1,0,0,0,0
Portugal,PRT,1943,0.50055,0,0,0.117,NA,NA,0,1,0,0,0,0
Portugal,PRT,1944,0.50055,0,0,0.117,NA,NA,0,1,0,0,0,0
Portugal,PRT,1945,0.50055,0,0,0.118,NA,NA,0,1,0,0,0,0
Portugal,PRT,1946,0.50055,0,0,0.117,NA,NA,0,1,0,0,0,0
Portugal,PRT,1947,0.50055,0,0,0.117,NA,NA,0,1,0,0,0,0
Portugal,PRT,1948,0.50055,0,0,0.117,NA,NA,0,1,0,0,0,0
Portugal,PRT,1949,0.50055,0,0,0.118,NA,NA,0,1,0,0,0,0
Portugal,PRT,1950,0.50055,0,0,0.12,NA,NA,0,1,0,0,0,0
Portugal,PRT,1951,0.50055,0,0,0.12,NA,NA,0,1,0,0,0,0
Portugal,PRT,1952,0.50055,0,0,0.12,NA,NA,0,1,0,0,0,0
Portugal,PRT,1953,0.50055,0,0,0.121,NA,NA,0,1,0,0,0,0
Portugal,PRT,1954,0.50055,0,0,0.12,NA,NA,0,1,0,0,0,0
Portugal,PRT,1955,0.50055,0,0,0.12,NA,NA,0,1,0,0,0,0
Portugal,PRT,1956,0.50055,0,0,0.12,NA,NA,0,1,0,0,0,0
Portugal,PRT,1957,0.50055,0,0,0.121,NA,NA,0,1,0,0,0,0
Portugal,PRT,1958,0.50055,0,0,0.122,NA,NA,0,1,0,0,0,0
Portugal,PRT,1959,0.50055,0,0,0.121,NA,NA,0,1,0,0,0,0
Portugal,PRT,1960,0.51235,0,0,0.128,NA,NA,0,1,0,0,0,0
Portugal,PRT,1961,0.51235,0,0,0.129,NA,NA,0,1,0,0,0,0
Portugal,PRT,1962,0.51235,0,0,0.127,NA,NA,0,1,0,0,0,0
Portugal,PRT,1963,0.51235,0,0,0.127,NA,NA,0,1,0,0,0,0
Portugal,PRT,1964,0.51235,0,0,0.127,NA,NA,0,1,0,0,0,0
Portugal,PRT,1965,0.51995,0,0,0.127,NA,NA,0,1,0,0,0,0
Portugal,PRT,1966,0.51995,0,0,0.118,NA,NA,0,1,0,0,0,0
Portugal,PRT,1967,0.52555,0,0,0.118,NA,NA,0,1,0,0,0,0
Portugal,PRT,1968,0.52555,0,0,0.12,NA,NA,0,1,0,0,0,0
Portugal,PRT,1969,0.54295,0,0,0.128,NA,NA,0,1,0,0,0,0
Portugal,PRT,1970,0.54295,0,0,0.146,NA,NA,0,1,0,0,0,0
Portugal,PRT,1971,0.54295,0,0,0.146,NA,NA,0,1,0,0,0,0
Portugal,PRT,1972,0.54295,0,0,0.147,NA,NA,0,1,0,0,0,0
Portugal,PRT,1973,0.54295,0,0,0.151,NA,NA,0,1,0,0,0,0
Portugal,PRT,1974,0.73345,0,0,0.229,NA,NA,0,1,0,0,0,0
Portugal,PRT,1975,0.771175,0,0,0.309,NA,NA,0,1,0,0,0,0
Portugal,PRT,1976,0.82785,1,0.6931471805599453,0.515,NA,NA,0,1,0,0,0,0
Portugal,PRT,1977,0.889875,0,0.6931471805599453,0.743,NA,NA,0,1,0,0,0,0
Portugal,PRT,1978,0.889875,0,0.6931471805599453,0.746,NA,NA,0,1,0,0,0,0
Portugal,PRT,1979,0.889875,0,0.6931471805599453,0.752,NA,NA,0,1,0,0,0,0
Portugal,PRT,1980,0.889675,0,0.6931471805599453,0.841,NA,NA,0,1,0,0,0,0
Portugal,PRT,1981,0.889675,0,0.6931471805599453,0.846,NA,NA,0,1,0,0,0,0
Portugal,PRT,1982,0.889675,0,0.6931471805599453,0.846,NA,NA,0,1,0,0,0,0
Portugal,PRT,1983,0.891475,0,0.6931471805599453,0.859,NA,NA,0,1,0,0,0,0
Portugal,PRT,1984,0.891475,0,0.6931471805599453,0.865,NA,NA,0,1,0,0,0,0
Portugal,PRT,1985,0.891475,0,0.6931471805599453,0.865,NA,NA,0,1,0,0,0,0
Portugal,PRT,1986,0.892075,0,0.6931471805599453,0.86,NA,NA,0,1,0,0,0,0
Portugal,PRT,1987,0.892075,0,0.6931471805599453,0.866,NA,NA,0,1,0,0,0,0
Portugal,PRT,1988,0.892075,0,0.6931471805599453,0.873,NA,NA,0,1,0,0,0,0
Portugal,PRT,1989,0.892075,0,0.6931471805599453,0.873,NA,NA,0,1,0,0,0,0
Portugal,PRT,1990,0.892075,0,0.6931471805599453,0.873,NA,NA,0,1,0,0,0,0
Portugal,PRT,1991,0.892075,0,0.6931471805599453,0.863,NA,NA,0,1,0,0,0,0
Portugal,PRT,1992,0.896875,0,0.6931471805599453,0.863,NA,NA,0,1,0,0,0,0
Portugal,PRT,1993,0.896875,0,0.6931471805599453,0.863,NA,NA,0,1,0,0,0,0
Portugal,PRT,1994,0.896875,0,0.6931471805599453,0.863,NA,NA,0,1,0,0,0,0
Portugal,PRT,1995,0.896875,0,0.6931471805599453,0.865,NA,NA,0,1,0,0,0,0
Portugal,PRT,1996,0.899875,0,0.6931471805599453,0.871,NA,NA,0,1,0,0,0,0
Portugal,PRT,1997,0.900275,0,0.6931471805599453,0.871,NA,NA,0,1,0,0,0,0
Portugal,PRT,1998,0.900275,0,0.6931471805599453,0.871,NA,NA,0,1,0,0,0,0
Portugal,PRT,1999,0.900275,0,0.6931471805599453,0.87,NA,NA,0,1,0,0,0,0
Portugal,PRT,2000,0.900275,0,0.6931471805599453,0.869,NA,NA,0,1,0,0,0,0
Portugal,PRT,2001,0.900275,0,0.6931471805599453,0.877,NA,NA,0,1,0,0,0,0
Portugal,PRT,2002,0.900275,0,0.6931471805599453,0.878,NA,NA,0,1,0,0,0,0
Portugal,PRT,2003,0.900275,0,0.6931471805599453,0.877,NA,NA,0,1,0,0,0,0
Portugal,PRT,2004,0.900275,0,0.6931471805599453,0.877,NA,NA,0,1,0,0,0,0
Portugal,PRT,2005,0.88825,0,0.6931471805599453,0.89,NA,NA,0,1,0,0,0,0
Portugal,PRT,2006,0.88805,0,0.6931471805599453,0.893,NA,NA,0,1,0,0,0,0
Portugal,PRT,2007,0.88805,0,0.6931471805599453,0.893,NA,NA,0,1,0,0,0,0
Portugal,PRT,2008,0.88805,0,0.6931471805599453,0.894,NA,NA,0,1,0,0,0,0
Portugal,PRT,2009,0.88765,0,0.6931471805599453,0.895,NA,NA,0,1,0,0,0,0
Portugal,PRT,2010,0.8785,0,0.6931471805599453,0.898,NA,NA,0,1,0,0,0,0
Portugal,PRT,2011,0.8789,0,0.6931471805599453,0.888,NA,NA,0,1,0,0,0,0
Portugal,PRT,2012,0.8793,0,0.6931471805599453,0.887,NA,NA,0,1,0,0,0,0
Portugal,PRT,2013,0.850175,0,0.6931471805599453,0.887,NA,NA,0,1,0,0,0,0
Portugal,PRT,2014,0.850175,0,0.6931471805599453,0.887,NA,NA,0,1,0,0,0,0
Portugal,PRT,2015,0.89,0,0.6931471805599453,0.887,NA,NA,0,1,0,0,0,0
Portugal,PRT,2016,0.882,0,0.6931471805599453,0.887,NA,NA,0,1,0,0,0,0
Portugal,PRT,2017,0.89955,0,0.6931471805599453,0.899,NA,NA,0,1,0,0,0,0
Portugal,PRT,2018,0.894875,0,0.6931471805599453,0.899,NA,NA,0,1,0,0,0,0
Portugal,PRT,2019,0.8804,0,0.6931471805599453,0.885,NA,NA,0,1,0,0,0,0
Portugal,PRT,2020,0.825725,0,0.6931471805599453,0.884,NA,NA,0,1,0,0,0,0
Portugal,PRT,2021,0.823125,0,0.6931471805599453,0.887,NA,NA,0,1,0,0,0,0
Portugal,PRT,2022,0.829125,0,0.6931471805599453,0.844,NA,NA,0,1,0,0,0,0
Portugal,PRT,2023,0.806325,0,0.6931471805599453,0.851,NA,NA,0,1,0,0,0,0
Portugal,PRT,2024,0.792125,0,0.6931471805599453,0.831,NA,NA,0,1,0,0,0,0
El Salvador,SLV,1940,0.186125,0,0,0.158,NA,NA,1,0,1,0,0,0
El Salvador,SLV,1941,0.186125,0,0,0.158,NA,NA,1,0,1,0,0,0
El Salvador,SLV,1942,0.186125,0,0,0.158,NA,NA,1,0,1,0,0,0
El Salvador,SLV,1943,0.186125,0,0,0.158,NA,NA,1,0,1,0,0,0
El Salvador,SLV,1944,0.186125,0,0,0.15,NA,NA,1,0,1,0,0,0
El Salvador,SLV,1945,0.212925,0,0,0.168,NA,NA,1,0,1,0,0,0
El Salvador,SLV,1946,0.212925,0,0,0.179,NA,NA,1,0,1,0,0,0
El Salvador,SLV,1947,0.212925,0,0,0.179,NA,NA,1,0,1,0,0,0
El Salvador,SLV,1948,0.212925,0,0,0.175,NA,NA,1,0,1,0,0,0
El Salvador,SLV,1949,0.253625,0,0,0.11,NA,NA,1,0,1,0,0,0
El Salvador,SLV,1950,0.255025,0,0,0.139,NA,NA,1,0,1,0,0,0
El Salvador,SLV,1951,0.255025,0,0,0.185,NA,NA,1,0,1,0,0,0
El Salvador,SLV,1952,0.255025,0,0,0.183,NA,NA,1,0,1,0,0,0
El Salvador,SLV,1953,0.255025,0,0,0.183,NA,NA,1,0,1,0,0,0
El Salvador,SLV,1954,0.255025,0,0,0.184,NA,NA,1,0,1,0,0,0
El Salvador,SLV,1955,0.255025,0,0,0.178,NA,NA,1,0,1,0,0,0
El Salvador,SLV,1956,0.255025,0,0,0.179,NA,NA,1,0,1,0,0,0
El Salvador,SLV,1957,0.255025,0,0,0.179,NA,NA,1,0,1,0,0,0
El Salvador,SLV,1958,0.255025,0,0,0.179,NA,NA,1,0,1,0,0,0
El Salvador,SLV,1959,0.255025,0,0,0.179,NA,NA,1,0,1,0,0,0
El Salvador,SLV,1960,0.230875,0,0,0.178,NA,NA,1,0,1,0,0,0
El Salvador,SLV,1961,0.230875,0,0,0.117,NA,NA,1,0,1,0,0,0
El Salvador,SLV,1962,0.2375,0,0,0.157,NA,NA,1,0,1,0,0,0
El Salvador,SLV,1963,0.2375,0,0,0.188,NA,NA,1,0,1,0,0,0
El Salvador,SLV,1964,0.2375,0,0,0.192,NA,NA,1,0,1,0,0,0
El Salvador,SLV,1965,0.2375,0,0,0.193,NA,NA,1,0,1,0,0,0
El Salvador,SLV,1966,0.2375,0,0,0.192,NA,NA,1,0,1,0,0,0
El Salvador,SLV,1967,0.2375,0,0,0.193,NA,NA,1,0,1,0,0,0
El Salvador,SLV,1968,0.2375,0,0,0.192,NA,NA,1,0,1,0,0,0
El Salvador,SLV,1969,0.2375,0,0,0.192,NA,NA,1,0,1,0,0,0
El Salvador,SLV,1970,0.231875,0,0,0.188,NA,NA,1,0,1,0,0,0
El Salvador,SLV,1971,0.231875,0,0,0.187,NA,NA,1,0,1,0,0,0
El Salvador,SLV,1972,0.203825,0,0,0.182,NA,NA,1,0,1,0,0,0
El Salvador,SLV,1973,0.196475,0,0,0.173,NA,NA,1,0,1,0,0,0
El Salvador,SLV,1974,0.196475,0,0,0.174,NA,NA,1,0,1,0,0,0
El Salvador,SLV,1975,0.196475,0,0,0.174,NA,NA,1,0,1,0,0,0
El Salvador,SLV,1976,0.196475,0,0,0.172,NA,NA,1,0,1,0,0,0
El Salvador,SLV,1977,0.196475,0,0,0.173,NA,NA,1,0,1,0,0,0
El Salvador,SLV,1978,0.196475,0,0,0.172,NA,NA,1,0,1,0,0,0
El Salvador,SLV,1979,0.1882,0,0,0.158,NA,NA,1,0,1,0,0,0
El Salvador,SLV,1980,0.207,0,0,0.102,NA,NA,1,0,1,0,0,0
El Salvador,SLV,1981,0.207,0,0,0.104,NA,NA,1,0,1,0,0,0
El Salvador,SLV,1982,0.207,0,0,0.129,NA,NA,1,0,1,0,0,0
El Salvador,SLV,1983,0.207,0,0,0.139,NA,NA,1,0,1,0,0,0
El Salvador,SLV,1984,0.189,0,0,0.155,NA,NA,1,0,1,0,0,0
El Salvador,SLV,1985,0.189,0,0,0.19,NA,NA,1,0,1,0,0,0
El Salvador,SLV,1986,0.189,0,0,0.199,NA,NA,1,0,1,0,0,0
El Salvador,SLV,1987,0.189,0,0,0.199,NA,NA,1,0,1,0,0,0
El Salvador,SLV,1988,0.189,0,0,0.202,NA,NA,1,0,1,0,0,0
El Salvador,SLV,1989,0.2074,0,0,0.207,NA,NA,1,0,1,0,0,0
El Salvador,SLV,1990,0.218075,0,0,0.214,NA,NA,1,0,1,0,0,0
El Salvador,SLV,1991,0.217875,0,0,0.223,NA,NA,1,0,1,0,0,0
El Salvador,SLV,1992,0.352975,0,0,0.271,NA,NA,1,0,1,0,0,0
El Salvador,SLV,1993,0.408525,0,0,0.375,NA,NA,1,0,1,0,0,0
El Salvador,SLV,1994,0.411725,0,0,0.468,NA,NA,1,0,1,0,0,0
El Salvador,SLV,1995,0.411725,0,0,0.48,NA,NA,1,0,1,0,0,0
El Salvador,SLV,1996,0.411725,0,0,0.482,NA,NA,1,0,1,0,0,0
El Salvador,SLV,1997,0.411725,0,0,0.489,NA,NA,1,0,1,0,0,0
El Salvador,SLV,1998,0.399775,0,0,0.488,NA,NA,1,0,1,0,0,0
El Salvador,SLV,1999,0.399775,1,NA,0.508,NA,NA,1,0,1,0,0,0
El Salvador,SLV,2000,0.41955,0,NA,0.531,NA,NA,1,0,1,0,0,0
El Salvador,SLV,2001,0.41955,0,NA,0.54,NA,NA,1,0,1,0,0,0
El Salvador,SLV,2002,0.42015,0,NA,0.547,NA,NA,1,0,1,0,0,0
El Salvador,SLV,2003,0.42075,0,NA,0.544,NA,NA,1,0,1,0,0,0
El Salvador,SLV,2004,0.38735,0,NA,0.543,NA,NA,1,0,1,0,0,0
El Salvador,SLV,2005,0.38635,0,NA,0.541,NA,NA,1,0,1,0,0,0
El Salvador,SLV,2006,0.38495,0,NA,0.561,NA,NA,1,0,1,0,0,0
El Salvador,SLV,2007,0.38495,0,NA,0.566,NA,NA,1,0,1,0,0,0
El Salvador,SLV,2008,0.39055,0,NA,0.566,NA,NA,1,0,1,0,0,0
El Salvador,SLV,2009,0.39655,0,NA,0.597,NA,NA,1,0,1,0,0,0
El Salvador,SLV,2010,0.39955,0,NA,0.619,NA,NA,1,0,1,0,0,0
El Salvador,SLV,2011,0.39955,0,NA,0.619,NA,NA,1,0,1,0,0,0
El Salvador,SLV,2012,0.40115,0,NA,0.624,NA,NA,1,0,1,0,0,0
El Salvador,SLV,2013,0.429825,0,NA,0.622,NA,NA,1,0,1,0,0,0
El Salvador,SLV,2014,0.431225,0,NA,0.666,NA,NA,1,0,1,0,0,0
El Salvador,SLV,2015,0.431625,0,NA,0.661,NA,NA,1,0,1,0,0,0
El Salvador,SLV,2016,0.425025,0,NA,0.666,NA,NA,1,0,1,0,0,0
El Salvador,SLV,2017,0.415875,0,NA,0.671,NA,NA,1,0,1,0,0,0
El Salvador,SLV,2018,0.388275,0,NA,0.635,NA,NA,1,0,1,0,0,0
El Salvador,SLV,2019,0.3875,0,NA,0.594,NA,NA,1,0,1,0,0,0
El Salvador,SLV,2020,0.338975,0,NA,0.522,NA,NA,1,0,1,0,0,0
El Salvador,SLV,2021,0.274175,0,0,0.409,NA,NA,1,0,1,0,0,0
El Salvador,SLV,2022,0.242375,0,0,0.381,NA,NA,1,0,1,0,0,0
El Salvador,SLV,2023,0.225175,0,0,0.38,NA,NA,1,0,1,0,0,0
El Salvador,SLV,2024,0.240375,0,0,0.339,NA,NA,1,0,1,0,0,0
South Yemen,YMD,1940,0.785575,0,0,0.041,0,NA,1,0,NA,NA,0,0
South Yemen,YMD,1941,0.785575,0,0,0.041,0,NA,1,0,NA,NA,0,0
South Yemen,YMD,1942,0.785575,0,0,0.041,0,NA,1,0,NA,NA,0,0
South Yemen,YMD,1943,0.785575,0,0,0.041,0,NA,1,0,NA,NA,0,0
South Yemen,YMD,1944,0.785575,0,0,0.041,0,NA,1,0,NA,NA,0,0
South Yemen,YMD,1945,0.785575,0,0,0.041,0,NA,1,0,NA,NA,0,0
South Yemen,YMD,1946,0.785575,0,0,0.04,0,NA,1,0,NA,NA,0,0
South Yemen,YMD,1947,0.785575,0,0,0.038,0,NA,1,0,NA,NA,0,0
South Yemen,YMD,1948,0.785575,0,0,0.038,0,NA,1,0,NA,NA,0,0
South Yemen,YMD,1949,0.785575,0,0,0.038,0,NA,1,0,NA,NA,0,0
South Yemen,YMD,1950,0.785575,0,0,0.049,0,NA,1,0,NA,NA,0,0
South Yemen,YMD,1951,0.79975,0,0,0.051,0,NA,1,0,NA,NA,0,0
South Yemen,YMD,1952,0.79975,0,0,0.052,0,NA,1,0,NA,NA,0,0
South Yemen,YMD,1953,0.79975,0,0,0.052,0,NA,1,0,NA,NA,0,0
South Yemen,YMD,1954,0.79975,0,0,0.052,0,NA,1,0,NA,NA,0,0
South Yemen,YMD,1955,0.79975,0,0,0.129,0,NA,1,0,NA,NA,0,0
South Yemen,YMD,1956,0.79975,0,0,0.14,0,NA,1,0,NA,NA,0,0
South Yemen,YMD,1957,0.79975,0,0,0.14,0,NA,1,0,NA,NA,0,0
South Yemen,YMD,1958,0.79975,0,0,0.14,0,NA,1,0,NA,NA,0,0
South Yemen,YMD,1959,0.79975,0,0,0.14,0,NA,1,0,NA,NA,0,0
South Yemen,YMD,1960,0.80135,0,0,0.133,0,NA,1,0,NA,NA,0,0
South Yemen,YMD,1961,0.80135,0,0,0.133,0,NA,1,0,NA,NA,0,0
South Yemen,YMD,1962,0.80135,0,0,0.133,0,NA,1,0,NA,NA,0,0
South Yemen,YMD,1963,0.77975,0,0,0.133,0,NA,1,0,NA,NA,0,0
South Yemen,YMD,1964,0.77975,0,0,0.126,0,NA,1,0,NA,NA,0,0
South Yemen,YMD,1965,0.78055,0,0,0.117,0,NA,1,0,NA,NA,0,0
South Yemen,YMD,1966,0.78055,0,0,0.097,0,NA,1,0,NA,NA,0,0
South Yemen,YMD,1967,0.764475,0,0,0.082,0,NA,1,0,NA,NA,0,0
South Yemen,YMD,1968,0.661675,0,0,0.078,0,NA,1,0,NA,NA,0,0
South Yemen,YMD,1969,0.661675,0,0,0.078,0,NA,1,0,NA,NA,0,0
South Yemen,YMD,1970,0.661675,0,0,0.08,0,NA,1,0,NA,NA,0,0
South Yemen,YMD,1971,0.661675,0,0,0.079,0,NA,1,0,NA,NA,0,0
South Yemen,YMD,1972,0.661675,0,0,0.079,0,NA,1,0,NA,NA,0,0
South Yemen,YMD,1973,0.661675,0,0,0.079,0,NA,1,0,NA,NA,0,0
South Yemen,YMD,1974,0.662275,0,0,0.079,0,NA,1,0,NA,NA,0,0
South Yemen,YMD,1975,0.662275,0,0,0.079,0,NA,1,0,NA,NA,0,0
South Yemen,YMD,1976,0.664475,0,0,0.079,0,NA,1,0,NA,NA,0,0
South Yemen,YMD,1977,0.662475,0,0,0.079,0,NA,1,0,NA,NA,0,0
South Yemen,YMD,1978,0.675475,0,0,0.083,0,NA,1,0,NA,NA,0,0
South Yemen,YMD,1979,0.691475,0,0,0.117,0,NA,1,0,NA,NA,0,0
South Yemen,YMD,1980,0.678075,0,0,0.119,0,NA,1,0,NA,NA,0,0
South Yemen,YMD,1981,0.691675,0,0,0.117,0,NA,1,0,NA,NA,0,0
South Yemen,YMD,1982,0.691675,0,0,0.118,0,NA,1,0,NA,NA,0,0
South Yemen,YMD,1983,0.691675,0,0,0.118,0,NA,1,0,NA,NA,0,0
South Yemen,YMD,1984,0.691675,0,0,0.118,0,NA,1,0,NA,NA,0,0
South Yemen,YMD,1985,0.691675,0,0,0.118,0,NA,1,0,NA,NA,0,0
South Yemen,YMD,1986,0.671075,0,0,0.119,0,NA,1,0,NA,NA,0,0
South Yemen,YMD,1987,0.672475,0,0,0.119,0,NA,1,0,NA,NA,0,0
South Yemen,YMD,1988,0.672475,0,0,0.119,0,NA,1,0,NA,NA,0,0
South Yemen,YMD,1989,0.672475,0,0,0.119,0,NA,1,0,NA,NA,0,0
South Yemen,YMD,1990,0.677675,0,0,0.132,0,NA,1,0,NA,NA,0,0
Bangladesh,BGD,1971,0.37805,0,0,0.171,0,NA,1,0,0,0,0,1
Bangladesh,BGD,1972,0.410375,0,0,0.221,0,NA,1,0,0,0,0,1
Bangladesh,BGD,1973,0.38255,0,0,0.362,0,NA,1,0,0,0,0,1
Bangladesh,BGD,1974,0.30935,0,0,0.381,0,NA,1,0,0,0,0,1
Bangladesh,BGD,1975,0.296775,0,0,0.212,0,NA,1,0,0,0,0,1
Bangladesh,BGD,1976,0.2766,0,0,0.133,0,NA,1,0,0,0,0,1
Bangladesh,BGD,1977,0.2766,0,0,0.176,0,NA,1,0,0,0,0,1
Bangladesh,BGD,1978,0.2963,0,0,0.233,0,NA,1,0,0,0,0,1
Bangladesh,BGD,1979,0.3207,0,0,0.367,0,NA,1,0,0,0,0,1
Bangladesh,BGD,1980,0.3207,0,0,0.382,0,NA,1,0,0,0,0,1
Bangladesh,BGD,1981,0.3207,0,0,0.374,0,NA,1,0,0,0,0,1
Bangladesh,BGD,1982,0.2967,0,0,0.229,0,NA,1,0,0,0,0,1
Bangladesh,BGD,1983,0.2967,0,0,0.183,0,NA,1,0,0,0,0,1
Bangladesh,BGD,1984,0.2967,0,0,0.188,0,NA,1,0,0,0,0,1
Bangladesh,BGD,1985,0.2967,0,0,0.189,0,NA,1,0,0,0,0,1
Bangladesh,BGD,1986,0.2967,0,0,0.238,0,NA,1,0,0,0,0,1
Bangladesh,BGD,1987,0.2967,0,0,0.328,0,NA,1,0,0,0,0,1
Bangladesh,BGD,1988,0.2967,0,0,0.307,0,NA,1,0,0,0,0,1
Bangladesh,BGD,1989,0.2967,0,0,0.301,0,NA,1,0,0,0,0,1
Bangladesh,BGD,1990,0.302125,0,0,0.303,0,NA,1,0,0,0,0,1
Bangladesh,BGD,1991,0.355325,0,0,0.49,0,NA,1,0,0,0,0,1
Bangladesh,BGD,1992,0.355125,1,0.6931471805599453,0.511,2.833213344056216,NA,1,0,0,0,0,1
Bangladesh,BGD,1993,0.355125,0,0.6931471805599453,0.511,2.8903717578961645,NA,1,0,0,0,0,1
Bangladesh,BGD,1994,0.355125,0,0.6931471805599453,0.511,2.9444389791664403,NA,1,0,0,0,0,1
Bangladesh,BGD,1995,0.355125,0,0.6931471805599453,0.511,2.995732273553991,NA,1,0,0,0,0,1
Bangladesh,BGD,1996,0.352675,0,0.6931471805599453,0.5,2.995732273553991,NA,1,0,0,0,0,1
Bangladesh,BGD,1997,0.34405,0,0.6931471805599453,0.511,2.995732273553991,NA,1,0,0,0,0,1
Bangladesh,BGD,1998,0.34405,0,0.6931471805599453,0.511,3.044522437723423,NA,1,0,0,0,0,1
Bangladesh,BGD,1999,0.34405,0,0.6931471805599453,0.511,3.091042453358316,NA,1,0,0,0,0,1
Bangladesh,BGD,2000,0.3563,0,0.6931471805599453,0.511,3.1354942159291497,NA,1,0,0,0,0,1
Bangladesh,BGD,2001,0.3559,0,0.6931471805599453,0.504,3.1780538303479458,NA,1,0,0,0,0,1
Bangladesh,BGD,2002,0.3367,0,0,0.463,0,NA,1,0,0,0,0,1
Bangladesh,BGD,2003,0.3367,0,0,0.474,0,NA,1,0,0,0,0,1
Bangladesh,BGD,2004,0.3367,0,0,0.474,0,NA,1,0,0,0,0,1
Bangladesh,BGD,2005,0.3367,0,0,0.474,0,NA,1,0,0,0,0,1
Bangladesh,BGD,2006,0.336425,0,0,0.424,0,NA,1,0,0,0,0,1
Bangladesh,BGD,2007,0.325675,0,0,0.205,0,NA,1,0,0,0,0,1
Bangladesh,BGD,2008,0.327975,0,0,0.209,0,NA,1,0,0,0,0,1
Bangladesh,BGD,2009,0.259225,0,0,0.418,0,NA,1,0,0,0,0,1
Bangladesh,BGD,2010,0.2528,0,0,0.427,0,NA,1,0,0,0,0,1
Bangladesh,BGD,2011,0.249625,0,0,0.416,0,NA,1,0,0,0,0,1
Bangladesh,BGD,2012,0.2463,0,0,0.411,0,NA,1,0,0,0,0,1
Bangladesh,BGD,2013,0.2372,0,0,0.377,0,NA,1,0,0,0,0,1
Bangladesh,BGD,2014,0.2364,0,0,0.281,0,NA,1,0,0,0,0,1
Bangladesh,BGD,2015,0.26465,0,0,0.271,0,NA,1,0,0,0,0,1
Bangladesh,BGD,2016,0.26205,0,0,0.269,0,NA,1,0,0,0,0,1
Bangladesh,BGD,2017,0.249475,0,0,0.264,0,NA,1,0,0,0,0,1
Bangladesh,BGD,2018,0.243775,0,0,0.254,0,NA,1,0,0,0,0,1
Bangladesh,BGD,2019,0.221375,0,0,0.251,0,NA,1,0,0,0,0,1
Bangladesh,BGD,2020,0.225175,0,0,0.258,0,NA,1,0,0,0,0,1
Bangladesh,BGD,2021,0.218775,0,0,0.254,0,NA,1,0,0,0,0,1
Bangladesh,BGD,2022,0.207675,0,0,0.263,0,NA,1,0,0,0,0,1
Bangladesh,BGD,2023,0.208275,0,0,0.253,0,NA,1,0,0,0,0,1
Bangladesh,BGD,2024,0.292025,0,0,0.201,0,NA,1,0,0,0,0,1
Bolivia,BOL,1940,0.3213,0,0,0.159,NA,NA,1,0,1,0,0,0
Bolivia,BOL,1941,0.3213,0,0,0.159,NA,NA,1,0,1,0,0,0
Bolivia,BOL,1942,0.3213,0,0,0.159,NA,NA,1,0,1,0,0,0
Bolivia,BOL,1943,0.3213,0,0,0.155,NA,NA,1,0,1,0,0,0
Bolivia,BOL,1944,0.32875,0,0,0.1,NA,NA,1,0,1,0,0,0
Bolivia,BOL,1945,0.32875,0,0,0.11,NA,NA,1,0,1,0,0,0
Bolivia,BOL,1946,0.32875,0,0,0.1,NA,NA,1,0,1,0,0,0
Bolivia,BOL,1947,0.321175,0,0,0.16,NA,NA,1,0,1,0,0,0
Bolivia,BOL,1948,0.321175,0,0,0.169,NA,NA,1,0,1,0,0,0
Bolivia,BOL,1949,0.321175,0,0,0.166,NA,NA,1,0,1,0,0,0
Bolivia,BOL,1950,0.321175,0,0,0.164,NA,NA,1,0,1,0,0,0
Bolivia,BOL,1951,0.320575,0,0,0.119,NA,NA,1,0,1,0,0,0
Bolivia,BOL,1952,0.3379,0,0,0.132,NA,NA,1,0,1,0,0,0
Bolivia,BOL,1953,0.344975,0,0,0.216,NA,NA,1,0,1,0,0,0
Bolivia,BOL,1954,0.344975,0,0,0.216,NA,NA,1,0,1,0,0,0
Bolivia,BOL,1955,0.344975,0,0,0.217,NA,NA,1,0,1,0,0,0
Bolivia,BOL,1956,0.345375,0,0,0.241,NA,NA,1,0,1,0,0,0
Bolivia,BOL,1957,0.345375,0,0,0.263,NA,NA,1,0,1,0,0,0
Bolivia,BOL,1958,0.345375,0,0,0.261,NA,NA,1,0,1,0,0,0
Bolivia,BOL,1959,0.345375,0,0,0.26,NA,NA,1,0,1,0,0,0
Bolivia,BOL,1960,0.345375,0,0,0.265,NA,NA,1,0,1,0,0,0
Bolivia,BOL,1961,0.345375,0,0,0.267,NA,NA,1,0,1,0,0,0
Bolivia,BOL,1962,0.345375,0,0,0.261,NA,NA,1,0,1,0,0,0
Bolivia,BOL,1963,0.345375,0,0,0.257,NA,NA,1,0,1,0,0,0
Bolivia,BOL,1964,0.264925,0,0,0.229,NA,NA,1,0,1,0,0,0
Bolivia,BOL,1965,0.20125,0,0,0.123,NA,NA,1,0,1,0,0,0
Bolivia,BOL,1966,0.18225,0,0,0.137,NA,NA,1,0,1,0,0,0
Bolivia,BOL,1967,0.18225,0,0,0.184,NA,NA,1,0,1,0,0,0
Bolivia,BOL,1968,0.18225,0,0,0.184,NA,NA,1,0,1,0,0,0
Bolivia,BOL,1969,0.18225,0,0,0.168,NA,NA,1,0,1,0,0,0
Bolivia,BOL,1970,0.2117,0,0,0.109,NA,NA,1,0,1,0,0,0
Bolivia,BOL,1971,0.1684,0,0,0.098,NA,NA,1,0,1,0,0,0
Bolivia,BOL,1972,0.1684,0,0,0.09,NA,NA,1,0,1,0,0,0
Bolivia,BOL,1973,0.1684,0,0,0.09,NA,NA,1,0,1,0,0,0
Bolivia,BOL,1974,0.1684,0,0,0.089,NA,NA,1,0,1,0,0,0
Bolivia,BOL,1975,0.1684,0,0,0.088,NA,NA,1,0,1,0,0,0
Bolivia,BOL,1976,0.1684,0,0,0.088,NA,NA,1,0,1,0,0,0
Bolivia,BOL,1977,0.1684,0,0,0.088,NA,NA,1,0,1,0,0,0
Bolivia,BOL,1978,0.1694,0,0,0.107,NA,NA,1,0,1,0,0,0
Bolivia,BOL,1979,0.1875,0,0,0.14,NA,NA,1,0,1,0,0,0
Bolivia,BOL,1980,0.136825,0,0,0.126,NA,NA,1,0,1,0,0,0
Bolivia,BOL,1981,0.146425,0,0,0.1,NA,NA,1,0,1,0,0,0
Bolivia,BOL,1982,0.375125,0,0,0.202,NA,NA,1,0,1,0,0,0
Bolivia,BOL,1983,0.432525,0,0,0.321,NA,NA,1,0,1,0,0,0
Bolivia,BOL,1984,0.434725,0,0,0.325,NA,NA,1,0,1,0,0,0
Bolivia,BOL,1985,0.499475,0,0,0.463,NA,NA,1,0,1,0,0,0
Bolivia,BOL,1986,0.507875,1,0.6931471805599453,0.627,NA,NA,1,0,1,0,0,0
Bolivia,BOL,1987,0.513075,0,0.6931471805599453,0.636,NA,NA,1,0,1,0,0,0
Bolivia,BOL,1988,0.513075,0,0.6931471805599453,0.638,NA,NA,1,0,1,0,0,0
Bolivia,BOL,1989,0.513075,0,0.6931471805599453,0.646,NA,NA,1,0,1,0,0,0
Bolivia,BOL,1990,0.511075,0,0.6931471805599453,0.652,NA,NA,1,0,1,0,0,0
Bolivia,BOL,1991,0.511075,0,0.6931471805599453,0.692,NA,NA,1,0,1,0,0,0
Bolivia,BOL,1992,0.511075,0,0.6931471805599453,0.707,NA,NA,1,0,1,0,0,0
Bolivia,BOL,1993,0.511875,0,0.6931471805599453,0.712,NA,NA,1,0,1,0,0,0
Bolivia,BOL,1994,0.511875,0,0.6931471805599453,0.726,NA,NA,1,0,1,0,0,0
Bolivia,BOL,1995,0.511875,0,0.6931471805599453,0.737,NA,NA,1,0,1,0,0,0
Bolivia,BOL,1996,0.511875,0,0.6931471805599453,0.737,NA,NA,1,0,1,0,0,0
Bolivia,BOL,1997,0.520475,0,0.6931471805599453,0.739,NA,NA,1,0,1,0,0,0
Bolivia,BOL,1998,0.520475,0,0.6931471805599453,0.738,NA,NA,1,0,1,0,0,0
Bolivia,BOL,1999,0.520475,0,0.6931471805599453,0.744,NA,NA,1,0,1,0,0,0
Bolivia,BOL,2000,0.520475,0,0.6931471805599453,0.744,NA,NA,1,0,1,0,0,0
Bolivia,BOL,2001,0.520475,0,0.6931471805599453,0.744,NA,NA,1,0,1,0,0,0
Bolivia,BOL,2002,0.514075,0,0.6931471805599453,0.727,NA,NA,1,0,1,0,0,0
Bolivia,BOL,2003,0.521275,0,0.6931471805599453,0.722,NA,NA,1,0,1,0,0,0
Bolivia,BOL,2004,0.523075,0,0.6931471805599453,0.753,NA,NA,1,0,1,0,0,0
Bolivia,BOL,2005,0.522075,0,0.6931471805599453,0.748,NA,NA,1,0,1,0,0,0
Bolivia,BOL,2006,0.488075,0,0.6931471805599453,0.721,NA,NA,1,0,1,0,0,0
Bolivia,BOL,2007,0.488075,0,0.6931471805599453,0.719,NA,NA,1,0,1,0,0,0
Bolivia,BOL,2008,0.4891,0,0.6931471805599453,0.716,NA,NA,1,0,1,0,0,0
Bolivia,BOL,2009,0.4859,0,0.6931471805599453,0.712,NA,NA,1,0,1,0,0,0
Bolivia,BOL,2010,0.4841,0,0.6931471805599453,0.685,NA,NA,1,0,1,0,0,0
Bolivia,BOL,2011,0.4841,0,0.6931471805599453,0.681,NA,NA,1,0,1,0,0,0
Bolivia,BOL,2012,0.4757,0,0.6931471805599453,0.674,NA,NA,1,0,1,0,0,0
Bolivia,BOL,2013,0.504675,0,0.6931471805599453,0.661,NA,NA,1,0,1,0,0,0
Bolivia,BOL,2014,0.503475,0,0.6931471805599453,0.646,NA,NA,1,0,1,0,0,0
Bolivia,BOL,2015,0.509075,0,0.6931471805599453,0.617,NA,NA,1,0,1,0,0,0
Bolivia,BOL,2016,0.509275,0,0.6931471805599453,0.619,NA,NA,1,0,1,0,0,0
Bolivia,BOL,2017,0.515025,0,0.6931471805599453,0.615,NA,NA,1,0,1,0,0,0
Bolivia,BOL,2018,0.5175,0,0.6931471805599453,0.598,NA,NA,1,0,1,0,0,0
Bolivia,BOL,2019,0.482175,0,0,0.481,NA,NA,1,0,1,0,0,0
Bolivia,BOL,2020,0.5085,0,0,0.331,NA,NA,1,0,1,0,0,0
Bolivia,BOL,2021,0.57955,1,1.0986122886681096,0.614,NA,NA,1,0,1,0,0,0
Bolivia,BOL,2022,0.52355,0,1.0986122886681096,0.589,NA,NA,1,0,1,0,0,0
Bolivia,BOL,2023,0.50255,0,1.0986122886681096,0.584,NA,NA,1,0,1,0,0,0
Bolivia,BOL,2024,0.49855,0,1.0986122886681096,0.576,NA,NA,1,0,1,0,0,0
Haiti,HTI,1940,0.282575,0,0,0.162,NA,NA,1,0,1,0,0,0
Haiti,HTI,1941,0.282575,0,0,0.165,NA,NA,1,0,1,0,0,0
Haiti,HTI,1942,0.282575,0,0,0.165,NA,NA,1,0,1,0,0,0
Haiti,HTI,1943,0.282575,0,0,0.165,NA,NA,1,0,1,0,0,0
Haiti,HTI,1944,0.282975,0,0,0.165,NA,NA,1,0,1,0,0,0
Haiti,HTI,1945,0.282975,0,0,0.151,NA,NA,1,0,1,0,0,0
Haiti,HTI,1946,0.277375,0,0,0.138,NA,NA,1,0,1,0,0,0
Haiti,HTI,1947,0.28525,0,0,0.167,NA,NA,1,0,1,0,0,0
Haiti,HTI,1948,0.28525,0,0,0.164,NA,NA,1,0,1,0,0,0
Haiti,HTI,1949,0.28525,0,0,0.164,NA,NA,1,0,1,0,0,0
Haiti,HTI,1950,0.28585,0,0,0.096,NA,NA,1,0,1,0,0,0
Haiti,HTI,1951,0.28465,0,0,0.216,NA,NA,1,0,1,0,0,0
Haiti,HTI,1952,0.28465,0,0,0.216,NA,NA,1,0,1,0,0,0
Haiti,HTI,1953,0.28465,0,0,0.216,NA,NA,1,0,1,0,0,0
Haiti,HTI,1954,0.28465,0,0,0.216,NA,NA,1,0,1,0,0,0
Haiti,HTI,1955,0.28465,0,0,0.214,NA,NA,1,0,1,0,0,0
Haiti,HTI,1956,0.28465,0,0,0.179,NA,NA,1,0,1,0,0,0
Haiti,HTI,1957,0.206075,0,0,0.127,NA,NA,1,0,1,0,0,0
Haiti,HTI,1958,0.15555,0,0,0.148,NA,NA,1,0,1,0,0,0
Haiti,HTI,1959,0.15555,0,0,0.148,NA,NA,1,0,1,0,0,0
Haiti,HTI,1960,0.15555,0,0,0.148,NA,NA,1,0,1,0,0,0
Haiti,HTI,1961,0.15555,0,0,0.146,NA,NA,1,0,1,0,0,0
Haiti,HTI,1962,0.15555,0,0,0.145,NA,NA,1,0,1,0,0,0
Haiti,HTI,1963,0.15555,0,0,0.145,NA,NA,1,0,1,0,0,0
Haiti,HTI,1964,0.15555,0,0,0.144,NA,NA,1,0,1,0,0,0
Haiti,HTI,1965,0.15555,0,0,0.144,NA,NA,1,0,1,0,0,0
Haiti,HTI,1966,0.15555,0,0,0.144,NA,NA,1,0,1,0,0,0
Haiti,HTI,1967,0.15555,0,0,0.144,NA,NA,1,0,1,0,0,0
Haiti,HTI,1968,0.15555,0,0,0.144,NA,NA,1,0,1,0,0,0
Haiti,HTI,1969,0.15555,0,0,0.144,NA,NA,1,0,1,0,0,0
Haiti,HTI,1970,0.15555,0,0,0.144,NA,NA,1,0,1,0,0,0
Haiti,HTI,1971,0.182175,0,0,0.148,NA,NA,1,0,1,0,0,0
Haiti,HTI,1972,0.1937,0,0,0.15,NA,NA,1,0,1,0,0,0
Haiti,HTI,1973,0.1937,0,0,0.15,NA,NA,1,0,1,0,0,0
Haiti,HTI,1974,0.1937,0,0,0.15,NA,NA,1,0,1,0,0,0
Haiti,HTI,1975,0.1937,0,0,0.15,NA,NA,1,0,1,0,0,0
Haiti,HTI,1976,0.1937,0,0,0.15,NA,NA,1,0,1,0,0,0
Haiti,HTI,1977,0.1937,0,0,0.15,NA,NA,1,0,1,0,0,0
Haiti,HTI,1978,0.1937,0,0,0.15,NA,NA,1,0,1,0,0,0
Haiti,HTI,1979,0.1937,0,0,0.151,NA,NA,1,0,1,0,0,0
Haiti,HTI,1980,0.1937,0,0,0.148,NA,NA,1,0,1,0,0,0
Haiti,HTI,1981,0.1937,0,0,0.149,NA,NA,1,0,1,0,0,0
Haiti,HTI,1982,0.1937,0,0,0.149,NA,NA,1,0,1,0,0,0
Haiti,HTI,1983,0.1937,0,0,0.114,NA,NA,1,0,1,0,0,0
Haiti,HTI,1984,0.1937,0,0,0.146,NA,NA,1,0,1,0,0,0
Haiti,HTI,1985,0.1937,0,0,0.151,NA,NA,1,0,1,0,0,0
Haiti,HTI,1986,0.2023,0,0,0.117,NA,NA,1,0,1,0,0,0
Haiti,HTI,1987,0.2568,0,0,0.19,NA,NA,1,0,1,0,0,0
Haiti,HTI,1988,0.2467,0,0,0.257,NA,NA,1,0,1,0,0,0
Haiti,HTI,1989,0.2467,0,0,0.202,NA,NA,1,0,1,0,0,0
Haiti,HTI,1990,0.257175,0,0,0.197,NA,NA,1,0,1,0,0,0
Haiti,HTI,1991,0.2943,0,0,0.324,NA,NA,1,0,1,0,0,0
Haiti,HTI,1992,0.185225,0,0,0.175,NA,NA,1,0,1,0,0,0
Haiti,HTI,1993,0.185225,0,0,0.203,NA,NA,1,0,1,0,0,0
Haiti,HTI,1994,0.203525,0,0,0.227,NA,NA,1,0,1,0,0,0
Haiti,HTI,1995,0.389,0,0,0.346,NA,NA,1,0,1,0,0,0
Haiti,HTI,1996,0.3892,0,0,0.42,NA,NA,1,0,1,0,0,0
Haiti,HTI,1997,0.3956,0,0,0.437,NA,NA,1,0,1,0,0,0
Haiti,HTI,1998,0.399325,0,0,0.439,NA,NA,1,0,1,0,0,0
Haiti,HTI,1999,0.399325,0,0,0.439,NA,NA,1,0,1,0,0,0
Haiti,HTI,2000,0.360825,0,0,0.432,NA,NA,1,0,1,0,0,0
Haiti,HTI,2001,0.358275,0,0,0.411,NA,NA,1,0,1,0,0,0
Haiti,HTI,2002,0.360575,0,0,0.409,NA,NA,1,0,1,0,0,0
Haiti,HTI,2003,0.3397,0,0,0.406,NA,NA,1,0,1,0,0,0
Haiti,HTI,2004,0.2972,0,0,0.243,NA,NA,1,0,1,0,0,0
Haiti,HTI,2005,0.255875,0,0,0.237,NA,NA,1,0,1,0,0,0
Haiti,HTI,2006,0.27135,0,0,0.368,NA,NA,1,0,1,0,0,0
Haiti,HTI,2007,0.279175,0,0,0.446,NA,NA,1,0,1,0,0,0
Haiti,HTI,2008,0.279575,0,0,0.447,NA,NA,1,0,1,0,0,0
Haiti,HTI,2009,0.278575,0,0,0.441,NA,NA,1,0,1,0,0,0
Haiti,HTI,2010,0.270775,0,0,0.434,NA,NA,1,0,1,0,0,0
Haiti,HTI,2011,0.27265,0,0,0.418,NA,NA,1,0,1,0,0,0
Haiti,HTI,2012,0.27245,0,0,0.427,NA,NA,1,0,1,0,0,0
Haiti,HTI,2013,0.268925,0,0,0.424,NA,NA,1,0,1,0,0,0
Haiti,HTI,2014,0.267925,0,0,0.424,NA,NA,1,0,1,0,0,0
Haiti,HTI,2015,0.267325,0,0,0.403,NA,NA,1,0,1,0,0,0
Haiti,HTI,2016,0.284175,0,0,0.394,NA,NA,1,0,1,0,0,0
Haiti,HTI,2017,0.262425,0,0,0.404,NA,NA,1,0,1,0,0,0
Haiti,HTI,2018,0.251575,0,0,0.411,NA,NA,1,0,1,0,0,0
Haiti,HTI,2019,0.246,0,0,0.403,NA,NA,1,0,1,0,0,0
Haiti,HTI,2020,0.2776,0,0,0.371,NA,NA,1,0,1,0,0,0
Haiti,HTI,2021,0.266075,0,0,0.302,NA,NA,1,0,1,0,0,0
Haiti,HTI,2022,0.227175,0,0,0.213,NA,NA,1,0,1,0,0,0
Haiti,HTI,2023,0.225975,0,0,0.211,NA,NA,1,0,1,0,0,0
Haiti,HTI,2024,0.231975,0,0,0.218,NA,NA,1,0,1,0,0,0
Honduras,HND,1940,0.183625,NA,NA,NA,NA,NA,1,0,1,0,0,0
Honduras,HND,1941,0.180625,NA,NA,NA,NA,NA,1,0,1,0,0,0
Honduras,HND,1942,0.180625,NA,NA,NA,NA,NA,1,0,1,0,0,0
Honduras,HND,1943,0.180625,NA,NA,NA,NA,NA,1,0,1,0,0,0
Honduras,HND,1944,0.180625,NA,NA,NA,NA,NA,1,0,1,0,0,0
Honduras,HND,1945,0.180625,0,0,0.152,NA,NA,1,0,1,0,0,0
Honduras,HND,1946,0.180625,0,0,0.152,NA,NA,1,0,1,0,0,0
Honduras,HND,1947,0.180625,0,0,0.155,NA,NA,1,0,1,0,0,0
Honduras,HND,1948,0.181425,0,0,0.161,NA,NA,1,0,1,0,0,0
Honduras,HND,1949,0.181425,0,0,0.187,NA,NA,1,0,1,0,0,0
Honduras,HND,1950,0.294375,0,0,0.246,NA,NA,1,0,1,0,0,0
Honduras,HND,1951,0.294375,0,0,0.246,NA,NA,1,0,1,0,0,0
Honduras,HND,1952,0.294375,0,0,0.246,NA,NA,1,0,1,0,0,0
Honduras,HND,1953,0.294375,0,0,0.246,NA,NA,1,0,1,0,0,0
Honduras,HND,1954,0.300575,0,0,0.242,NA,NA,1,0,1,0,0,0
Honduras,HND,1955,0.283975,0,0,0.137,NA,NA,1,0,1,0,0,0
Honduras,HND,1956,0.285175,0,0,0.17,NA,NA,1,0,1,0,0,0
Honduras,HND,1957,0.283175,0,0,0.191,NA,NA,1,0,1,0,0,0
Honduras,HND,1958,0.30805,0,0,0.178,NA,NA,1,0,1,0,0,0
Honduras,HND,1959,0.31385,0,0,0.178,NA,NA,1,0,1,0,0,0
Honduras,HND,1960,0.304625,0,0,0.18,NA,NA,1,0,1,0,0,0
Honduras,HND,1961,0.304625,0,0,0.18,NA,NA,1,0,1,0,0,0
Honduras,HND,1962,0.304625,0,0,0.18,NA,NA,1,0,1,0,0,0
Honduras,HND,1963,0.2721,0,0,0.176,NA,NA,1,0,1,0,0,0
Honduras,HND,1964,0.23275,0,0,0.137,NA,NA,1,0,1,0,0,0
Honduras,HND,1965,0.23135,0,0,0.149,NA,NA,1,0,1,0,0,0
Honduras,HND,1966,0.23135,0,0,0.14,NA,NA,1,0,1,0,0,0
Honduras,HND,1967,0.23075,0,0,0.14,NA,NA,1,0,1,0,0,0
Honduras,HND,1968,0.23075,0,0,0.14,NA,NA,1,0,1,0,0,0
Honduras,HND,1969,0.23075,0,0,0.14,NA,NA,1,0,1,0,0,0
Honduras,HND,1970,0.23075,0,0,0.141,NA,NA,1,0,1,0,0,0
Honduras,HND,1971,0.23335,0,0,0.244,NA,NA,1,0,1,0,0,0
Honduras,HND,1972,0.23595,0,0,0.252,NA,NA,1,0,1,0,0,0
Honduras,HND,1973,0.23495,0,0,0.141,NA,NA,1,0,1,0,0,0
Honduras,HND,1974,0.23495,0,0,0.141,NA,NA,1,0,1,0,0,0
Honduras,HND,1975,0.23495,0,0,0.141,NA,NA,1,0,1,0,0,0
Honduras,HND,1976,0.23495,0,0,0.141,NA,NA,1,0,1,0,0,0
Honduras,HND,1977,0.23495,0,0,0.139,NA,NA,1,0,1,0,0,0
Honduras,HND,1978,0.23195,0,0,0.138,NA,NA,1,0,1,0,0,0
Honduras,HND,1979,0.23195,0,0,0.14,NA,NA,1,0,1,0,0,0
Honduras,HND,1980,0.249475,0,0,0.175,NA,NA,1,0,1,0,0,0
Honduras,HND,1981,0.287425,0,0,0.188,NA,NA,1,0,1,0,0,0
Honduras,HND,1982,0.297425,0,0,0.371,NA,NA,1,0,1,0,0,0
Honduras,HND,1983,0.302825,0,0,0.398,NA,NA,1,0,1,0,0,0
Honduras,HND,1984,0.302825,0,0,0.398,NA,NA,1,0,1,0,0,0
Honduras,HND,1985,0.302825,0,0,0.403,NA,NA,1,0,1,0,0,0
Honduras,HND,1986,0.311025,0,0,0.4,NA,NA,1,0,1,0,0,0
Honduras,HND,1987,0.311025,0,0,0.404,NA,NA,1,0,1,0,0,0
Honduras,HND,1988,0.326625,0,0,0.404,NA,NA,1,0,1,0,0,0
Honduras,HND,1989,0.32335,0,0,0.407,NA,NA,1,0,1,0,0,0
Honduras,HND,1990,0.32735,0,0,0.482,NA,NA,1,0,1,0,0,0
Honduras,HND,1991,0.32835,0,0,0.491,NA,NA,1,0,1,0,0,0
Honduras,HND,1992,0.32795,0,0,0.491,NA,NA,1,0,1,0,0,0
Honduras,HND,1993,0.32715,0,0,0.491,NA,NA,1,0,1,0,0,0
Honduras,HND,1994,0.33035,1,NA,0.529,NA,NA,1,0,1,0,0,0
Honduras,HND,1995,0.33035,0,NA,0.542,NA,NA,1,0,1,0,0,0
Honduras,HND,1996,0.33735,0,NA,0.548,NA,NA,1,0,1,0,0,0
Honduras,HND,1997,0.33735,0,NA,0.548,NA,NA,1,0,1,0,0,0
Honduras,HND,1998,0.345175,0,NA,0.553,NA,NA,1,0,1,0,0,0
Honduras,HND,1999,0.347575,0,NA,0.554,NA,NA,1,0,1,0,0,0
Honduras,HND,2000,0.356325,0,NA,0.554,NA,NA,1,0,1,0,0,0
Honduras,HND,2001,0.356325,0,NA,0.554,NA,NA,1,0,1,0,0,0
Honduras,HND,2002,0.355525,0,NA,0.557,NA,NA,1,0,1,0,0,0
Honduras,HND,2003,0.355525,0,NA,0.567,NA,NA,1,0,1,0,0,0
Honduras,HND,2004,0.355525,0,NA,0.567,NA,NA,1,0,1,0,0,0
Honduras,HND,2005,0.355525,0,NA,0.562,NA,NA,1,0,1,0,0,0
Honduras,HND,2006,0.362,0,NA,0.521,NA,NA,1,0,1,0,0,0
Honduras,HND,2007,0.362,0,NA,0.524,NA,NA,1,0,1,0,0,0
Honduras,HND,2008,0.362,0,NA,0.52,NA,NA,1,0,1,0,0,0
Honduras,HND,2009,0.32445,0,0,0.441,NA,NA,1,0,1,0,0,0
Honduras,HND,2010,0.317325,0,0,0.402,NA,NA,1,0,1,0,0,0
Honduras,HND,2011,0.327925,0,0,0.415,NA,NA,1,0,1,0,0,0
Honduras,HND,2012,0.323525,0,0,0.416,NA,NA,1,0,1,0,0,0
Honduras,HND,2013,0.335725,0,0,0.411,NA,NA,1,0,1,0,0,0
Honduras,HND,2014,0.351625,0,0,0.428,NA,NA,1,0,1,0,0,0
Honduras,HND,2015,0.3335,0,0,0.422,NA,NA,1,0,1,0,0,0
Honduras,HND,2016,0.3418,0,0,0.423,NA,NA,1,0,1,0,0,0
Honduras,HND,2017,0.342025,0,0,0.412,NA,NA,1,0,1,0,0,0
Honduras,HND,2018,0.342325,0,0,0.362,NA,NA,1,0,1,0,0,0
Honduras,HND,2019,0.33125,0,0,0.368,NA,NA,1,0,1,0,0,0
Honduras,HND,2020,0.328125,0,0,0.372,NA,NA,1,0,1,0,0,0
Honduras,HND,2021,0.349975,0,0,0.39,NA,NA,1,0,1,0,0,0
Honduras,HND,2022,0.44875,1,NA,0.534,NA,NA,1,0,1,0,0,0
Honduras,HND,2023,0.475475,0,NA,0.538,NA,NA,1,0,1,0,0,0
Honduras,HND,2024,0.484275,0,NA,0.541,NA,NA,1,0,1,0,0,0
Mali,MLI,1940,0.43735,0,0,0.031,0,NA,1,0,0,0,1,0
Mali,MLI,1941,0.43735,0,0,0.031,0,NA,1,0,0,0,1,0
Mali,MLI,1942,0.43735,0,0,0.031,0,NA,1,0,0,0,1,0
Mali,MLI,1943,0.43735,0,0,0.031,0,NA,1,0,0,0,1,0
Mali,MLI,1944,0.43735,0,0,0.031,0,NA,1,0,0,0,1,0
Mali,MLI,1945,0.43735,0,0,0.043,0,NA,1,0,0,0,1,0
Mali,MLI,1946,0.43735,0,0,0.058,0,NA,1,0,0,0,1,0
Mali,MLI,1947,0.44895,0,0,0.109,0,NA,1,0,0,0,1,0
Mali,MLI,1948,0.44895,0,0,0.106,0,NA,1,0,0,0,1,0
Mali,MLI,1949,0.44895,0,0,0.109,0,NA,1,0,0,0,1,0
Mali,MLI,1950,0.4596,0,0,0.109,0,NA,1,0,0,0,1,0
Mali,MLI,1951,0.4596,0,0,0.109,0,NA,1,0,0,0,1,0
Mali,MLI,1952,0.4596,0,0,0.111,0,NA,1,0,0,0,1,0
Mali,MLI,1953,0.4596,0,0,0.11,0,NA,1,0,0,0,1,0
Mali,MLI,1954,0.4596,0,0,0.11,0,NA,1,0,0,0,1,0
Mali,MLI,1955,0.4596,0,0,0.11,0,NA,1,0,0,0,1,0
Mali,MLI,1956,0.4596,0,0,0.111,0,NA,1,0,0,0,1,0
Mali,MLI,1957,0.4596,0,0,0.161,0,NA,1,0,0,0,1,0
Mali,MLI,1958,0.4654,0,0,0.162,0,NA,1,0,0,0,1,0
Mali,MLI,1959,0.4592,0,0,0.166,0,NA,1,0,0,0,1,0
Mali,MLI,1960,0.66095,0,0,0.216,0,NA,1,0,0,0,1,0
Mali,MLI,1961,0.66095,0,0,0.25,0,NA,1,0,0,0,1,0
Mali,MLI,1962,0.66095,0,0,0.25,0,NA,1,0,0,0,1,0
Mali,MLI,1963,0.66095,0,0,0.25,0,NA,1,0,0,0,1,0
Mali,MLI,1964,0.66095,0,0,0.237,0,NA,1,0,0,0,1,0
Mali,MLI,1965,0.66095,0,0,0.227,0,NA,1,0,0,0,1,0
Mali,MLI,1966,0.66095,0,0,0.227,0,NA,1,0,0,0,1,0
Mali,MLI,1967,0.66095,0,0,0.229,0,NA,1,0,0,0,1,0
Mali,MLI,1968,0.643275,0,0,0.2,0,NA,1,0,0,0,1,0
Mali,MLI,1969,0.40395,0,0,0.105,0,NA,1,0,0,0,1,0
Mali,MLI,1970,0.40535,0,0,0.103,0,NA,1,0,0,0,1,0
Mali,MLI,1971,0.40535,0,0,0.103,0,NA,1,0,0,0,1,0
Mali,MLI,1972,0.40535,0,0,0.103,0,NA,1,0,0,0,1,0
Mali,MLI,1973,0.40535,0,0,0.103,0,NA,1,0,0,0,1,0
Mali,MLI,1974,0.3982,0,0,0.103,0,NA,1,0,0,0,1,0
Mali,MLI,1975,0.405625,0,0,0.105,0,NA,1,0,0,0,1,0
Mali,MLI,1976,0.405625,0,0,0.105,0,NA,1,0,0,0,1,0
Mali,MLI,1977,0.405625,0,0,0.105,0,NA,1,0,0,0,1,0
Mali,MLI,1978,0.405625,0,0,0.105,0,NA,1,0,0,0,1,0
Mali,MLI,1979,0.405625,0,0,0.149,0,NA,1,0,0,0,1,0
Mali,MLI,1980,0.406825,0,0,0.19,0,NA,1,0,0,0,1,0
Mali,MLI,1981,0.406825,0,0,0.19,0,NA,1,0,0,0,1,0
Mali,MLI,1982,0.406825,0,0,0.19,0,NA,1,0,0,0,1,0
Mali,MLI,1983,0.406825,0,0,0.189,0,NA,1,0,0,0,1,0
Mali,MLI,1984,0.406825,0,0,0.189,0,NA,1,0,0,0,1,0
Mali,MLI,1985,0.406825,0,0,0.19,0,NA,1,0,0,0,1,0
Mali,MLI,1986,0.406825,0,0,0.19,0,NA,1,0,0,0,1,0
Mali,MLI,1987,0.406825,0,0,0.192,0,NA,1,0,0,0,1,0
Mali,MLI,1988,0.406825,0,0,0.197,0,NA,1,0,0,0,1,0
Mali,MLI,1989,0.406825,0,0,0.196,0,NA,1,0,0,0,1,0
Mali,MLI,1990,0.4216,0,0,0.201,0,NA,1,0,0,0,1,0
Mali,MLI,1991,0.48305,0,0,0.208,0,NA,1,0,0,0,1,0
Mali,MLI,1992,0.501875,0,0,0.468,0,NA,1,0,0,0,1,0
Mali,MLI,1993,0.477475,1,0.6931471805599453,0.586,4.51085950651685,NA,1,0,0,0,1,0
Mali,MLI,1994,0.477475,0,0.6931471805599453,0.586,4.5217885770490405,NA,1,0,0,0,1,0
Mali,MLI,1995,0.475475,0,0.6931471805599453,0.586,4.532599493153256,NA,1,0,0,0,1,0
Mali,MLI,1996,0.475475,0,0.6931471805599453,0.586,4.543294782270004,NA,1,0,0,0,1,0
Mali,MLI,1997,0.453275,0,0.6931471805599453,0.548,4.553876891600541,NA,1,0,0,0,1,0
Mali,MLI,1998,0.453275,0,0.6931471805599453,0.521,4.564348191467836,NA,1,0,0,0,1,0
Mali,MLI,1999,0.453275,0,0.6931471805599453,0.521,4.574710978503383,NA,1,0,0,0,1,0
Mali,MLI,2000,0.453275,0,0.6931471805599453,0.521,4.584967478670572,NA,1,0,0,0,1,0
Mali,MLI,2001,0.453275,0,0.6931471805599453,0.521,4.59511985013459,NA,1,0,0,0,1,0
Mali,MLI,2002,0.454675,0,0.6931471805599453,0.599,4.605170185988092,NA,1,0,0,0,1,0
Mali,MLI,2003,0.446325,0,0.6931471805599453,0.625,4.61512051684126,NA,1,0,0,0,1,0
Mali,MLI,2004,0.446325,0,0.6931471805599453,0.625,4.624972813284271,NA,1,0,0,0,1,0
Mali,MLI,2005,0.446325,0,0.6931471805599453,0.625,4.634728988229636,NA,1,0,0,0,1,0
Mali,MLI,2006,0.446325,0,0.6931471805599453,0.625,4.6443908991413725,NA,1,0,0,0,1,0
Mali,MLI,2007,0.446925,0,0.6931471805599453,0.611,4.653960350157523,NA,1,0,0,0,1,0
Mali,MLI,2008,0.448725,0,0.6931471805599453,0.601,4.663439094112067,NA,1,0,0,0,1,0
Mali,MLI,2009,0.448725,0,0.6931471805599453,0.603,4.672828834461906,NA,1,0,0,0,1,0
Mali,MLI,2010,0.436525,0,0.6931471805599453,0.602,4.68213122712422,NA,1,0,0,0,1,0
Mali,MLI,2011,0.4413,0,0.6931471805599453,0.604,4.6913478822291435,NA,1,0,0,0,1,0
Mali,MLI,2012,0.43725,0,0,0.353,0,NA,1,0,0,0,1,0
Mali,MLI,2013,0.46195,0,0,0.326,0,NA,1,0,0,0,1,0
Mali,MLI,2014,0.46195,1,1.0986122886681096,0.539,4.700480365792417,NA,1,0,0,0,1,0
Mali,MLI,2015,0.46195,0,1.0986122886681096,0.542,4.709530201312334,NA,1,0,0,0,1,0
Mali,MLI,2016,0.46195,0,1.0986122886681096,0.542,4.718498871295094,NA,1,0,0,0,1,0
Mali,MLI,2017,0.4215,0,1.0986122886681096,0.532,4.727387818712341,NA,1,0,0,0,1,0
Mali,MLI,2018,0.4227,0,1.0986122886681096,0.512,4.727387818712341,NA,1,0,0,0,1,0
Mali,MLI,2019,0.445425,0,1.0986122886681096,0.51,4.736198448394496,NA,1,0,0,0,1,0
Mali,MLI,2020,0.458125,0,0,0.431,0,NA,1,0,0,0,1,0
Mali,MLI,2021,0.42085,0,0,0.244,0,NA,1,0,0,0,1,0
Mali,MLI,2022,0.403725,0,0,0.232,0,NA,1,0,0,0,1,0
Mali,MLI,2023,0.420475,0,0,0.231,0,NA,1,0,0,0,1,0
Mali,MLI,2024,0.422125,0,0,0.199,0,NA,1,0,0,0,1,0
Pakistan,PAK,1947,0.54815,0,0,0.179,0,NA,1,0,0,0,0,1
Pakistan,PAK,1948,0.57055,0,0,0.179,0,NA,1,0,0,0,0,1
Pakistan,PAK,1949,0.57055,0,0,0.194,0,NA,1,0,0,0,0,1
Pakistan,PAK,1950,0.56455,0,0,0.199,0,NA,1,0,0,0,0,1
Pakistan,PAK,1951,0.549925,0,0,0.199,0,NA,1,0,0,0,0,1
Pakistan,PAK,1952,0.5276,0,0,0.199,0,NA,1,0,0,0,0,1
Pakistan,PAK,1953,0.5276,0,0,0.183,0,NA,1,0,0,0,0,1
Pakistan,PAK,1954,0.5252,0,0,0.181,0,NA,1,0,0,0,0,1
Pakistan,PAK,1955,0.516975,0,0,0.181,0,NA,1,0,0,0,0,1
Pakistan,PAK,1956,0.51985,0,0,0.19,0,NA,1,0,0,0,0,1
Pakistan,PAK,1957,0.51825,0,0,0.196,0,NA,1,0,0,0,0,1
Pakistan,PAK,1958,0.4582,0,0,0.159,0,NA,1,0,0,0,0,1
Pakistan,PAK,1959,0.51315,0,0,0.128,0,NA,1,0,0,0,0,1
Pakistan,PAK,1960,0.53035,0,0,0.128,0,NA,1,0,0,0,0,1
Pakistan,PAK,1961,0.53035,0,0,0.128,0,NA,1,0,0,0,0,1
Pakistan,PAK,1962,0.53255,0,0,0.134,0,NA,1,0,0,0,0,1
Pakistan,PAK,1963,0.552925,0,0,0.138,0,NA,1,0,0,0,0,1
Pakistan,PAK,1964,0.552925,0,0,0.138,0,NA,1,0,0,0,0,1
Pakistan,PAK,1965,0.552925,0,0,0.138,0,NA,1,0,0,0,0,1
Pakistan,PAK,1966,0.555125,0,0,0.142,0,NA,1,0,0,0,0,1
Pakistan,PAK,1967,0.555125,0,0,0.139,0,NA,1,0,0,0,0,1
Pakistan,PAK,1968,0.555125,0,0,0.14,0,NA,1,0,0,0,0,1
Pakistan,PAK,1969,0.508225,0,0,0.141,0,NA,1,0,0,0,0,1
Pakistan,PAK,1970,0.4583,0,0,0.193,0,NA,1,0,0,0,0,1
Pakistan,PAK,1971,0.345,0,0,0.154,0,NA,1,0,0,0,0,1
Pakistan,PAK,1972,0.3436,0,0,0.167,0,NA,1,0,0,0,0,1
Pakistan,PAK,1973,0.384025,0,0,0.192,0,NA,1,0,0,0,0,1
Pakistan,PAK,1974,0.389325,0,0,0.231,0,NA,1,0,0,0,0,1
Pakistan,PAK,1975,0.384825,0,0,0.227,0,NA,1,0,0,0,0,1
Pakistan,PAK,1976,0.384825,0,0,0.231,0,NA,1,0,0,0,0,1
Pakistan,PAK,1977,0.374025,0,0,0.217,0,NA,1,0,0,0,0,1
Pakistan,PAK,1978,0.3523,0,0,0.114,0,NA,1,0,0,0,0,1
Pakistan,PAK,1979,0.3531,0,0,0.106,0,NA,1,0,0,0,0,1
Pakistan,PAK,1980,0.340175,0,0,0.108,0,NA,1,0,0,0,0,1
Pakistan,PAK,1981,0.340175,0,0,0.108,0,NA,1,0,0,0,0,1
Pakistan,PAK,1982,0.340175,0,0,0.111,0,NA,1,0,0,0,0,1
Pakistan,PAK,1983,0.340175,0,0,0.111,0,NA,1,0,0,0,0,1
Pakistan,PAK,1984,0.340175,0,0,0.111,0,NA,1,0,0,0,0,1
Pakistan,PAK,1985,0.361025,0,0,0.157,0,NA,1,0,0,0,0,1
Pakistan,PAK,1986,0.361025,0,0,0.17,0,NA,1,0,0,0,0,1
Pakistan,PAK,1987,0.361025,0,0,0.17,0,NA,1,0,0,0,0,1
Pakistan,PAK,1988,0.312625,0,0,0.212,0,NA,1,0,0,0,0,1
Pakistan,PAK,1989,0.317675,0,0,0.369,0,NA,1,0,0,0,0,1
Pakistan,PAK,1990,0.312075,0,0,0.373,0,NA,1,0,0,0,0,1
Pakistan,PAK,1991,0.312075,0,0,0.369,0,NA,1,0,0,0,0,1
Pakistan,PAK,1992,0.312075,0,0,0.369,0,NA,1,0,0,0,0,1
Pakistan,PAK,1993,0.314075,0,0,0.37,0,NA,1,0,0,0,0,1
Pakistan,PAK,1994,0.313275,0,0,0.376,0,NA,1,0,0,0,0,1
Pakistan,PAK,1995,0.313275,0,0,0.376,0,NA,1,0,0,0,0,1
Pakistan,PAK,1996,0.313275,0,0,0.376,0,NA,1,0,0,0,0,1
Pakistan,PAK,1997,0.29085,0,0,0.388,0,NA,1,0,0,0,0,1
Pakistan,PAK,1998,0.29125,0,0,0.388,0,NA,1,0,0,0,0,1
Pakistan,PAK,1999,0.28685,0,0,0.338,0,NA,1,0,0,0,0,1
Pakistan,PAK,2000,0.290975,0,0,0.203,0,NA,1,0,0,0,0,1
Pakistan,PAK,2001,0.290375,0,0,0.202,0,NA,1,0,0,0,0,1
Pakistan,PAK,2002,0.267375,0,0,0.243,0,NA,1,0,0,0,0,1
Pakistan,PAK,2003,0.292775,0,0,0.357,0,NA,1,0,0,0,0,1
Pakistan,PAK,2004,0.326175,0,0,0.357,0,NA,1,0,0,0,0,1
Pakistan,PAK,2005,0.323775,0,0,0.358,0,NA,1,0,0,0,0,1
Pakistan,PAK,2006,0.323975,0,0,0.355,0,NA,1,0,0,0,0,1
Pakistan,PAK,2007,0.327775,0,0,0.35,0,NA,1,0,0,0,0,1
Pakistan,PAK,2008,0.29425,0,0,0.417,0,NA,1,0,0,0,0,1
Pakistan,PAK,2009,0.311625,0,0,0.441,0,NA,1,0,0,0,0,1
Pakistan,PAK,2010,0.301175,0,0,0.466,0,NA,1,0,0,0,0,1
Pakistan,PAK,2011,0.302175,0,0,0.466,0,NA,1,0,0,0,0,1
Pakistan,PAK,2012,0.289975,0,0,0.462,0,NA,1,0,0,0,0,1
Pakistan,PAK,2013,0.2889,0,0,0.467,0,NA,1,0,0,0,0,1
Pakistan,PAK,2014,0.30545,0,0,0.467,0,NA,1,0,0,0,0,1
Pakistan,PAK,2015,0.307975,0,0,0.439,0,NA,1,0,0,0,0,1
Pakistan,PAK,2016,0.305725,0,0,0.428,0,NA,1,0,0,0,0,1
Pakistan,PAK,2017,0.291875,0,0,0.418,0,NA,1,0,0,0,0,1
Pakistan,PAK,2018,0.3238,0,0,0.395,0,NA,1,0,0,0,0,1
Pakistan,PAK,2019,0.30245,0,0,0.367,0,NA,1,0,0,0,0,1
Pakistan,PAK,2020,0.312425,0,0,0.376,0,NA,1,0,0,0,0,1
Pakistan,PAK,2021,0.324025,0,0,0.393,0,NA,1,0,0,0,0,1
Pakistan,PAK,2022,0.279725,0,0,0.383,0,NA,1,0,0,0,0,1
Pakistan,PAK,2023,0.2773,0,0,0.335,0,NA,1,0,0,0,0,1
Pakistan,PAK,2024,0.3677,0,0,0.313,0,NA,1,0,0,0,0,1
Peru,PER,1940,0.505675,0,0,0.252,NA,NA,1,0,1,0,0,0
Peru,PER,1941,0.505675,0,0,0.252,NA,NA,1,0,1,0,0,0
Peru,PER,1942,0.505675,0,0,0.252,NA,NA,1,0,1,0,0,0
Peru,PER,1943,0.505675,0,0,0.252,NA,NA,1,0,1,0,0,0
Peru,PER,1944,0.505675,0,0,0.252,NA,NA,1,0,1,0,0,0
Peru,PER,1945,0.5021,0,0,0.304,NA,NA,1,0,1,0,0,0
Peru,PER,1946,0.5451,0,0,0.299,NA,NA,1,0,1,0,0,0
Peru,PER,1947,0.5451,0,0,0.307,NA,NA,1,0,1,0,0,0
Peru,PER,1948,0.49885,0,0,0.176,NA,NA,1,0,1,0,0,0
Peru,PER,1949,0.35455,0,0,0.087,NA,NA,1,0,1,0,0,0
Peru,PER,1950,0.35975,0,0,0.12,NA,NA,1,0,1,0,0,0
Peru,PER,1951,0.36355,0,0,0.161,NA,NA,1,0,1,0,0,0
Peru,PER,1952,0.36355,0,0,0.161,NA,NA,1,0,1,0,0,0
Peru,PER,1953,0.35615,0,0,0.161,NA,NA,1,0,1,0,0,0
Peru,PER,1954,0.35615,0,0,0.161,NA,NA,1,0,1,0,0,0
Peru,PER,1955,0.35615,0,0,0.161,NA,NA,1,0,1,0,0,0
Peru,PER,1956,0.41315,0,0,0.265,NA,NA,1,0,1,0,0,0
Peru,PER,1957,0.568175,0,0,0.353,NA,NA,1,0,1,0,0,0
Peru,PER,1958,0.610375,0,0,0.353,NA,NA,1,0,1,0,0,0
Peru,PER,1959,0.610375,0,0,0.353,NA,NA,1,0,1,0,0,0
Peru,PER,1960,0.610375,0,0,0.354,NA,NA,1,0,1,0,0,0
Peru,PER,1961,0.603175,0,0,0.362,NA,NA,1,0,1,0,0,0
Peru,PER,1962,0.587475,0,0,0.278,NA,NA,1,0,1,0,0,0
Peru,PER,1963,0.586475,0,0,0.292,NA,NA,1,0,1,0,0,0
Peru,PER,1964,0.630275,0,0,0.415,NA,NA,1,0,1,0,0,0
Peru,PER,1965,0.630275,0,0,0.415,NA,NA,1,0,1,0,0,0
Peru,PER,1966,0.630275,0,0,0.415,NA,NA,1,0,1,0,0,0
Peru,PER,1967,0.630275,0,0,0.412,NA,NA,1,0,1,0,0,0
Peru,PER,1968,0.51185,0,0,0.265,NA,NA,1,0,1,0,0,0
Peru,PER,1969,0.373925,0,0,0.089,NA,NA,1,0,1,0,0,0
Peru,PER,1970,0.373925,0,0,0.097,NA,NA,1,0,1,0,0,0
Peru,PER,1971,0.373925,0,0,0.097,NA,NA,1,0,1,0,0,0
Peru,PER,1972,0.373925,0,0,0.097,NA,NA,1,0,1,0,0,0
Peru,PER,1973,0.373925,0,0,0.094,NA,NA,1,0,1,0,0,0
Peru,PER,1974,0.373925,0,0,0.092,NA,NA,1,0,1,0,0,0
Peru,PER,1975,0.377525,0,0,0.092,NA,NA,1,0,1,0,0,0
Peru,PER,1976,0.377525,0,0,0.101,NA,NA,1,0,1,0,0,0
Peru,PER,1977,0.377525,0,0,0.101,NA,NA,1,0,1,0,0,0
Peru,PER,1978,0.39625,0,0,0.197,NA,NA,1,0,1,0,0,0
Peru,PER,1979,0.39625,0,0,0.179,NA,NA,1,0,1,0,0,0
Peru,PER,1980,0.482425,0,0,0.442,NA,NA,1,0,1,0,0,0
Peru,PER,1981,0.64375,1,NA,0.672,NA,NA,1,0,1,0,0,0
Peru,PER,1982,0.64375,0,NA,0.671,NA,NA,1,0,1,0,0,0
Peru,PER,1983,0.64615,0,NA,0.671,NA,NA,1,0,1,0,0,0
Peru,PER,1984,0.64615,0,NA,0.671,NA,NA,1,0,1,0,0,0
Peru,PER,1985,0.614225,0,NA,0.662,NA,NA,1,0,1,0,0,0
Peru,PER,1986,0.582575,0,NA,0.665,NA,NA,1,0,1,0,0,0
Peru,PER,1987,0.582575,0,NA,0.665,NA,NA,1,0,1,0,0,0
Peru,PER,1988,0.582575,0,NA,0.665,NA,NA,1,0,1,0,0,0
Peru,PER,1989,0.582575,0,NA,0.665,NA,NA,1,0,1,0,0,0
Peru,PER,1990,0.557175,0,NA,0.618,NA,NA,1,0,1,0,0,0
Peru,PER,1991,0.560175,0,NA,0.604,NA,NA,1,0,1,0,0,0
Peru,PER,1992,0.518725,0,0,0.25,NA,NA,1,0,1,0,0,0
Peru,PER,1993,0.399725,0,0,0.255,NA,NA,1,0,1,0,0,0
Peru,PER,1994,0.399725,0,0,0.251,NA,NA,1,0,1,0,0,0
Peru,PER,1995,0.399725,0,0,0.288,NA,NA,1,0,1,0,0,0
Peru,PER,1996,0.400925,0,0,0.365,NA,NA,1,0,1,0,0,0
Peru,PER,1997,0.388125,0,0,0.365,NA,NA,1,0,1,0,0,0
Peru,PER,1998,0.388525,0,0,0.353,NA,NA,1,0,1,0,0,0
Peru,PER,1999,0.388525,0,0,0.353,NA,NA,1,0,1,0,0,0
Peru,PER,2000,0.425125,0,0,0.418,NA,NA,1,0,1,0,0,0
Peru,PER,2001,0.6702,1,NA,0.728,NA,NA,1,0,1,0,0,0
Peru,PER,2002,0.6662,0,NA,0.797,NA,NA,1,0,1,0,0,0
Peru,PER,2003,0.6662,0,NA,0.797,NA,NA,1,0,1,0,0,0
Peru,PER,2004,0.6662,0,NA,0.795,NA,NA,1,0,1,0,0,0
Peru,PER,2005,0.671,0,NA,0.795,NA,NA,1,0,1,0,0,0
Peru,PER,2006,0.6654,0,NA,0.793,NA,NA,1,0,1,0,0,0
Peru,PER,2007,0.6636,0,NA,0.801,NA,NA,1,0,1,0,0,0
Peru,PER,2008,0.6636,0,NA,0.805,NA,NA,1,0,1,0,0,0
Peru,PER,2009,0.6636,0,NA,0.799,NA,NA,1,0,1,0,0,0
Peru,PER,2010,0.6654,0,NA,0.806,NA,NA,1,0,1,0,0,0
Peru,PER,2011,0.68,0,NA,0.811,NA,NA,1,0,1,0,0,0
Peru,PER,2012,0.6818,0,NA,0.823,NA,NA,1,0,1,0,0,0
Peru,PER,2013,0.660075,0,NA,0.82,NA,NA,1,0,1,0,0,0
Peru,PER,2014,0.660075,0,NA,0.82,NA,NA,1,0,1,0,0,0
Peru,PER,2015,0.67485,0,NA,0.816,NA,NA,1,0,1,0,0,0
Peru,PER,2016,0.67445,0,NA,0.781,NA,NA,1,0,1,0,0,0
Peru,PER,2017,0.67465,0,NA,0.788,NA,NA,1,0,1,0,0,0
Peru,PER,2018,0.68145,0,NA,0.807,NA,NA,1,0,1,0,0,0
Peru,PER,2019,0.67345,0,NA,0.802,NA,NA,1,0,1,0,0,0
Peru,PER,2020,0.66625,0,NA,0.819,NA,NA,1,0,1,0,0,0
Peru,PER,2021,0.6485,0,NA,0.77,NA,NA,1,0,1,0,0,0
Peru,PER,2022,0.6249,0,NA,0.745,NA,NA,1,0,1,0,0,0
Peru,PER,2023,0.6418,0,NA,0.712,NA,NA,1,0,1,0,0,0
Peru,PER,2024,0.6032,0,NA,0.634,NA,NA,1,0,1,0,0,0
Senegal,SEN,1940,0.38065,0,0,0.051,0,NA,1,0,0,0,1,0
Senegal,SEN,1941,0.38065,0,0,0.051,0,NA,1,0,0,0,1,0
Senegal,SEN,1942,0.38065,0,0,0.051,0,NA,1,0,0,0,1,0
Senegal,SEN,1943,0.38065,0,0,0.051,0,NA,1,0,0,0,1,0
Senegal,SEN,1944,0.38065,0,0,0.051,0,NA,1,0,0,0,1,0
Senegal,SEN,1945,0.38065,0,0,0.1,0,NA,1,0,0,0,1,0
Senegal,SEN,1946,0.401325,0,0,0.233,0,NA,1,0,0,0,1,0
Senegal,SEN,1947,0.401325,0,0,0.233,0,NA,1,0,0,0,1,0
Senegal,SEN,1948,0.401325,0,0,0.239,0,NA,1,0,0,0,1,0
Senegal,SEN,1949,0.401325,0,0,0.239,0,NA,1,0,0,0,1,0
Senegal,SEN,1950,0.401325,0,0,0.245,0,NA,1,0,0,0,1,0
Senegal,SEN,1951,0.401325,0,0,0.245,0,NA,1,0,0,0,1,0
Senegal,SEN,1952,0.401325,0,0,0.244,0,NA,1,0,0,0,1,0
Senegal,SEN,1953,0.401325,0,0,0.237,0,NA,1,0,0,0,1,0
Senegal,SEN,1954,0.401325,0,0,0.237,0,NA,1,0,0,0,1,0
Senegal,SEN,1955,0.401325,0,0,0.237,0,NA,1,0,0,0,1,0
Senegal,SEN,1956,0.401325,0,0,0.237,0,NA,1,0,0,0,1,0
Senegal,SEN,1957,0.401325,0,0,0.245,0,NA,1,0,0,0,1,0
Senegal,SEN,1958,0.401325,0,0,0.246,0,NA,1,0,0,0,1,0
Senegal,SEN,1959,0.424925,0,0,0.246,0,NA,1,0,0,0,1,0
Senegal,SEN,1960,0.5774,0,0,0.311,0,NA,1,0,0,0,1,0
Senegal,SEN,1961,0.577,0,0,0.394,0,NA,1,0,0,0,1,0
Senegal,SEN,1962,0.633675,0,0,0.394,0,NA,1,0,0,0,1,0
Senegal,SEN,1963,0.636075,0,0,0.388,0,NA,1,0,0,0,1,0
Senegal,SEN,1964,0.636075,0,0,0.327,0,NA,1,0,0,0,1,0
Senegal,SEN,1965,0.636075,0,0,0.327,0,NA,1,0,0,0,1,0
Senegal,SEN,1966,0.636075,0,0,0.325,0,NA,1,0,0,0,1,0
Senegal,SEN,1967,0.636075,0,0,0.325,0,NA,1,0,0,0,1,0
Senegal,SEN,1968,0.636075,0,0,0.348,0,NA,1,0,0,0,1,0
Senegal,SEN,1969,0.636075,0,0,0.366,0,NA,1,0,0,0,1,0
Senegal,SEN,1970,0.636275,0,0,0.377,0,NA,1,0,0,0,1,0
Senegal,SEN,1971,0.636275,0,0,0.377,0,NA,1,0,0,0,1,0
Senegal,SEN,1972,0.636275,0,0,0.381,0,NA,1,0,0,0,1,0
Senegal,SEN,1973,0.636275,0,0,0.369,0,NA,1,0,0,0,1,0
Senegal,SEN,1974,0.639275,0,0,0.364,0,NA,1,0,0,0,1,0
Senegal,SEN,1975,0.639275,0,0,0.364,0,NA,1,0,0,0,1,0
Senegal,SEN,1976,0.663075,0,0,0.373,0,NA,1,0,0,0,1,0
Senegal,SEN,1977,0.663075,0,0,0.373,0,NA,1,0,0,0,1,0
Senegal,SEN,1978,0.663075,0,0,0.395,0,NA,1,0,0,0,1,0
Senegal,SEN,1979,0.663075,0,0,0.399,0,NA,1,0,0,0,1,0
Senegal,SEN,1980,0.671025,0,0,0.414,0,NA,1,0,0,0,1,0
Senegal,SEN,1981,0.672625,0,0,0.447,0,NA,1,0,0,0,1,0
Senegal,SEN,1982,0.672625,0,0,0.466,0,NA,1,0,0,0,1,0
Senegal,SEN,1983,0.672625,0,0,0.49,0,NA,1,0,0,0,1,0
Senegal,SEN,1984,0.672625,0,0,0.494,0,NA,1,0,0,0,1,0
Senegal,SEN,1985,0.672625,0,0,0.494,0,NA,1,0,0,0,1,0
Senegal,SEN,1986,0.672625,0,0,0.494,0,NA,1,0,0,0,1,0
Senegal,SEN,1987,0.672625,0,0,0.494,0,NA,1,0,0,0,1,0
Senegal,SEN,1988,0.672625,0,0,0.492,0,NA,1,0,0,0,1,0
Senegal,SEN,1989,0.672625,0,0,0.492,0,NA,1,0,0,0,1,0
Senegal,SEN,1990,0.672625,1,0.6931471805599453,0.511,4.454347296253507,NA,1,0,0,0,1,0
Senegal,SEN,1991,0.672625,0,0.6931471805599453,0.523,4.465908118654584,NA,1,0,0,0,1,0
Senegal,SEN,1992,0.672625,0,0.6931471805599453,0.537,4.477336814478207,NA,1,0,0,0,1,0
Senegal,SEN,1993,0.672625,0,0.6931471805599453,0.613,4.48863636973214,NA,1,0,0,0,1,0
Senegal,SEN,1994,0.672625,0,0.6931471805599453,0.629,4.499809670330265,NA,1,0,0,0,1,0
Senegal,SEN,1995,0.672625,0,0.6931471805599453,0.637,4.51085950651685,NA,1,0,0,0,1,0
Senegal,SEN,1996,0.672625,0,0.6931471805599453,0.642,4.5217885770490405,NA,1,0,0,0,1,0
Senegal,SEN,1997,0.672625,0,0.6931471805599453,0.642,4.532599493153256,NA,1,0,0,0,1,0
Senegal,SEN,1998,0.672625,0,0.6931471805599453,0.641,4.543294782270004,NA,1,0,0,0,1,0
Senegal,SEN,1999,0.672625,0,0.6931471805599453,0.641,4.553876891600541,NA,1,0,0,0,1,0
Senegal,SEN,2000,0.67075,0,0.6931471805599453,0.676,4.564348191467836,NA,1,0,0,0,1,0
Senegal,SEN,2001,0.67315,0,0.6931471805599453,0.604,4.574710978503383,NA,1,0,0,0,1,0
Senegal,SEN,2002,0.67315,0,0.6931471805599453,0.688,4.584967478670572,NA,1,0,0,0,1,0
Senegal,SEN,2003,0.67315,0,0.6931471805599453,0.688,4.59511985013459,NA,1,0,0,0,1,0
Senegal,SEN,2004,0.67315,0,0.6931471805599453,0.688,4.605170185988092,NA,1,0,0,0,1,0
Senegal,SEN,2005,0.67315,0,0.6931471805599453,0.688,4.61512051684126,NA,1,0,0,0,1,0
Senegal,SEN,2006,0.67315,0,0.6931471805599453,0.688,4.624972813284271,NA,1,0,0,0,1,0
Senegal,SEN,2007,0.67315,0,0.6931471805599453,0.674,4.634728988229636,NA,1,0,0,0,1,0
Senegal,SEN,2008,0.67315,0,0.6931471805599453,0.669,4.6443908991413725,NA,1,0,0,0,1,0
Senegal,SEN,2009,0.67315,0,0.6931471805599453,0.669,4.653960350157523,NA,1,0,0,0,1,0
Senegal,SEN,2010,0.675075,0,0.6931471805599453,0.683,4.663439094112067,NA,1,0,0,0,1,0
Senegal,SEN,2011,0.675075,0,0.6931471805599453,0.683,4.672828834461906,NA,1,0,0,0,1,0
Senegal,SEN,2012,0.6926,0,0.6931471805599453,0.692,4.68213122712422,NA,1,0,0,0,1,0
Senegal,SEN,2013,0.7532,0,0.6931471805599453,0.725,4.6913478822291435,NA,1,0,0,0,1,0
Senegal,SEN,2014,0.7532,0,0.6931471805599453,0.729,4.700480365792417,NA,1,0,0,0,1,0
Senegal,SEN,2015,0.731325,0,0.6931471805599453,0.729,4.709530201312334,NA,1,0,0,0,1,0
Senegal,SEN,2016,0.72435,0,0.6931471805599453,0.728,4.718498871295094,NA,1,0,0,0,1,0
Senegal,SEN,2017,0.711825,0,0.6931471805599453,0.701,4.727387818712341,NA,1,0,0,0,1,0
Senegal,SEN,2018,0.708025,0,0.6931471805599453,0.694,4.736198448394496,NA,1,0,0,0,1,0
Senegal,SEN,2019,0.700275,0,0.6931471805599453,0.7,4.74493212836325,NA,1,0,0,0,1,0
Senegal,SEN,2020,0.7223,0,0.6931471805599453,0.742,4.7535901911063645,NA,1,0,0,0,1,0
Senegal,SEN,2021,0.7223,0,0.6931471805599453,0.724,4.762173934797756,NA,1,0,0,0,1,0
Senegal,SEN,2022,0.7213,0,0.6931471805599453,0.695,4.770684624465665,NA,1,0,0,0,1,0
Senegal,SEN,2023,0.662625,0,0.6931471805599453,0.626,4.77912349311153,NA,1,0,0,0,1,0
Senegal,SEN,2024,0.6955,0,0.6931471805599453,0.617,4.787491742782046,NA,1,0,0,0,1,0
South Sudan,SSD,2011,0.225025,0,0,0.196,0,NA,1,0,0,0,1,0
South Sudan,SSD,2012,0.2304,0,0,0.196,0,NA,1,0,0,0,1,0
South Sudan,SSD,2013,0.209225,0,0,0.172,0,NA,1,0,0,0,1,0
South Sudan,SSD,2014,0.1657,0,0,0.164,0,NA,1,0,0,0,1,0
South Sudan,SSD,2015,0.149875,0,0,0.167,0,NA,1,0,0,0,1,0
South Sudan,SSD,2016,0.134175,0,0,0.16,0,NA,1,0,0,0,1,0
South Sudan,SSD,2017,0.12335,0,0,0.158,0,NA,1,0,0,0,1,0
South Sudan,SSD,2018,0.1288,0,0,0.153,0,NA,1,0,0,0,1,0
South Sudan,SSD,2019,0.120175,0,0,0.16,0,NA,1,0,0,0,1,0
South Sudan,SSD,2020,0.16395,0,0,0.169,0,NA,1,0,0,0,1,0
South Sudan,SSD,2021,0.1831,0,0,0.133,0,NA,1,0,0,0,1,0
South Sudan,SSD,2022,0.187,0,0,0.127,0,NA,1,0,0,0,1,0
South Sudan,SSD,2023,0.2482,0,0,0.159,0,NA,1,0,0,0,1,0
South Sudan,SSD,2024,0.2482,0,0,0.161,0,NA,1,0,0,0,1,0
Sudan,SDN,1940,0.5704,0,0,0.058,0,NA,1,0,0,0,1,0
Sudan,SDN,1941,0.5704,0,0,0.058,0,NA,1,0,0,0,1,0
Sudan,SDN,1942,0.5704,0,0,0.058,0,NA,1,0,0,0,1,0
Sudan,SDN,1943,0.5704,0,0,0.058,0,NA,1,0,0,0,1,0
Sudan,SDN,1944,0.573275,0,0,0.058,0,NA,1,0,0,0,1,0
Sudan,SDN,1945,0.573275,0,0,0.058,0,NA,1,0,0,0,1,0
Sudan,SDN,1946,0.573275,0,0,0.058,0,NA,1,0,0,0,1,0
Sudan,SDN,1947,0.573275,0,0,0.058,0,NA,1,0,0,0,1,0
Sudan,SDN,1948,0.573275,0,0,0.061,0,NA,1,0,0,0,1,0
Sudan,SDN,1949,0.573275,0,0,0.106,0,NA,1,0,0,0,1,0
Sudan,SDN,1950,0.573275,0,0,0.107,0,NA,1,0,0,0,1,0
Sudan,SDN,1951,0.573275,0,0,0.107,0,NA,1,0,0,0,1,0
Sudan,SDN,1952,0.573275,0,0,0.107,0,NA,1,0,0,0,1,0
Sudan,SDN,1953,0.5935,0,0,0.167,0,NA,1,0,0,0,1,0
Sudan,SDN,1954,0.5935,0,0,0.228,0,NA,1,0,0,0,1,0
Sudan,SDN,1955,0.5935,0,0,0.242,0,NA,1,0,0,0,1,0
Sudan,SDN,1956,0.534875,0,0,0.291,0,NA,1,0,0,0,1,0
Sudan,SDN,1957,0.51575,0,0,0.29,0,NA,1,0,0,0,1,0
Sudan,SDN,1958,0.51015,0,0,0.259,0,NA,1,0,0,0,1,0
Sudan,SDN,1959,0.475425,0,0,0.078,0,NA,1,0,0,0,1,0
Sudan,SDN,1960,0.472625,0,0,0.073,0,NA,1,0,0,0,1,0
Sudan,SDN,1961,0.472625,0,0,0.073,0,NA,1,0,0,0,1,0
Sudan,SDN,1962,0.472625,0,0,0.073,0,NA,1,0,0,0,1,0
Sudan,SDN,1963,0.472625,0,0,0.072,0,NA,1,0,0,0,1,0
Sudan,SDN,1964,0.50302500000000006,0,0,0.105,0,NA,1,0,0,0,1,0
Sudan,SDN,1965,0.518575,0,0,0.208,0,NA,1,0,0,0,1,0
Sudan,SDN,1966,0.518575,0,0,0.204,0,NA,1,0,0,0,1,0
Sudan,SDN,1967,0.518575,0,0,0.204,0,NA,1,0,0,0,1,0
Sudan,SDN,1968,0.51745,0,0,0.227,0,NA,1,0,0,0,1,0
Sudan,SDN,1969,0.451475,0,0,0.099,0,NA,1,0,0,0,1,0
Sudan,SDN,1970,0.408475,0,0,0.101,0,NA,1,0,0,0,1,0
Sudan,SDN,1971,0.406475,0,0,0.11,0,NA,1,0,0,0,1,0
Sudan,SDN,1972,0.400475,0,0,0.145,0,NA,1,0,0,0,1,0
Sudan,SDN,1973,0.40745,0,0,0.146,0,NA,1,0,0,0,1,0
Sudan,SDN,1974,0.40745,0,0,0.152,0,NA,1,0,0,0,1,0
Sudan,SDN,1975,0.40745,0,0,0.162,0,NA,1,0,0,0,1,0
Sudan,SDN,1976,0.40745,0,0,0.162,0,NA,1,0,0,0,1,0
Sudan,SDN,1977,0.40745,0,0,0.161,0,NA,1,0,0,0,1,0
Sudan,SDN,1978,0.40745,0,0,0.177,0,NA,1,0,0,0,1,0
Sudan,SDN,1979,0.40745,0,0,0.182,0,NA,1,0,0,0,1,0
Sudan,SDN,1980,0.40745,0,0,0.173,0,NA,1,0,0,0,1,0
Sudan,SDN,1981,0.401675,0,0,0.186,0,NA,1,0,0,0,1,0
Sudan,SDN,1982,0.399675,0,0,0.165,0,NA,1,0,0,0,1,0
Sudan,SDN,1983,0.3944,0,0,0.185,0,NA,1,0,0,0,1,0
Sudan,SDN,1984,0.398525,0,0,0.2,0,NA,1,0,0,0,1,0
Sudan,SDN,1985,0.45205,0,0,0.213,0,NA,1,0,0,0,1,0
Sudan,SDN,1986,0.45405,0,0,0.332,0,NA,1,0,0,0,1,0
Sudan,SDN,1987,0.45405,0,0,0.371,0,NA,1,0,0,0,1,0
Sudan,SDN,1988,0.45405,0,0,0.371,0,NA,1,0,0,0,1,0
Sudan,SDN,1989,0.24985,0,0,0.17,0,NA,1,0,0,0,1,0
Sudan,SDN,1990,0.16185,0,0,0.087,0,NA,1,0,0,0,1,0
Sudan,SDN,1991,0.16185,0,0,0.087,0,NA,1,0,0,0,1,0
Sudan,SDN,1992,0.16185,0,0,0.088,0,NA,1,0,0,0,1,0
Sudan,SDN,1993,0.16185,0,0,0.088,0,NA,1,0,0,0,1,0
Sudan,SDN,1994,0.16185,0,0,0.09,0,NA,1,0,0,0,1,0
Sudan,SDN,1995,0.16185,0,0,0.09,0,NA,1,0,0,0,1,0
Sudan,SDN,1996,0.16185,0,0,0.138,0,NA,1,0,0,0,1,0
Sudan,SDN,1997,0.166925,0,0,0.153,0,NA,1,0,0,0,1,0
Sudan,SDN,1998,0.166925,0,0,0.153,0,NA,1,0,0,0,1,0
Sudan,SDN,1999,0.166925,0,0,0.151,0,NA,1,0,0,0,1,0
Sudan,SDN,2000,0.173,0,0,0.132,0,NA,1,0,0,0,1,0
Sudan,SDN,2001,0.173,0,0,0.176,0,NA,1,0,0,0,1,0
Sudan,SDN,2002,0.173,0,0,0.175,0,NA,1,0,0,0,1,0
Sudan,SDN,2003,0.173,0,0,0.175,0,NA,1,0,0,0,1,0
Sudan,SDN,2004,0.173,0,0,0.181,0,NA,1,0,0,0,1,0
Sudan,SDN,2005,0.228,0,0,0.205,0,NA,1,0,0,0,1,0
Sudan,SDN,2006,0.2252,0,0,0.207,0,NA,1,0,0,0,1,0
Sudan,SDN,2007,0.2256,0,0,0.205,0,NA,1,0,0,0,1,0
Sudan,SDN,2008,0.2256,0,0,0.207,0,NA,1,0,0,0,1,0
Sudan,SDN,2009,0.2252,0,0,0.208,0,NA,1,0,0,0,1,0
Sudan,SDN,2010,0.2291,0,0,0.222,0,NA,1,0,0,0,1,0
Sudan,SDN,2011,0.203125,0,0,0.219,0,NA,1,0,0,0,1,0
Sudan,SDN,2012,0.20165,0,0,0.216,0,NA,1,0,0,0,1,0
Sudan,SDN,2013,0.2044,0,0,0.216,0,NA,1,0,0,0,1,0
Sudan,SDN,2014,0.198,0,0,0.216,0,NA,1,0,0,0,1,0
Sudan,SDN,2015,0.1994,0,0,0.23,0,NA,1,0,0,0,1,0
Sudan,SDN,2016,0.1996,0,0,0.232,0,NA,1,0,0,0,1,0
Sudan,SDN,2017,0.242375,0,0,0.238,0,NA,1,0,0,0,1,0
Sudan,SDN,2018,0.22865,0,0,0.238,0,NA,1,0,0,0,1,0
Sudan,SDN,2019,0.320175,0,0,0.199,0,NA,1,0,0,0,1,0
Sudan,SDN,2020,0.3188,0,0,0.164,0,NA,1,0,0,0,1,0
Sudan,SDN,2021,0.331725,0,0,0.159,0,NA,1,0,0,0,1,0
Sudan,SDN,2022,0.314075,0,0,0.157,0,NA,1,0,0,0,1,0
Sudan,SDN,2023,0.323475,0,0,0.133,0,NA,1,0,0,0,1,0
Sudan,SDN,2024,0.24765,0,0,0.135,0,NA,1,0,0,0,1,0
Vietnam,VNM,1945,0.52825,0,0,0.084,0,NA,1,0,0,0,0,1
Vietnam,VNM,1946,0.52825,0,0,0.206,0,NA,1,0,0,0,0,1
Vietnam,VNM,1947,0.52825,0,0,0.286,0,NA,1,0,0,0,0,1
Vietnam,VNM,1948,0.4995,0,0,0.262,0,NA,1,0,0,0,0,1
Vietnam,VNM,1949,0.4995,0,0,0.261,0,NA,1,0,0,0,0,1
Vietnam,VNM,1950,0.416625,0,0,0.258,0,NA,1,0,0,0,0,1
Vietnam,VNM,1951,0.394625,0,0,0.247,0,NA,1,0,0,0,0,1
Vietnam,VNM,1952,0.394625,0,0,0.246,0,NA,1,0,0,0,0,1
Vietnam,VNM,1953,0.374225,0,0,0.246,0,NA,1,0,0,0,0,1
Vietnam,VNM,1954,0.374225,0,0,0.241,0,NA,1,0,0,0,0,1
Vietnam,VNM,1955,0.371225,0,0,0.233,0,NA,1,0,0,0,0,1
Vietnam,VNM,1956,0.37845,0,0,0.228,0,NA,1,0,0,0,0,1
Vietnam,VNM,1957,0.3962,0,0,0.223,0,NA,1,0,0,0,0,1
Vietnam,VNM,1958,0.378175,0,0,0.221,0,NA,1,0,0,0,0,1
Vietnam,VNM,1959,0.378175,0,0,0.221,0,NA,1,0,0,0,0,1
Vietnam,VNM,1960,0.378175,0,0,0.218,0,NA,1,0,0,0,0,1
Vietnam,VNM,1961,0.378175,0,0,0.216,0,NA,1,0,0,0,0,1
Vietnam,VNM,1962,0.378175,0,0,0.216,0,NA,1,0,0,0,0,1
Vietnam,VNM,1963,0.378175,0,0,0.216,0,NA,1,0,0,0,0,1
Vietnam,VNM,1964,0.378175,0,0,0.217,0,NA,1,0,0,0,0,1
Vietnam,VNM,1965,0.378175,0,0,0.218,0,NA,1,0,0,0,0,1
Vietnam,VNM,1966,0.366975,0,0,0.218,0,NA,1,0,0,0,0,1
Vietnam,VNM,1967,0.366975,0,0,0.218,0,NA,1,0,0,0,0,1
Vietnam,VNM,1968,0.366975,0,0,0.218,0,NA,1,0,0,0,0,1
Vietnam,VNM,1969,0.366975,0,0,0.218,0,NA,1,0,0,0,0,1
Vietnam,VNM,1970,0.366975,0,0,0.218,0,NA,1,0,0,0,0,1
Vietnam,VNM,1971,0.366975,0,0,0.217,0,NA,1,0,0,0,0,1
Vietnam,VNM,1972,0.366975,0,0,0.217,0,NA,1,0,0,0,0,1
Vietnam,VNM,1973,0.366975,0,0,0.217,0,NA,1,0,0,0,0,1
Vietnam,VNM,1974,0.366975,0,0,0.217,0,NA,1,0,0,0,0,1
Vietnam,VNM,1975,0.366975,0,0,0.214,0,NA,1,0,0,0,0,1
Vietnam,VNM,1976,0.338775,0,0,0.211,0,NA,1,0,0,0,0,1
Vietnam,VNM,1977,0.338775,0,0,0.212,0,NA,1,0,0,0,0,1
Vietnam,VNM,1978,0.338775,0,0,0.149,0,NA,1,0,0,0,0,1
Vietnam,VNM,1979,0.344125,0,0,0.149,0,NA,1,0,0,0,0,1
Vietnam,VNM,1980,0.327525,0,0,0.148,0,NA,1,0,0,0,0,1
Vietnam,VNM,1981,0.328325,0,0,0.146,0,NA,1,0,0,0,0,1
Vietnam,VNM,1982,0.338925,0,0,0.144,0,NA,1,0,0,0,0,1
Vietnam,VNM,1983,0.338925,0,0,0.144,0,NA,1,0,0,0,0,1
Vietnam,VNM,1984,0.338925,0,0,0.144,0,NA,1,0,0,0,0,1
Vietnam,VNM,1985,0.338925,0,0,0.144,0,NA,1,0,0,0,0,1
Vietnam,VNM,1986,0.326575,0,0,0.155,0,NA,1,0,0,0,0,1
Vietnam,VNM,1987,0.3177,0,0,0.164,0,NA,1,0,0,0,0,1
Vietnam,VNM,1988,0.31315,0,0,0.166,0,NA,1,0,0,0,0,1
Vietnam,VNM,1989,0.31315,0,0,0.162,0,NA,1,0,0,0,0,1
Vietnam,VNM,1990,0.32335,0,0,0.154,0,NA,1,0,0,0,0,1
Vietnam,VNM,1991,0.31455,0,0,0.155,0,NA,1,0,0,0,0,1
Vietnam,VNM,1992,0.31295,0,0,0.154,0,NA,1,0,0,0,0,1
Vietnam,VNM,1993,0.32315,0,0,0.152,0,NA,1,0,0,0,0,1
Vietnam,VNM,1994,0.32315,0,0,0.152,0,NA,1,0,0,0,0,1
Vietnam,VNM,1995,0.32315,0,0,0.152,0,NA,1,0,0,0,0,1
Vietnam,VNM,1996,0.32315,0,0,0.154,0,NA,1,0,0,0,0,1
Vietnam,VNM,1997,0.32315,0,0,0.153,0,NA,1,0,0,0,0,1
Vietnam,VNM,1998,0.32235,0,0,0.151,0,NA,1,0,0,0,0,1
Vietnam,VNM,1999,0.3689,0,0,0.151,0,NA,1,0,0,0,0,1
Vietnam,VNM,2000,0.3805,0,0,0.151,0,NA,1,0,0,0,0,1
Vietnam,VNM,2001,0.3805,0,0,0.151,0,NA,1,0,0,0,0,1
Vietnam,VNM,2002,0.3805,0,0,0.148,0,NA,1,0,0,0,0,1
Vietnam,VNM,2003,0.3805,0,0,0.147,0,NA,1,0,0,0,0,1
Vietnam,VNM,2004,0.376675,0,0,0.148,0,NA,1,0,0,0,0,1
Vietnam,VNM,2005,0.3904,0,0,0.146,0,NA,1,0,0,0,0,1
Vietnam,VNM,2006,0.388125,0,0,0.148,0,NA,1,0,0,0,0,1
Vietnam,VNM,2007,0.388125,0,0,0.148,0,NA,1,0,0,0,0,1
Vietnam,VNM,2008,0.388125,0,0,0.149,0,NA,1,0,0,0,0,1
Vietnam,VNM,2009,0.388125,0,0,0.149,0,NA,1,0,0,0,0,1
Vietnam,VNM,2010,0.396325,0,0,0.149,0,NA,1,0,0,0,0,1
Vietnam,VNM,2011,0.396325,0,0,0.149,0,NA,1,0,0,0,0,1
Vietnam,VNM,2012,0.396325,0,0,0.149,0,NA,1,0,0,0,0,1
Vietnam,VNM,2013,0.429275,0,0,0.147,0,NA,1,0,0,0,0,1
Vietnam,VNM,2014,0.429275,0,0,0.147,0,NA,1,0,0,0,0,1
Vietnam,VNM,2015,0.429275,0,0,0.147,0,NA,1,0,0,0,0,1
Vietnam,VNM,2016,0.434825,0,0,0.151,0,NA,1,0,0,0,0,1
Vietnam,VNM,2017,0.4244,0,0,0.151,0,NA,1,0,0,0,0,1
Vietnam,VNM,2018,0.42145,0,0,0.162,0,NA,1,0,0,0,0,1
Vietnam,VNM,2019,0.410725,0,0,0.214,0,NA,1,0,0,0,0,1
Vietnam,VNM,2020,0.397375,0,0,0.211,0,NA,1,0,0,0,0,1
Vietnam,VNM,2021,0.401775,0,0,0.17,0,NA,1,0,0,0,0,1
Vietnam,VNM,2022,0.377425,0,0,0.153,0,NA,1,0,0,0,0,1
Vietnam,VNM,2023,0.380225,0,0,0.148,0,NA,1,0,0,0,0,1
Vietnam,VNM,2024,0.4338,0,0,0.174,0,NA,1,0,0,0,0,1
Republic of Vietnam,VDR,1940,0.4136,0,0,0.094,NA,NA,1,0,NA,NA,0,0
Republic of Vietnam,VDR,1941,0.4136,0,0,0.094,NA,NA,1,0,NA,NA,0,0
Republic of Vietnam,VDR,1942,0.4136,0,0,0.094,NA,NA,1,0,NA,NA,0,0
Republic of Vietnam,VDR,1943,0.4136,0,0,0.094,NA,NA,1,0,NA,NA,0,0
Republic of Vietnam,VDR,1944,0.4136,0,0,0.094,NA,NA,1,0,NA,NA,0,0
Republic of Vietnam,VDR,1945,0.4136,0,0,0.095,NA,NA,1,0,NA,NA,0,0
Republic of Vietnam,VDR,1946,0.4136,0,0,0.097,NA,NA,1,0,NA,NA,0,0
Republic of Vietnam,VDR,1947,0.4136,0,0,0.159,NA,NA,1,0,NA,NA,0,0
Republic of Vietnam,VDR,1948,0.4136,0,0,0.159,NA,NA,1,0,NA,NA,0,0
Republic of Vietnam,VDR,1949,0.46095,0,0,0.165,NA,NA,1,0,NA,NA,0,0
Republic of Vietnam,VDR,1950,0.46095,0,0,0.161,NA,NA,1,0,NA,NA,0,0
Republic of Vietnam,VDR,1951,0.46095,0,0,0.161,NA,NA,1,0,NA,NA,0,0
Republic of Vietnam,VDR,1952,0.46095,0,0,0.161,NA,NA,1,0,NA,NA,0,0
Republic of Vietnam,VDR,1953,0.46095,0,0,0.161,NA,NA,1,0,NA,NA,0,0
Republic of Vietnam,VDR,1954,0.46095,0,0,0.158,NA,NA,1,0,NA,NA,0,0
Republic of Vietnam,VDR,1955,0.46185,0,0,0.177,NA,NA,1,0,NA,NA,0,0
Republic of Vietnam,VDR,1956,0.448875,0,0,0.291,NA,NA,1,0,NA,NA,0,0
Republic of Vietnam,VDR,1957,0.448875,0,0,0.299,NA,NA,1,0,NA,NA,0,0
Republic of Vietnam,VDR,1958,0.448875,0,0,0.299,NA,NA,1,0,NA,NA,0,0
Republic of Vietnam,VDR,1959,0.448875,0,0,0.298,NA,NA,1,0,NA,NA,0,0
Republic of Vietnam,VDR,1960,0.448875,0,0,0.296,NA,NA,1,0,NA,NA,0,0
Republic of Vietnam,VDR,1961,0.448875,0,0,0.295,NA,NA,1,0,NA,NA,0,0
Republic of Vietnam,VDR,1962,0.448875,0,0,0.295,NA,NA,1,0,NA,NA,0,0
Republic of Vietnam,VDR,1963,0.448875,0,0,0.278,NA,NA,1,0,NA,NA,0,0
Republic of Vietnam,VDR,1964,0.4977,0,0,0.163,NA,NA,1,0,NA,NA,0,0
Republic of Vietnam,VDR,1965,0.5025,0,0,0.156,NA,NA,1,0,NA,NA,0,0
Republic of Vietnam,VDR,1966,0.5025,0,0,0.174,NA,NA,1,0,NA,NA,0,0
Republic of Vietnam,VDR,1967,0.5025,0,0,0.199,NA,NA,1,0,NA,NA,0,0
Republic of Vietnam,VDR,1968,0.5127,0,0,0.316,NA,NA,1,0,NA,NA,0,0
Republic of Vietnam,VDR,1969,0.5127,0,0,0.316,NA,NA,1,0,NA,NA,0,0
Republic of Vietnam,VDR,1970,0.5127,0,0,0.316,NA,NA,1,0,NA,NA,0,0
Republic of Vietnam,VDR,1971,0.5127,0,0,0.318,NA,NA,1,0,NA,NA,0,0
Republic of Vietnam,VDR,1972,0.5127,0,0,0.321,NA,NA,1,0,NA,NA,0,0
Republic of Vietnam,VDR,1973,0.5127,0,0,0.321,NA,NA,1,0,NA,NA,0,0
Republic of Vietnam,VDR,1974,0.5127,0,0,0.321,NA,NA,1,0,NA,NA,0,0
Republic of Vietnam,VDR,1975,0.5127,0,0,0.319,NA,NA,1,0,NA,NA,0,0
Afghanistan,AFG,1940,0.432975,0,0,0.088,NA,NA,1,0,0,0,0,1
Afghanistan,AFG,1941,0.432975,0,0,0.088,NA,NA,1,0,0,0,0,1
Afghanistan,AFG,1942,0.432975,0,0,0.088,NA,NA,1,0,0,0,0,1
Afghanistan,AFG,1943,0.432975,0,0,0.086,NA,NA,1,0,0,0,0,1
Afghanistan,AFG,1944,0.432975,0,0,0.086,NA,NA,1,0,0,0,0,1
Afghanistan,AFG,1945,0.432975,0,0,0.086,NA,NA,1,0,0,0,0,1
Afghanistan,AFG,1946,0.432975,0,0,0.091,NA,NA,1,0,0,0,0,1
Afghanistan,AFG,1947,0.432975,0,0,0.092,NA,NA,1,0,0,0,0,1
Afghanistan,AFG,1948,0.432975,0,0,0.092,NA,NA,1,0,0,0,0,1
Afghanistan,AFG,1949,0.432975,0,0,0.096,NA,NA,1,0,0,0,0,1
Afghanistan,AFG,1950,0.432975,0,0,0.1,NA,NA,1,0,0,0,0,1
Afghanistan,AFG,1951,0.432975,0,0,0.1,NA,NA,1,0,0,0,0,1
Afghanistan,AFG,1952,0.432975,0,0,0.089,NA,NA,1,0,0,0,0,1
Afghanistan,AFG,1953,0.432975,0,0,0.086,NA,NA,1,0,0,0,0,1
Afghanistan,AFG,1954,0.432975,0,0,0.079,NA,NA,1,0,0,0,0,1
Afghanistan,AFG,1955,0.432975,0,0,0.082,NA,NA,1,0,0,0,0,1
Afghanistan,AFG,1956,0.432975,0,0,0.083,NA,NA,1,0,0,0,0,1
Afghanistan,AFG,1957,0.432975,0,0,0.083,NA,NA,1,0,0,0,0,1
Afghanistan,AFG,1958,0.432975,0,0,0.08,NA,NA,1,0,0,0,0,1
Afghanistan,AFG,1959,0.432975,0,0,0.08,NA,NA,1,0,0,0,0,1
Afghanistan,AFG,1960,0.432975,0,0,0.082,NA,NA,1,0,0,0,0,1
Afghanistan,AFG,1961,0.432975,0,0,0.083,NA,NA,1,0,0,0,0,1
Afghanistan,AFG,1962,0.432975,0,0,0.083,NA,NA,1,0,0,0,0,1
Afghanistan,AFG,1963,0.417225,0,0,0.086,NA,NA,1,0,0,0,0,1
Afghanistan,AFG,1964,0.4188,0,0,0.139,NA,NA,1,0,0,0,0,1
Afghanistan,AFG,1965,0.4188,0,0,0.152,NA,NA,1,0,0,0,0,1
Afghanistan,AFG,1966,0.4188,0,0,0.164,NA,NA,1,0,0,0,0,1
Afghanistan,AFG,1967,0.4188,0,0,0.166,NA,NA,1,0,0,0,0,1
Afghanistan,AFG,1968,0.4188,0,0,0.166,NA,NA,1,0,0,0,0,1
Afghanistan,AFG,1969,0.4188,0,0,0.165,NA,NA,1,0,0,0,0,1
Afghanistan,AFG,1970,0.4188,0,0,0.163,NA,NA,1,0,0,0,0,1
Afghanistan,AFG,1971,0.4188,0,0,0.163,NA,NA,1,0,0,0,0,1
Afghanistan,AFG,1972,0.4032,0,0,0.157,NA,NA,1,0,0,0,0,1
Afghanistan,AFG,1973,0.38975,0,0,0.153,NA,NA,1,0,0,0,0,1
Afghanistan,AFG,1974,0.39385,0,0,0.104,NA,NA,1,0,0,0,0,1
Afghanistan,AFG,1975,0.39385,0,0,0.105,NA,NA,1,0,0,0,0,1
Afghanistan,AFG,1976,0.39385,0,0,0.105,NA,NA,1,0,0,0,0,1
Afghanistan,AFG,1977,0.39385,0,0,0.102,NA,NA,1,0,0,0,0,1
Afghanistan,AFG,1978,0.323275,0,0,0.087,NA,NA,1,0,0,0,0,1
Afghanistan,AFG,1979,0.3033,0,0,0.084,NA,NA,1,0,0,0,0,1
Afghanistan,AFG,1980,0.30505,0,0,0.084,NA,NA,1,0,0,0,0,1
Afghanistan,AFG,1981,0.325525,0,0,0.085,NA,NA,1,0,0,0,0,1
Afghanistan,AFG,1982,0.325925,0,0,0.084,NA,NA,1,0,0,0,0,1
Afghanistan,AFG,1983,0.325925,0,0,0.085,NA,NA,1,0,0,0,0,1
Afghanistan,AFG,1984,0.325925,0,0,0.084,NA,NA,1,0,0,0,0,1
Afghanistan,AFG,1985,0.325925,0,0,0.084,NA,NA,1,0,0,0,0,1
Afghanistan,AFG,1986,0.325925,0,0,0.084,NA,NA,1,0,0,0,0,1
Afghanistan,AFG,1987,0.325925,0,0,0.084,NA,NA,1,0,0,0,0,1
Afghanistan,AFG,1988,0.326525,0,0,0.092,NA,NA,1,0,0,0,0,1
Afghanistan,AFG,1989,0.326525,0,0,0.094,NA,NA,1,0,0,0,0,1
Afghanistan,AFG,1990,0.298675,0,0,0.093,NA,NA,1,0,0,0,0,1
Afghanistan,AFG,1991,0.248725,0,0,0.093,NA,NA,1,0,0,0,0,1
Afghanistan,AFG,1992,0.1543,0,0,0.096,NA,NA,1,0,0,0,0,1
Afghanistan,AFG,1993,0.0752,0,0,0.094,NA,NA,1,0,0,0,0,1
Afghanistan,AFG,1994,0.0752,0,0,0.094,NA,NA,1,0,0,0,0,1
Afghanistan,AFG,1995,0.09665,0,0,0.094,NA,NA,1,0,0,0,0,1
Afghanistan,AFG,1996,0.158975,0,0,0.076,NA,NA,1,0,0,0,0,1
Afghanistan,AFG,1997,0.17595,0,0,0.073,NA,NA,1,0,0,0,0,1
Afghanistan,AFG,1998,0.17475,0,0,0.073,NA,NA,1,0,0,0,0,1
Afghanistan,AFG,1999,0.17475,0,0,0.073,NA,NA,1,0,0,0,0,1
Afghanistan,AFG,2000,0.17475,0,0,0.073,NA,NA,1,0,0,0,0,1
Afghanistan,AFG,2001,0.199325,0,0,0.084,NA,NA,1,0,0,0,0,1
Afghanistan,AFG,2002,0.27605,0,0,0.22,NA,NA,1,0,0,0,0,1
Afghanistan,AFG,2003,0.265475,0,0,0.227,NA,NA,1,0,0,0,0,1
Afghanistan,AFG,2004,0.264275,0,0,0.238,NA,NA,1,0,0,0,0,1
Afghanistan,AFG,2005,0.255675,0,0,0.319,NA,NA,1,0,0,0,0,1
Afghanistan,AFG,2006,0.253675,0,0,0.373,NA,NA,1,0,0,0,0,1
Afghanistan,AFG,2007,0.252075,0,0,0.373,NA,NA,1,0,0,0,0,1
Afghanistan,AFG,2008,0.253025,0,0,0.379,NA,NA,1,0,0,0,0,1
Afghanistan,AFG,2009,0.253825,0,0,0.37,NA,NA,1,0,0,0,0,1
Afghanistan,AFG,2010,0.25365,0,0,0.353,NA,NA,1,0,0,0,0,1
Afghanistan,AFG,2011,0.2562,0,0,0.358,NA,NA,1,0,0,0,0,1
Afghanistan,AFG,2012,0.2532,0,0,0.362,NA,NA,1,0,0,0,0,1
Afghanistan,AFG,2013,0.2495,0,0,0.357,NA,NA,1,0,0,0,0,1
Afghanistan,AFG,2014,0.265375,0,0,0.355,NA,NA,1,0,0,0,0,1
Afghanistan,AFG,2015,0.27595,0,0,0.353,NA,NA,1,0,0,0,0,1
Afghanistan,AFG,2016,0.26395,0,0,0.34,NA,NA,1,0,0,0,0,1
Afghanistan,AFG,2017,0.274175,0,0,0.339,NA,NA,1,0,0,0,0,1
Afghanistan,AFG,2018,0.281775,0,0,0.336,NA,NA,1,0,0,0,0,1
Afghanistan,AFG,2019,0.286875,0,0,0.338,NA,NA,1,0,0,0,0,1
Afghanistan,AFG,2020,0.309125,0,0,0.335,NA,NA,1,0,0,0,0,1
Afghanistan,AFG,2021,0.258075,0,0,0.144,NA,NA,1,0,0,0,0,1
Afghanistan,AFG,2022,0.185975,0,0,0.076,NA,NA,1,0,0,0,0,1
Afghanistan,AFG,2023,0.185775,0,0,0.073,NA,NA,1,0,0,0,0,1
Afghanistan,AFG,2024,0.147925,0,0,0.081,NA,NA,1,0,0,0,0,1
Argentina,ARG,1940,0.519675,0,0,0.294,NA,NA,1,0,1,0,0,0
Argentina,ARG,1941,0.519675,0,0,0.296,NA,NA,1,0,1,0,0,0
Argentina,ARG,1942,0.519675,0,0,0.3,NA,NA,1,0,1,0,0,0
Argentina,ARG,1943,0.417975,0,0,0.17,NA,NA,1,0,1,0,0,0
Argentina,ARG,1944,0.333075,0,0,0.104,NA,NA,1,0,1,0,0,0
Argentina,ARG,1945,0.3922,0,0,0.089,NA,NA,1,0,1,0,0,0
Argentina,ARG,1946,0.445225,0,0,0.321,NA,NA,1,0,1,0,0,0
Argentina,ARG,1947,0.421225,0,0,0.342,NA,NA,1,0,1,0,0,0
Argentina,ARG,1948,0.419025,0,0,0.392,NA,NA,1,0,1,0,0,0
Argentina,ARG,1949,0.419025,0,0,0.375,NA,NA,1,0,1,0,0,0
Argentina,ARG,1950,0.392425,0,0,0.349,NA,NA,1,0,1,0,0,0
Argentina,ARG,1951,0.392425,0,0,0.34,NA,NA,1,0,1,0,0,0
Argentina,ARG,1952,0.392625,0,0,0.338,NA,NA,1,0,1,0,0,0
Argentina,ARG,1953,0.392625,0,0,0.337,NA,NA,1,0,1,0,0,0
Argentina,ARG,1954,0.392625,0,0,0.331,NA,NA,1,0,1,0,0,0
Argentina,ARG,1955,0.318475,0,0,0.289,NA,NA,1,0,1,0,0,0
Argentina,ARG,1956,0.3799,0,0,0.151,NA,NA,1,0,1,0,0,0
Argentina,ARG,1957,0.417875,0,0,0.186,NA,NA,1,0,1,0,0,0
Argentina,ARG,1958,0.476225,0,0,0.385,NA,NA,1,0,1,0,0,0
Argentina,ARG,1959,0.6303,0,0,0.482,NA,NA,1,0,1,0,0,0
Argentina,ARG,1960,0.6303,0,0,0.49,NA,NA,1,0,1,0,0,0
Argentina,ARG,1961,0.6341,0,0,0.492,NA,NA,1,0,1,0,0,0
Argentina,ARG,1962,0.61655,0,0,0.274,NA,NA,1,0,1,0,0,0
Argentina,ARG,1963,0.659075,0,0,0.308,NA,NA,1,0,1,0,0,0
Argentina,ARG,1964,0.742325,1,0.6931471805599453,0.525,NA,NA,1,0,1,0,0,0
Argentina,ARG,1965,0.742325,0,0.6931471805599453,0.526,NA,NA,1,0,1,0,0,0
Argentina,ARG,1966,0.6796,0,0,0.228,NA,NA,1,0,1,0,0,0
Argentina,ARG,1967,0.3879,0,0,0.103,NA,NA,1,0,1,0,0,0
Argentina,ARG,1968,0.3879,0,0,0.106,NA,NA,1,0,1,0,0,0
Argentina,ARG,1969,0.3879,0,0,0.108,NA,NA,1,0,1,0,0,0
Argentina,ARG,1970,0.425925,0,0,0.109,NA,NA,1,0,1,0,0,0
Argentina,ARG,1971,0.425925,0,0,0.121,NA,NA,1,0,1,0,0,0
Argentina,ARG,1972,0.425925,0,0,0.13,NA,NA,1,0,1,0,0,0
Argentina,ARG,1973,0.423525,0,0,0.456,NA,NA,1,0,1,0,0,0
Argentina,ARG,1974,0.426975,1,1.0986122886681096,0.565,NA,NA,1,0,1,0,0,0
Argentina,ARG,1975,0.426975,0,1.0986122886681096,0.513,NA,NA,1,0,1,0,0,0
Argentina,ARG,1976,0.18635,0,0,0.134,NA,NA,1,0,1,0,0,0
Argentina,ARG,1977,0.18555,0,0,0.071,NA,NA,1,0,1,0,0,0
Argentina,ARG,1978,0.18555,0,0,0.071,NA,NA,1,0,1,0,0,0
Argentina,ARG,1979,0.18555,0,0,0.071,NA,NA,1,0,1,0,0,0
Argentina,ARG,1980,0.18955,0,0,0.071,NA,NA,1,0,1,0,0,0
Argentina,ARG,1981,0.18955,0,0,0.071,NA,NA,1,0,1,0,0,0
Argentina,ARG,1982,0.18955,0,0,0.074,NA,NA,1,0,1,0,0,0
Argentina,ARG,1983,0.4718,0,0,0.268,NA,NA,1,0,1,0,0,0
Argentina,ARG,1984,0.799925,1,1.3862943611198906,0.832,NA,NA,1,0,1,0,0,0
Argentina,ARG,1985,0.799925,0,1.3862943611198906,0.832,NA,NA,1,0,1,0,0,0
Argentina,ARG,1986,0.799925,0,1.3862943611198906,0.831,NA,NA,1,0,1,0,0,0
Argentina,ARG,1987,0.799925,0,1.3862943611198906,0.831,NA,NA,1,0,1,0,0,0
Argentina,ARG,1988,0.799925,0,1.3862943611198906,0.83,NA,NA,1,0,1,0,0,0
Argentina,ARG,1989,0.6744,0,1.3862943611198906,0.828,NA,NA,1,0,1,0,0,0
Argentina,ARG,1990,0.58345,0,1.3862943611198906,0.827,NA,NA,1,0,1,0,0,0
Argentina,ARG,1991,0.601175,0,1.3862943611198906,0.829,NA,NA,1,0,1,0,0,0
Argentina,ARG,1992,0.62105,0,1.3862943611198906,0.831,NA,NA,1,0,1,0,0,0
Argentina,ARG,1993,0.64465,0,1.3862943611198906,0.83,NA,NA,1,0,1,0,0,0
Argentina,ARG,1994,0.64465,0,1.3862943611198906,0.835,NA,NA,1,0,1,0,0,0
Argentina,ARG,1995,0.64685,0,1.3862943611198906,0.833,NA,NA,1,0,1,0,0,0
Argentina,ARG,1996,0.64685,0,1.3862943611198906,0.827,NA,NA,1,0,1,0,0,0
Argentina,ARG,1997,0.64685,0,1.3862943611198906,0.828,NA,NA,1,0,1,0,0,0
Argentina,ARG,1998,0.64705,0,1.3862943611198906,0.83,NA,NA,1,0,1,0,0,0
Argentina,ARG,1999,0.66285,0,1.3862943611198906,0.83,NA,NA,1,0,1,0,0,0
Argentina,ARG,2000,0.68985,0,1.3862943611198906,0.836,NA,NA,1,0,1,0,0,0
Argentina,ARG,2001,0.68865,0,1.3862943611198906,0.835,NA,NA,1,0,1,0,0,0
Argentina,ARG,2002,0.6363,0,1.3862943611198906,0.825,NA,NA,1,0,1,0,0,0
Argentina,ARG,2003,0.564575,0,1.3862943611198906,0.81,NA,NA,1,0,1,0,0,0
Argentina,ARG,2004,0.588575,0,1.3862943611198906,0.804,NA,NA,1,0,1,0,0,0
Argentina,ARG,2005,0.588575,0,1.3862943611198906,0.801,NA,NA,1,0,1,0,0,0
Argentina,ARG,2006,0.588575,0,1.3862943611198906,0.789,NA,NA,1,0,1,0,0,0
Argentina,ARG,2007,0.586975,0,1.3862943611198906,0.784,NA,NA,1,0,1,0,0,0
Argentina,ARG,2008,0.580175,0,1.3862943611198906,0.765,NA,NA,1,0,1,0,0,0
Argentina,ARG,2009,0.580175,0,1.3862943611198906,0.764,NA,NA,1,0,1,0,0,0
Argentina,ARG,2010,0.580175,0,1.3862943611198906,0.761,NA,NA,1,0,1,0,0,0
Argentina,ARG,2011,0.581975,0,1.3862943611198906,0.762,NA,NA,1,0,1,0,0,0
Argentina,ARG,2012,0.581975,0,1.3862943611198906,0.766,NA,NA,1,0,1,0,0,0
Argentina,ARG,2013,0.572125,0,1.3862943611198906,0.774,NA,NA,1,0,1,0,0,0
Argentina,ARG,2014,0.572125,0,1.3862943611198906,0.786,NA,NA,1,0,1,0,0,0
Argentina,ARG,2015,0.577825,0,1.3862943611198906,0.776,NA,NA,1,0,1,0,0,0
Argentina,ARG,2016,0.633975,0,1.3862943611198906,0.753,NA,NA,1,0,1,0,0,0
Argentina,ARG,2017,0.635975,0,1.3862943611198906,0.754,NA,NA,1,0,1,0,0,0
Argentina,ARG,2018,0.628275,0,1.3862943611198906,0.783,NA,NA,1,0,1,0,0,0
Argentina,ARG,2019,0.62585,0,1.3862943611198906,0.788,NA,NA,1,0,1,0,0,0
Argentina,ARG,2020,0.623125,0,1.3862943611198906,0.805,NA,NA,1,0,1,0,0,0
Argentina,ARG,2021,0.613325,0,1.3862943611198906,0.797,NA,NA,1,0,1,0,0,0
Argentina,ARG,2022,0.617475,0,1.3862943611198906,0.832,NA,NA,1,0,1,0,0,0
Argentina,ARG,2023,0.6176,0,1.3862943611198906,0.838,NA,NA,1,0,1,0,0,0
Argentina,ARG,2024,0.6311,0,1.3862943611198906,0.712,NA,NA,1,0,1,0,0,0
Ethiopia,ETH,1940,0.202725,0,0,0.011,NA,NA,1,0,0,0,1,0
Ethiopia,ETH,1941,0.21355,0,0,0.012,NA,NA,1,0,0,0,1,0
Ethiopia,ETH,1942,0.260475,0,0,0.013,NA,NA,1,0,0,0,1,0
Ethiopia,ETH,1943,0.260475,0,0,0.013,NA,NA,1,0,0,0,1,0
Ethiopia,ETH,1944,0.260475,0,0,0.013,NA,NA,1,0,0,0,1,0
Ethiopia,ETH,1945,0.260475,0,0,0.014,NA,NA,1,0,0,0,1,0
Ethiopia,ETH,1946,0.260475,0,0,0.014,NA,NA,1,0,0,0,1,0
Ethiopia,ETH,1947,0.260475,0,0,0.014,NA,NA,1,0,0,0,1,0
Ethiopia,ETH,1948,0.259675,0,0,0.014,NA,NA,1,0,0,0,1,0
Ethiopia,ETH,1949,0.259675,0,0,0.014,NA,NA,1,0,0,0,1,0
Ethiopia,ETH,1950,0.259675,0,0,0.014,NA,NA,1,0,0,0,1,0
Ethiopia,ETH,1951,0.259675,0,0,0.014,NA,NA,1,0,0,0,1,0
Ethiopia,ETH,1952,0.259675,0,0,0.014,NA,NA,1,0,0,0,1,0
Ethiopia,ETH,1953,0.259675,0,0,0.014,NA,NA,1,0,0,0,1,0
Ethiopia,ETH,1954,0.259675,0,0,0.014,NA,NA,1,0,0,0,1,0
Ethiopia,ETH,1955,0.258275,0,0,0.03,NA,NA,1,0,0,0,1,0
Ethiopia,ETH,1956,0.258275,0,0,0.093,NA,NA,1,0,0,0,1,0
Ethiopia,ETH,1957,0.258275,0,0,0.093,NA,NA,1,0,0,0,1,0
Ethiopia,ETH,1958,0.258275,0,0,0.094,NA,NA,1,0,0,0,1,0
Ethiopia,ETH,1959,0.258275,0,0,0.094,NA,NA,1,0,0,0,1,0
Ethiopia,ETH,1960,0.258275,0,0,0.094,NA,NA,1,0,0,0,1,0
Ethiopia,ETH,1961,0.261875,0,0,0.094,NA,NA,1,0,0,0,1,0
Ethiopia,ETH,1962,0.263875,0,0,0.094,NA,NA,1,0,0,0,1,0
Ethiopia,ETH,1963,0.263875,0,0,0.094,NA,NA,1,0,0,0,1,0
Ethiopia,ETH,1964,0.263875,0,0,0.094,NA,NA,1,0,0,0,1,0
Ethiopia,ETH,1965,0.263875,0,0,0.094,NA,NA,1,0,0,0,1,0
Ethiopia,ETH,1966,0.263875,0,0,0.094,NA,NA,1,0,0,0,1,0
Ethiopia,ETH,1967,0.263875,0,0,0.094,NA,NA,1,0,0,0,1,0
Ethiopia,ETH,1968,0.265075,0,0,0.094,NA,NA,1,0,0,0,1,0
Ethiopia,ETH,1969,0.265075,0,0,0.094,NA,NA,1,0,0,0,1,0
Ethiopia,ETH,1970,0.27615,0,0,0.093,NA,NA,1,0,0,0,1,0
Ethiopia,ETH,1971,0.27615,0,0,0.093,NA,NA,1,0,0,0,1,0
Ethiopia,ETH,1972,0.27615,0,0,0.094,NA,NA,1,0,0,0,1,0
Ethiopia,ETH,1973,0.27555,0,0,0.094,NA,NA,1,0,0,0,1,0
Ethiopia,ETH,1974,0.261675,0,0,0.086,NA,NA,1,0,0,0,1,0
Ethiopia,ETH,1975,0.2393,0,0,0.077,NA,NA,1,0,0,0,1,0
Ethiopia,ETH,1976,0.256675,0,0,0.072,NA,NA,1,0,0,0,1,0
Ethiopia,ETH,1977,0.256675,0,0,0.072,NA,NA,1,0,0,0,1,0
Ethiopia,ETH,1978,0.256675,0,0,0.072,NA,NA,1,0,0,0,1,0
Ethiopia,ETH,1979,0.256675,0,0,0.072,NA,NA,1,0,0,0,1,0
Ethiopia,ETH,1980,0.265525,0,0,0.072,NA,NA,1,0,0,0,1,0
Ethiopia,ETH,1981,0.27315,0,0,0.072,NA,NA,1,0,0,0,1,0
Ethiopia,ETH,1982,0.27315,0,0,0.072,NA,NA,1,0,0,0,1,0
Ethiopia,ETH,1983,0.27315,0,0,0.072,NA,NA,1,0,0,0,1,0
Ethiopia,ETH,1984,0.27315,0,0,0.072,NA,NA,1,0,0,0,1,0
Ethiopia,ETH,1985,0.27315,0,0,0.072,NA,NA,1,0,0,0,1,0
Ethiopia,ETH,1986,0.27315,0,0,0.072,NA,NA,1,0,0,0,1,0
Ethiopia,ETH,1987,0.28135,0,0,0.099,NA,NA,1,0,0,0,1,0
Ethiopia,ETH,1988,0.28135,0,0,0.15,NA,NA,1,0,0,0,1,0
Ethiopia,ETH,1989,0.28135,0,0,0.15,NA,NA,1,0,0,0,1,0
Ethiopia,ETH,1990,0.30875,0,0,0.15,NA,NA,1,0,0,0,1,0
Ethiopia,ETH,1991,0.448425,0,0,0.202,NA,NA,1,0,0,0,1,0
Ethiopia,ETH,1992,0.46445,0,0,0.231,NA,NA,1,0,0,0,1,0
Ethiopia,ETH,1993,0.46825,0,0,0.231,NA,NA,1,0,0,0,1,0
Ethiopia,ETH,1994,0.46825,0,0,0.194,NA,NA,1,0,0,0,1,0
Ethiopia,ETH,1995,0.45325,0,0,0.222,NA,NA,1,0,0,0,1,0
Ethiopia,ETH,1996,0.45325,0,0,0.243,NA,NA,1,0,0,0,1,0
Ethiopia,ETH,1997,0.45325,0,0,0.243,NA,NA,1,0,0,0,1,0
Ethiopia,ETH,1998,0.45325,0,0,0.243,NA,NA,1,0,0,0,1,0
Ethiopia,ETH,1999,0.45325,0,0,0.243,NA,NA,1,0,0,0,1,0
Ethiopia,ETH,2000,0.45325,0,0,0.242,NA,NA,1,0,0,0,1,0
Ethiopia,ETH,2001,0.45325,0,0,0.243,NA,NA,1,0,0,0,1,0
Ethiopia,ETH,2002,0.45325,0,0,0.243,NA,NA,1,0,0,0,1,0
Ethiopia,ETH,2003,0.45325,0,0,0.243,NA,NA,1,0,0,0,1,0
Ethiopia,ETH,2004,0.45325,0,0,0.241,NA,NA,1,0,0,0,1,0
Ethiopia,ETH,2005,0.45325,0,0,0.256,NA,NA,1,0,0,0,1,0
Ethiopia,ETH,2006,0.45425,0,0,0.241,NA,NA,1,0,0,0,1,0
Ethiopia,ETH,2007,0.462875,0,0,0.243,NA,NA,1,0,0,0,1,0
Ethiopia,ETH,2008,0.461875,0,0,0.244,NA,NA,1,0,0,0,1,0
Ethiopia,ETH,2009,0.451475,0,0,0.243,NA,NA,1,0,0,0,1,0
Ethiopia,ETH,2010,0.455825,0,0,0.23,NA,NA,1,0,0,0,1,0
Ethiopia,ETH,2011,0.462425,0,0,0.225,NA,NA,1,0,0,0,1,0
Ethiopia,ETH,2012,0.462225,0,0,0.226,NA,NA,1,0,0,0,1,0
Ethiopia,ETH,2013,0.453275,0,0,0.226,NA,NA,1,0,0,0,1,0
Ethiopia,ETH,2014,0.454075,0,0,0.229,NA,NA,1,0,0,0,1,0
Ethiopia,ETH,2015,0.44845,0,0,0.229,NA,NA,1,0,0,0,1,0
Ethiopia,ETH,2016,0.44575,0,0,0.227,NA,NA,1,0,0,0,1,0
Ethiopia,ETH,2017,0.4596,0,0,0.228,NA,NA,1,0,0,0,1,0
Ethiopia,ETH,2018,0.49165,0,0,0.272,NA,NA,1,0,0,0,1,0
Ethiopia,ETH,2019,0.4861,0,0,0.335,NA,NA,1,0,0,0,1,0
Ethiopia,ETH,2020,0.464175,0,0,0.321,NA,NA,1,0,0,0,1,0
Ethiopia,ETH,2021,0.449375,0,0,0.293,NA,NA,1,0,0,0,1,0
Ethiopia,ETH,2022,0.430125,0,0,0.3,NA,NA,1,0,0,0,1,0
Ethiopia,ETH,2023,0.395,0,0,0.282,NA,NA,1,0,0,0,1,0
Ethiopia,ETH,2024,0.40115,0,0,0.263,NA,NA,1,0,0,0,1,0
India,IND,1940,0.584825,0,0,0.177,NA,NA,1,0,0,0,0,1
India,IND,1941,0.584825,0,0,0.177,NA,NA,1,0,0,0,0,1
India,IND,1942,0.584825,0,0,0.177,NA,NA,1,0,0,0,0,1
India,IND,1943,0.584825,0,0,0.177,NA,NA,1,0,0,0,0,1
India,IND,1944,0.584825,0,0,0.177,NA,NA,1,0,0,0,0,1
India,IND,1945,0.584825,0,0,0.196,NA,NA,1,0,0,0,0,1
India,IND,1946,0.584825,0,0,0.21,NA,NA,1,0,0,0,0,1
India,IND,1947,0.558025,0,0,0.227,NA,NA,1,0,0,0,0,1
India,IND,1948,0.681675,0,0,0.186,NA,NA,1,0,0,0,0,1
India,IND,1949,0.681675,0,0,0.187,NA,NA,1,0,0,0,0,1
India,IND,1950,0.681075,0,0,0.272,NA,NA,1,0,0,0,0,1
India,IND,1951,0.681075,0,0,0.312,NA,NA,1,0,0,0,0,1
India,IND,1952,0.681075,1,0.6931471805599453,0.593,NA,NA,1,0,0,0,0,1
India,IND,1953,0.681075,0,0.6931471805599453,0.658,NA,NA,1,0,0,0,0,1
India,IND,1954,0.681075,0,0.6931471805599453,0.658,NA,NA,1,0,0,0,0,1
India,IND,1955,0.681075,0,0.6931471805599453,0.658,NA,NA,1,0,0,0,0,1
India,IND,1956,0.681075,0,0.6931471805599453,0.658,NA,NA,1,0,0,0,0,1
India,IND,1957,0.681075,0,0.6931471805599453,0.665,NA,NA,1,0,0,0,0,1
India,IND,1958,0.681075,0,0.6931471805599453,0.666,NA,NA,1,0,0,0,0,1
India,IND,1959,0.681075,0,0.6931471805599453,0.666,NA,NA,1,0,0,0,0,1
India,IND,1960,0.681075,0,0.6931471805599453,0.666,NA,NA,1,0,0,0,0,1
India,IND,1961,0.681075,0,0.6931471805599453,0.666,NA,NA,1,0,0,0,0,1
India,IND,1962,0.681075,0,0.6931471805599453,0.648,NA,NA,1,0,0,0,0,1
India,IND,1963,0.681075,0,0.6931471805599453,0.646,NA,NA,1,0,0,0,0,1
India,IND,1964,0.681075,0,0.6931471805599453,0.641,NA,NA,1,0,0,0,0,1
India,IND,1965,0.639475,0,0.6931471805599453,0.636,NA,NA,1,0,0,0,0,1
India,IND,1966,0.639475,0,0.6931471805599453,0.64,NA,NA,1,0,0,0,0,1
India,IND,1967,0.622875,0,0.6931471805599453,0.651,NA,NA,1,0,0,0,0,1
India,IND,1968,0.616075,0,0.6931471805599453,0.651,NA,NA,1,0,0,0,0,1
India,IND,1969,0.616075,0,0.6931471805599453,0.651,NA,NA,1,0,0,0,0,1
India,IND,1970,0.608075,0,0.6931471805599453,0.659,NA,NA,1,0,0,0,0,1
India,IND,1971,0.608075,0,0.6931471805599453,0.612,NA,NA,1,0,0,0,0,1
India,IND,1972,0.608075,0,0.6931471805599453,0.607,NA,NA,1,0,0,0,0,1
India,IND,1973,0.608075,0,0.6931471805599453,0.607,NA,NA,1,0,0,0,0,1
India,IND,1974,0.608075,0,0.6931471805599453,0.568,NA,NA,1,0,0,0,0,1
India,IND,1975,0.457125,0,0,0.386,NA,NA,1,0,0,0,0,1
India,IND,1976,0.454525,0,0,0.378,NA,NA,1,0,0,0,0,1
India,IND,1977,0.5464,0,0,0.498,NA,NA,1,0,0,0,0,1
India,IND,1978,0.603225,1,1.0986122886681096,0.654,NA,NA,1,0,0,0,0,1
India,IND,1979,0.603025,0,1.0986122886681096,0.656,NA,NA,1,0,0,0,0,1
India,IND,1980,0.597625,0,1.0986122886681096,0.65,NA,NA,1,0,0,0,0,1
India,IND,1981,0.597625,0,1.0986122886681096,0.647,NA,NA,1,0,0,0,0,1
India,IND,1982,0.597625,0,1.0986122886681096,0.65,NA,NA,1,0,0,0,0,1
India,IND,1983,0.597625,0,1.0986122886681096,0.651,NA,NA,1,0,0,0,0,1
India,IND,1984,0.597625,0,1.0986122886681096,0.651,NA,NA,1,0,0,0,0,1
India,IND,1985,0.597625,0,1.0986122886681096,0.661,NA,NA,1,0,0,0,0,1
India,IND,1986,0.597625,0,1.0986122886681096,0.67,NA,NA,1,0,0,0,0,1
India,IND,1987,0.593625,0,1.0986122886681096,0.67,NA,NA,1,0,0,0,0,1
India,IND,1988,0.593625,0,1.0986122886681096,0.663,NA,NA,1,0,0,0,0,1
India,IND,1989,0.593625,0,1.0986122886681096,0.664,NA,NA,1,0,0,0,0,1
India,IND,1990,0.593625,0,1.0986122886681096,0.693,NA,NA,1,0,0,0,0,1
India,IND,1991,0.59365,0,1.0986122886681096,0.714,NA,NA,1,0,0,0,0,1
India,IND,1992,0.54265,0,1.0986122886681096,0.725,NA,NA,1,0,0,0,0,1
India,IND,1993,0.54205,0,1.0986122886681096,0.729,NA,NA,1,0,0,0,0,1
India,IND,1994,0.54205,0,1.0986122886681096,0.736,NA,NA,1,0,0,0,0,1
India,IND,1995,0.54205,0,1.0986122886681096,0.736,NA,NA,1,0,0,0,0,1
India,IND,1996,0.54305,0,1.0986122886681096,0.74,NA,NA,1,0,0,0,0,1
India,IND,1997,0.54305,0,1.0986122886681096,0.741,NA,NA,1,0,0,0,0,1
India,IND,1998,0.54305,0,1.0986122886681096,0.748,NA,NA,1,0,0,0,0,1
India,IND,1999,0.54425,0,1.0986122886681096,0.743,NA,NA,1,0,0,0,0,1
India,IND,2000,0.54425,0,1.0986122886681096,0.728,NA,NA,1,0,0,0,0,1
India,IND,2001,0.54425,0,1.0986122886681096,0.728,NA,NA,1,0,0,0,0,1
India,IND,2002,0.54425,0,1.0986122886681096,0.731,NA,NA,1,0,0,0,0,1
India,IND,2003,0.54425,0,1.0986122886681096,0.732,NA,NA,1,0,0,0,0,1
India,IND,2004,0.54425,0,1.0986122886681096,0.73,NA,NA,1,0,0,0,0,1
India,IND,2005,0.54425,0,1.0986122886681096,0.72,NA,NA,1,0,0,0,0,1
India,IND,2006,0.54425,0,1.0986122886681096,0.722,NA,NA,1,0,0,0,0,1
India,IND,2007,0.54425,0,1.0986122886681096,0.722,NA,NA,1,0,0,0,0,1
India,IND,2008,0.54425,0,1.0986122886681096,0.722,NA,NA,1,0,0,0,0,1
India,IND,2009,0.54425,0,1.0986122886681096,0.69,NA,NA,1,0,0,0,0,1
India,IND,2010,0.55705,0,1.0986122886681096,0.672,NA,NA,1,0,0,0,0,1
India,IND,2011,0.55985,0,1.0986122886681096,0.672,NA,NA,1,0,0,0,0,1
India,IND,2012,0.5591,0,1.0986122886681096,0.66,NA,NA,1,0,0,0,0,1
India,IND,2013,0.5629,0,1.0986122886681096,0.658,NA,NA,1,0,0,0,0,1
India,IND,2014,0.553,0,1.0986122886681096,0.622,NA,NA,1,0,0,0,0,1
India,IND,2015,0.523375,0,1.0986122886681096,0.546,NA,NA,1,0,0,0,0,1
India,IND,2016,0.51765,0,1.0986122886681096,0.526,NA,NA,1,0,0,0,0,1
India,IND,2017,0.499925,0,0,0.481,NA,NA,1,0,0,0,0,1
India,IND,2018,0.492625,0,0,0.476,NA,NA,1,0,0,0,0,1
India,IND,2019,0.49585,0,0,0.431,NA,NA,1,0,0,0,0,1
India,IND,2020,0.4601,0,0,0.394,NA,NA,1,0,0,0,0,1
India,IND,2021,0.441175,0,0,0.397,NA,NA,1,0,0,0,0,1
India,IND,2022,0.43555,0,0,0.388,NA,NA,1,0,0,0,0,1
India,IND,2023,0.41265,0,0,0.373,NA,NA,1,0,0,0,0,1
India,IND,2024,0.41125,0,0,0.398,NA,NA,1,0,0,0,0,1
Kenya,KEN,1940,0.3931,0,0,0.075,0,NA,1,0,0,0,1,0
Kenya,KEN,1941,0.3931,0,0,0.075,0,NA,1,0,0,0,1,0
Kenya,KEN,1942,0.3931,0,0,0.075,0,NA,1,0,0,0,1,0
Kenya,KEN,1943,0.3931,0,0,0.075,0,NA,1,0,0,0,1,0
Kenya,KEN,1944,0.3931,0,0,0.075,0,NA,1,0,0,0,1,0
Kenya,KEN,1945,0.3931,0,0,0.076,0,NA,1,0,0,0,1,0
Kenya,KEN,1946,0.3931,0,0,0.077,0,NA,1,0,0,0,1,0
Kenya,KEN,1947,0.3931,0,0,0.077,0,NA,1,0,0,0,1,0
Kenya,KEN,1948,0.3931,0,0,0.08,0,NA,1,0,0,0,1,0
Kenya,KEN,1949,0.3931,0,0,0.081,0,NA,1,0,0,0,1,0
Kenya,KEN,1950,0.35545,0,0,0.084,0,NA,1,0,0,0,1,0
Kenya,KEN,1951,0.35545,0,0,0.085,0,NA,1,0,0,0,1,0
Kenya,KEN,1952,0.33195,0,0,0.08,0,NA,1,0,0,0,1,0
Kenya,KEN,1953,0.33195,0,0,0.077,0,NA,1,0,0,0,1,0
Kenya,KEN,1954,0.33195,0,0,0.077,0,NA,1,0,0,0,1,0
Kenya,KEN,1955,0.33195,0,0,0.081,0,NA,1,0,0,0,1,0
Kenya,KEN,1956,0.33195,0,0,0.093,0,NA,1,0,0,0,1,0
Kenya,KEN,1957,0.360075,0,0,0.096,0,NA,1,0,0,0,1,0
Kenya,KEN,1958,0.360075,0,0,0.1,0,NA,1,0,0,0,1,0
Kenya,KEN,1959,0.360075,0,0,0.102,0,NA,1,0,0,0,1,0
Kenya,KEN,1960,0.38285,0,0,0.112,0,NA,1,0,0,0,1,0
Kenya,KEN,1961,0.38285,0,0,0.118,0,NA,1,0,0,0,1,0
Kenya,KEN,1962,0.38285,0,0,0.122,0,NA,1,0,0,0,1,0
Kenya,KEN,1963,0.347225,0,0,0.21,0,NA,1,0,0,0,1,0
Kenya,KEN,1964,0.3741,0,0,0.237,0,NA,1,0,0,0,1,0
Kenya,KEN,1965,0.3655,0,0,0.273,0,NA,1,0,0,0,1,0
Kenya,KEN,1966,0.3655,0,0,0.248,0,NA,1,0,0,0,1,0
Kenya,KEN,1967,0.3655,0,0,0.221,0,NA,1,0,0,0,1,0
Kenya,KEN,1968,0.3655,0,0,0.216,0,NA,1,0,0,0,1,0
Kenya,KEN,1969,0.3591,0,0,0.2,0,NA,1,0,0,0,1,0
Kenya,KEN,1970,0.3157,0,0,0.196,0,NA,1,0,0,0,1,0
Kenya,KEN,1971,0.3157,0,0,0.197,0,NA,1,0,0,0,1,0
Kenya,KEN,1972,0.2845,0,0,0.197,0,NA,1,0,0,0,1,0
Kenya,KEN,1973,0.2845,0,0,0.198,0,NA,1,0,0,0,1,0
Kenya,KEN,1974,0.2845,0,0,0.2,0,NA,1,0,0,0,1,0
Kenya,KEN,1975,0.2845,0,0,0.21,0,NA,1,0,0,0,1,0
Kenya,KEN,1976,0.2845,0,0,0.21,0,NA,1,0,0,0,1,0
Kenya,KEN,1977,0.2845,0,0,0.211,0,NA,1,0,0,0,1,0
Kenya,KEN,1978,0.2785,0,0,0.209,0,NA,1,0,0,0,1,0
Kenya,KEN,1979,0.2785,0,0,0.209,0,NA,1,0,0,0,1,0
Kenya,KEN,1980,0.277,0,0,0.204,0,NA,1,0,0,0,1,0
Kenya,KEN,1981,0.277,0,0,0.204,0,NA,1,0,0,0,1,0
Kenya,KEN,1982,0.277,0,0,0.195,0,NA,1,0,0,0,1,0
Kenya,KEN,1983,0.25645,0,0,0.192,0,NA,1,0,0,0,1,0
Kenya,KEN,1984,0.248225,0,0,0.181,0,NA,1,0,0,0,1,0
Kenya,KEN,1985,0.248225,0,0,0.181,0,NA,1,0,0,0,1,0
Kenya,KEN,1986,0.248225,0,0,0.182,0,NA,1,0,0,0,1,0
Kenya,KEN,1987,0.248225,0,0,0.182,0,NA,1,0,0,0,1,0
Kenya,KEN,1988,0.248225,0,0,0.176,0,NA,1,0,0,0,1,0
Kenya,KEN,1989,0.248225,0,0,0.175,0,NA,1,0,0,0,1,0
Kenya,KEN,1990,0.32325,0,0,0.189,0,NA,1,0,0,0,1,0
Kenya,KEN,1991,0.32425,0,0,0.204,0,NA,1,0,0,0,1,0
Kenya,KEN,1992,0.32425,0,0,0.29,0,NA,1,0,0,0,1,0
Kenya,KEN,1993,0.33965,0,0,0.332,0,NA,1,0,0,0,1,0
Kenya,KEN,1994,0.33965,0,0,0.333,0,NA,1,0,0,0,1,0
Kenya,KEN,1995,0.33965,0,0,0.336,0,NA,1,0,0,0,1,0
Kenya,KEN,1996,0.33965,0,0,0.336,0,NA,1,0,0,0,1,0
Kenya,KEN,1997,0.33965,0,0,0.336,0,NA,1,0,0,0,1,0
Kenya,KEN,1998,0.34185,0,0,0.36,0,NA,1,0,0,0,1,0
Kenya,KEN,1999,0.34185,0,0,0.36,0,NA,1,0,0,0,1,0
Kenya,KEN,2000,0.408325,0,0,0.373,0,NA,1,0,0,0,1,0
Kenya,KEN,2001,0.408325,0,0,0.374,0,NA,1,0,0,0,1,0
Kenya,KEN,2002,0.457625,0,0,0.416,0,NA,1,0,0,0,1,0
Kenya,KEN,2003,0.468025,1,0.6931471805599453,0.514,4.634728988229636,NA,1,0,0,0,1,0
Kenya,KEN,2004,0.472625,0,0.6931471805599453,0.514,4.6443908991413725,NA,1,0,0,0,1,0
Kenya,KEN,2005,0.49955,0,0.6931471805599453,0.514,4.653960350157523,NA,1,0,0,0,1,0
Kenya,KEN,2006,0.49955,0,0.6931471805599453,0.514,4.663439094112067,NA,1,0,0,0,1,0
Kenya,KEN,2007,0.49935,0,0.6931471805599453,0.514,4.663439094112067,NA,1,0,0,0,1,0
Kenya,KEN,2008,0.50195,0,0,0.41,0,NA,1,0,0,0,1,0
Kenya,KEN,2009,0.504275,0,0,0.415,0,NA,1,0,0,0,1,0
Kenya,KEN,2010,0.5611,0,0,0.426,0,NA,1,0,0,0,1,0
Kenya,KEN,2011,0.5619,0,0,0.43,0,NA,1,0,0,0,1,0
Kenya,KEN,2012,0.5625,0,0,0.432,0,NA,1,0,0,0,1,0
Kenya,KEN,2013,0.566125,1,1.0986122886681096,0.519,4.709530201312334,NA,1,0,0,0,1,0
Kenya,KEN,2014,0.56915,0,1.0986122886681096,0.535,4.718498871295094,NA,1,0,0,0,1,0
Kenya,KEN,2015,0.56915,0,1.0986122886681096,0.535,4.727387818712341,NA,1,0,0,0,1,0
Kenya,KEN,2016,0.57295,0,1.0986122886681096,0.533,4.736198448394496,NA,1,0,0,0,1,0
Kenya,KEN,2017,0.57395,0,1.0986122886681096,0.51,4.736198448394496,NA,1,0,0,0,1,0
Kenya,KEN,2018,0.584025,0,0,0.493,0,NA,1,0,0,0,1,0
Kenya,KEN,2019,0.603325,0,0,0.497,0,NA,1,0,0,0,1,0
Kenya,KEN,2020,0.60515,0,0,0.498,0,NA,1,0,0,0,1,0
Kenya,KEN,2021,0.62555,1,1.3862943611198906,0.511,4.770684624465665,NA,1,0,0,0,1,0
Kenya,KEN,2022,0.62235,0,1.3862943611198906,0.548,4.770684624465665,NA,1,0,0,0,1,0
Kenya,KEN,2023,0.59085,0,1.3862943611198906,0.566,4.77912349311153,NA,1,0,0,0,1,0
Kenya,KEN,2024,0.558775,0,1.3862943611198906,0.549,4.787491742782046,NA,1,0,0,0,1,0
North Korea,PRK,1945,0.317425,0,0,0.021,0,NA,1,0,0,0,0,1
North Korea,PRK,1946,0.194025,0,0,0.016,0,NA,1,0,0,0,0,1
North Korea,PRK,1947,0.192325,0,0,0.016,0,NA,1,0,0,0,0,1
North Korea,PRK,1948,0.188525,0,0,0.021,0,NA,1,0,0,0,0,1
North Korea,PRK,1949,0.187525,0,0,0.099,0,NA,1,0,0,0,0,1
North Korea,PRK,1950,0.187525,0,0,0.097,0,NA,1,0,0,0,0,1
North Korea,PRK,1951,0.187525,0,0,0.097,0,NA,1,0,0,0,0,1
North Korea,PRK,1952,0.187525,0,0,0.097,0,NA,1,0,0,0,0,1
North Korea,PRK,1953,0.187525,0,0,0.097,0,NA,1,0,0,0,0,1
North Korea,PRK,1954,0.197225,0,0,0.096,0,NA,1,0,0,0,0,1
North Korea,PRK,1955,0.197225,0,0,0.096,0,NA,1,0,0,0,0,1
North Korea,PRK,1956,0.196825,0,0,0.096,0,NA,1,0,0,0,0,1
North Korea,PRK,1957,0.196825,0,0,0.095,0,NA,1,0,0,0,0,1
North Korea,PRK,1958,0.196825,0,0,0.093,0,NA,1,0,0,0,0,1
North Korea,PRK,1959,0.196825,0,0,0.093,0,NA,1,0,0,0,0,1
North Korea,PRK,1960,0.201025,0,0,0.093,0,NA,1,0,0,0,0,1
North Korea,PRK,1961,0.201025,0,0,0.093,0,NA,1,0,0,0,0,1
North Korea,PRK,1962,0.201025,0,0,0.092,0,NA,1,0,0,0,0,1
North Korea,PRK,1963,0.201025,0,0,0.09,0,NA,1,0,0,0,0,1
North Korea,PRK,1964,0.201025,0,0,0.09,0,NA,1,0,0,0,0,1
North Korea,PRK,1965,0.201025,0,0,0.09,0,NA,1,0,0,0,0,1
North Korea,PRK,1966,0.201025,0,0,0.09,0,NA,1,0,0,0,0,1
North Korea,PRK,1967,0.201025,0,0,0.09,0,NA,1,0,0,0,0,1
North Korea,PRK,1968,0.209575,0,0,0.088,0,NA,1,0,0,0,0,1
North Korea,PRK,1969,0.209575,0,0,0.088,0,NA,1,0,0,0,0,1
North Korea,PRK,1970,0.209575,0,0,0.088,0,NA,1,0,0,0,0,1
North Korea,PRK,1971,0.209575,0,0,0.088,0,NA,1,0,0,0,0,1
North Korea,PRK,1972,0.209375,0,0,0.087,0,NA,1,0,0,0,0,1
North Korea,PRK,1973,0.207175,0,0,0.087,0,NA,1,0,0,0,0,1
North Korea,PRK,1974,0.207175,0,0,0.087,0,NA,1,0,0,0,0,1
North Korea,PRK,1975,0.207175,0,0,0.087,0,NA,1,0,0,0,0,1
North Korea,PRK,1976,0.207175,0,0,0.087,0,NA,1,0,0,0,0,1
North Korea,PRK,1977,0.207175,0,0,0.087,0,NA,1,0,0,0,0,1
North Korea,PRK,1978,0.207175,0,0,0.086,0,NA,1,0,0,0,0,1
North Korea,PRK,1979,0.207175,0,0,0.086,0,NA,1,0,0,0,0,1
North Korea,PRK,1980,0.207175,0,0,0.086,0,NA,1,0,0,0,0,1
North Korea,PRK,1981,0.207175,0,0,0.086,0,NA,1,0,0,0,0,1
North Korea,PRK,1982,0.207175,0,0,0.087,0,NA,1,0,0,0,0,1
North Korea,PRK,1983,0.207175,0,0,0.087,0,NA,1,0,0,0,0,1
North Korea,PRK,1984,0.207175,0,0,0.087,0,NA,1,0,0,0,0,1
North Korea,PRK,1985,0.207175,0,0,0.087,0,NA,1,0,0,0,0,1
North Korea,PRK,1986,0.207175,0,0,0.086,0,NA,1,0,0,0,0,1
North Korea,PRK,1987,0.206975,0,0,0.084,0,NA,1,0,0,0,0,1
North Korea,PRK,1988,0.206975,0,0,0.084,0,NA,1,0,0,0,0,1
North Korea,PRK,1989,0.206975,0,0,0.084,0,NA,1,0,0,0,0,1
North Korea,PRK,1990,0.204775,0,0,0.086,0,NA,1,0,0,0,0,1
North Korea,PRK,1991,0.204775,0,0,0.087,0,NA,1,0,0,0,0,1
North Korea,PRK,1992,0.204775,0,0,0.084,0,NA,1,0,0,0,0,1
North Korea,PRK,1993,0.204775,0,0,0.084,0,NA,1,0,0,0,0,1
North Korea,PRK,1994,0.182975,0,0,0.084,0,NA,1,0,0,0,0,1
North Korea,PRK,1995,0.138875,0,0,0.084,0,NA,1,0,0,0,0,1
North Korea,PRK,1996,0.138875,0,0,0.084,0,NA,1,0,0,0,0,1
North Korea,PRK,1997,0.138875,0,0,0.084,0,NA,1,0,0,0,0,1
North Korea,PRK,1998,0.138875,0,0,0.083,0,NA,1,0,0,0,0,1
North Korea,PRK,1999,0.138875,0,0,0.083,0,NA,1,0,0,0,0,1
North Korea,PRK,2000,0.143475,0,0,0.083,0,NA,1,0,0,0,0,1
North Korea,PRK,2001,0.143475,0,0,0.083,0,NA,1,0,0,0,0,1
North Korea,PRK,2002,0.143475,0,0,0.083,0,NA,1,0,0,0,0,1
North Korea,PRK,2003,0.143475,0,0,0.084,0,NA,1,0,0,0,0,1
North Korea,PRK,2004,0.143475,0,0,0.085,0,NA,1,0,0,0,0,1
North Korea,PRK,2005,0.143475,0,0,0.085,0,NA,1,0,0,0,0,1
North Korea,PRK,2006,0.143475,0,0,0.085,0,NA,1,0,0,0,0,1
North Korea,PRK,2007,0.142475,0,0,0.085,0,NA,1,0,0,0,0,1
North Korea,PRK,2008,0.142475,0,0,0.085,0,NA,1,0,0,0,0,1
North Korea,PRK,2009,0.142475,0,0,0.085,0,NA,1,0,0,0,0,1
North Korea,PRK,2010,0.142475,0,0,0.085,0,NA,1,0,0,0,0,1
North Korea,PRK,2011,0.142475,0,0,0.085,0,NA,1,0,0,0,0,1
North Korea,PRK,2012,0.149075,0,0,0.085,0,NA,1,0,0,0,0,1
North Korea,PRK,2013,0.149075,0,0,0.085,0,NA,1,0,0,0,0,1
North Korea,PRK,2014,0.149075,0,0,0.084,0,NA,1,0,0,0,0,1
North Korea,PRK,2015,0.149075,0,0,0.084,0,NA,1,0,0,0,0,1
North Korea,PRK,2016,0.148875,0,0,0.084,0,NA,1,0,0,0,0,1
North Korea,PRK,2017,0.148875,0,0,0.084,0,NA,1,0,0,0,0,1
North Korea,PRK,2018,0.149075,0,0,0.084,0,NA,1,0,0,0,0,1
North Korea,PRK,2019,0.156875,0,0,0.083,0,NA,1,0,0,0,0,1
North Korea,PRK,2020,0.152075,0,0,0.084,0,NA,1,0,0,0,0,1
North Korea,PRK,2021,0.152075,0,0,0.084,0,NA,1,0,0,0,0,1
North Korea,PRK,2022,0.151875,0,0,0.083,0,NA,1,0,0,0,0,1
North Korea,PRK,2023,0.151875,0,0,0.083,0,NA,1,0,0,0,0,1
North Korea,PRK,2024,0.151875,0,0,0.083,0,NA,1,0,0,0,0,1
South Korea,KOR,1940,0.26535,0,0,0.015,NA,NA,0,1,0,0,0,1
South Korea,KOR,1941,0.2471,0,0,0.014,NA,NA,0,1,0,0,0,1
South Korea,KOR,1942,0.2471,0,0,0.014,NA,NA,0,1,0,0,0,1
South Korea,KOR,1943,0.2471,0,0,0.014,NA,NA,0,1,0,0,0,1
South Korea,KOR,1944,0.2471,0,0,0.014,NA,NA,0,1,0,0,0,1
South Korea,KOR,1945,0.27535,0,0,0.077,NA,NA,0,1,0,0,0,1
South Korea,KOR,1946,0.412675,0,0,0.089,NA,NA,0,1,0,0,0,1
South Korea,KOR,1947,0.412675,0,0,0.084,NA,NA,0,1,0,0,0,1
South Korea,KOR,1948,0.459125,0,0,0.139,NA,NA,0,1,0,0,0,1
South Korea,KOR,1949,0.462725,0,0,0.263,NA,NA,0,1,0,0,0,1
South Korea,KOR,1950,0.474125,0,0,0.254,NA,NA,0,1,0,0,0,1
South Korea,KOR,1951,0.45495,0,0,0.253,NA,NA,0,1,0,0,0,1
South Korea,KOR,1952,0.45495,0,0,0.254,NA,NA,0,1,0,0,0,1
South Korea,KOR,1953,0.45955,0,0,0.258,NA,NA,0,1,0,0,0,1
South Korea,KOR,1954,0.5122,0,0,0.264,NA,NA,0,1,0,0,0,1
South Korea,KOR,1955,0.5204,0,0,0.265,NA,NA,0,1,0,0,0,1
South Korea,KOR,1956,0.5204,0,0,0.262,NA,NA,0,1,0,0,0,1
South Korea,KOR,1957,0.5204,0,0,0.26,NA,NA,0,1,0,0,0,1
South Korea,KOR,1958,0.5234,0,0,0.264,NA,NA,0,1,0,0,0,1
South Korea,KOR,1959,0.5234,0,0,0.264,NA,NA,0,1,0,0,0,1
South Korea,KOR,1960,0.59395,0,0,0.336,NA,NA,0,1,0,0,0,1
South Korea,KOR,1961,0.52255,0,0,0.219,NA,NA,0,1,0,0,0,1
South Korea,KOR,1962,0.51455,0,0,0.164,NA,NA,0,1,0,0,0,1
South Korea,KOR,1963,0.51715,0,0,0.175,NA,NA,0,1,0,0,0,1
South Korea,KOR,1964,0.51935,0,0,0.275,NA,NA,0,1,0,0,0,1
South Korea,KOR,1965,0.51935,0,0,0.275,NA,NA,0,1,0,0,0,1
South Korea,KOR,1966,0.51935,0,0,0.275,NA,NA,0,1,0,0,0,1
South Korea,KOR,1967,0.51935,0,0,0.277,NA,NA,0,1,0,0,0,1
South Korea,KOR,1968,0.51935,0,0,0.277,NA,NA,0,1,0,0,0,1
South Korea,KOR,1969,0.51935,0,0,0.277,NA,NA,0,1,0,0,0,1
South Korea,KOR,1970,0.51935,0,0,0.279,NA,NA,0,1,0,0,0,1
South Korea,KOR,1971,0.51935,0,0,0.278,NA,NA,0,1,0,0,0,1
South Korea,KOR,1972,0.5034,0,0,0.235,NA,NA,0,1,0,0,0,1
South Korea,KOR,1973,0.4802,0,0,0.21,NA,NA,0,1,0,0,0,1
South Korea,KOR,1974,0.4802,0,0,0.213,NA,NA,0,1,0,0,0,1
South Korea,KOR,1975,0.4802,0,0,0.213,NA,NA,0,1,0,0,0,1
South Korea,KOR,1976,0.4802,0,0,0.212,NA,NA,0,1,0,0,0,1
South Korea,KOR,1977,0.4802,0,0,0.212,NA,NA,0,1,0,0,0,1
South Korea,KOR,1978,0.4802,0,0,0.212,NA,NA,0,1,0,0,0,1
South Korea,KOR,1979,0.4802,0,0,0.211,NA,NA,0,1,0,0,0,1
South Korea,KOR,1980,0.5141,0,0,0.202,NA,NA,0,1,0,0,0,1
South Korea,KOR,1981,0.5103,0,0,0.21,NA,NA,0,1,0,0,0,1
South Korea,KOR,1982,0.5147,0,0,0.222,NA,NA,0,1,0,0,0,1
South Korea,KOR,1983,0.518675,0,0,0.228,NA,NA,0,1,0,0,0,1
South Korea,KOR,1984,0.518675,0,0,0.244,NA,NA,0,1,0,0,0,1
South Korea,KOR,1985,0.52445,0,0,0.306,NA,NA,0,1,0,0,0,1
South Korea,KOR,1986,0.52445,0,0,0.314,NA,NA,0,1,0,0,0,1
South Korea,KOR,1987,0.68995,0,0,0.387,NA,NA,0,1,0,0,0,1
South Korea,KOR,1988,0.798375,1,0.6931471805599453,0.626,NA,NA,0,1,0,0,0,1
South Korea,KOR,1989,0.803175,0,0.6931471805599453,0.653,NA,NA,0,1,0,0,0,1
South Korea,KOR,1990,0.8088,0,0.6931471805599453,0.655,NA,NA,0,1,0,0,0,1
South Korea,KOR,1991,0.8088,0,0.6931471805599453,0.655,NA,NA,0,1,0,0,0,1
South Korea,KOR,1992,0.8116,0,0.6931471805599453,0.659,NA,NA,0,1,0,0,0,1
South Korea,KOR,1993,0.883725,0,0.6931471805599453,0.732,NA,NA,0,1,0,0,0,1
South Korea,KOR,1994,0.883725,0,0.6931471805599453,0.737,NA,NA,0,1,0,0,0,1
South Korea,KOR,1995,0.883725,0,0.6931471805599453,0.737,NA,NA,0,1,0,0,0,1
South Korea,KOR,1996,0.883725,0,0.6931471805599453,0.747,NA,NA,0,1,0,0,0,1
South Korea,KOR,1997,0.885325,0,0.6931471805599453,0.754,NA,NA,0,1,0,0,0,1
South Korea,KOR,1998,0.894375,0,0.6931471805599453,0.819,NA,NA,0,1,0,0,0,1
South Korea,KOR,1999,0.894375,0,0.6931471805599453,0.827,NA,NA,0,1,0,0,0,1
South Korea,KOR,2000,0.906175,0,0.6931471805599453,0.842,NA,NA,0,1,0,0,0,1
South Korea,KOR,2001,0.906175,0,0.6931471805599453,0.845,NA,NA,0,1,0,0,0,1
South Korea,KOR,2002,0.907575,0,0.6931471805599453,0.845,NA,NA,0,1,0,0,0,1
South Korea,KOR,2003,0.913375,0,0.6931471805599453,0.845,NA,NA,0,1,0,0,0,1
South Korea,KOR,2004,0.913975,0,0.6931471805599453,0.845,NA,NA,0,1,0,0,0,1
South Korea,KOR,2005,0.913975,0,0.6931471805599453,0.846,NA,NA,0,1,0,0,0,1
South Korea,KOR,2006,0.913975,0,0.6931471805599453,0.846,NA,NA,0,1,0,0,0,1
South Korea,KOR,2007,0.913775,0,0.6931471805599453,0.843,NA,NA,0,1,0,0,0,1
South Korea,KOR,2008,0.88165,0,0.6931471805599453,0.77,NA,NA,0,1,0,0,0,1
South Korea,KOR,2009,0.88165,0,0.6931471805599453,0.768,NA,NA,0,1,0,0,0,1
South Korea,KOR,2010,0.88145,0,0.6931471805599453,0.769,NA,NA,0,1,0,0,0,1
South Korea,KOR,2011,0.88145,0,0.6931471805599453,0.769,NA,NA,0,1,0,0,0,1
South Korea,KOR,2012,0.87985,0,0.6931471805599453,0.756,NA,NA,0,1,0,0,0,1
South Korea,KOR,2013,0.8552,0,0.6931471805599453,0.718,NA,NA,0,1,0,0,0,1
South Korea,KOR,2014,0.8552,0,0.6931471805599453,0.71,NA,NA,0,1,0,0,0,1
South Korea,KOR,2015,0.82615,0,0.6931471805599453,0.714,NA,NA,0,1,0,0,0,1
South Korea,KOR,2016,0.82615,0,0.6931471805599453,0.729,NA,NA,0,1,0,0,0,1
South Korea,KOR,2017,0.886225,0,0.6931471805599453,0.859,NA,NA,0,1,0,0,0,1
South Korea,KOR,2018,0.885825,0,0.6931471805599453,0.864,NA,NA,0,1,0,0,0,1
South Korea,KOR,2019,0.871025,0,0.6931471805599453,0.852,NA,NA,0,1,0,0,0,1
South Korea,KOR,2020,0.87425,0,0.6931471805599453,0.858,NA,NA,0,1,0,0,0,1
South Korea,KOR,2021,0.867725,0,0.6931471805599453,0.861,NA,NA,0,1,0,0,0,1
South Korea,KOR,2022,0.85375,0,0.6931471805599453,0.81,NA,NA,0,1,0,0,0,1
South Korea,KOR,2023,0.818325,0,0.6931471805599453,0.733,NA,NA,0,1,0,0,0,1
South Korea,KOR,2024,0.7934,0,0.6931471805599453,0.729,NA,NA,0,1,0,0,0,1
Kosovo,XKX,1999,0.41975,0,0,0.221,0,NA,1,0,NA,NA,0,0
Kosovo,XKX,2000,0.47695,0,0,0.241,0,NA,1,0,NA,NA,0,0
Kosovo,XKX,2001,0.51135,0,0,0.251,0,NA,1,0,NA,NA,0,0
Kosovo,XKX,2002,0.5716,0,0,0.489,0,NA,1,0,NA,NA,0,0
Kosovo,XKX,2003,0.6114,1,0.6931471805599453,0.525,1.3862943611198906,NA,1,0,NA,NA,0,0
Kosovo,XKX,2004,0.6084,0,0.6931471805599453,0.525,1.6094379124341003,NA,1,0,NA,NA,0,0
Kosovo,XKX,2005,0.580375,0,0.6931471805599453,0.516,1.791759469228055,NA,1,0,NA,NA,0,0
Kosovo,XKX,2006,0.580375,0,0.6931471805599453,0.516,1.9459101490553132,NA,1,0,NA,NA,0,0
Kosovo,XKX,2007,0.580375,0,0.6931471805599453,0.516,2.0794415416798357,NA,1,0,NA,NA,0,0
Kosovo,XKX,2008,0.5717,0,0.6931471805599453,0.512,2.1972245773362196,NA,1,0,NA,NA,0,0
Kosovo,XKX,2009,0.58435,0,0.6931471805599453,0.511,2.302585092994046,NA,1,0,NA,NA,0,0
Kosovo,XKX,2010,0.58795,0,0.6931471805599453,0.532,2.3978952727983707,NA,1,0,NA,NA,0,0
Kosovo,XKX,2011,0.58835,0,0.6931471805599453,0.502,2.4849066497880004,NA,1,0,NA,NA,0,0
Kosovo,XKX,2012,0.59315,0,0.6931471805599453,0.505,2.5649493574615367,NA,1,0,NA,NA,0,0
Kosovo,XKX,2013,0.59705,0,0.6931471805599453,0.516,2.639057329615259,NA,1,0,NA,NA,0,0
Kosovo,XKX,2014,0.609975,0,0.6931471805599453,0.588,2.70805020110221,NA,1,0,NA,NA,0,0
Kosovo,XKX,2015,0.6126,0,0.6931471805599453,0.646,2.772588722239781,NA,1,0,NA,NA,0,0
Kosovo,XKX,2016,0.621025,0,0.6931471805599453,0.653,2.833213344056216,NA,1,0,NA,NA,0,0
Kosovo,XKX,2017,0.649625,0,0.6931471805599453,0.578,2.8903717578961645,NA,1,0,NA,NA,0,0
Kosovo,XKX,2018,0.659575,0,0.6931471805599453,0.662,2.9444389791664403,NA,1,0,NA,NA,0,0
Kosovo,XKX,2019,0.6668,0,0.6931471805599453,0.678,2.995732273553991,NA,1,0,NA,NA,0,0
Kosovo,XKX,2020,0.675875,0,0.6931471805599453,0.664,3.044522437723423,NA,1,0,NA,NA,0,0
Kosovo,XKX,2021,0.681475,0,0.6931471805599453,0.668,3.091042453358316,NA,1,0,NA,NA,0,0
Kosovo,XKX,2022,0.685475,0,0.6931471805599453,0.672,3.1354942159291497,NA,1,0,NA,NA,0,0
Kosovo,XKX,2023,0.680275,0,0.6931471805599453,0.675,3.1780538303479458,NA,1,0,NA,NA,0,0
Kosovo,XKX,2024,0.639525,0,0.6931471805599453,0.651,3.2188758248682006,NA,1,0,NA,NA,0,0
Lebanon,LBN,1940,0.409075,0,0,0.22,NA,NA,1,0,0,0,1,0
Lebanon,LBN,1941,0.409075,0,0,0.22,NA,NA,1,0,0,0,1,0
Lebanon,LBN,1942,0.409075,0,0,0.222,NA,NA,1,0,0,0,1,0
Lebanon,LBN,1943,0.432475,0,0,0.266,NA,NA,1,0,0,0,1,0
Lebanon,LBN,1944,0.433475,0,0,0.325,NA,NA,1,0,0,0,1,0
Lebanon,LBN,1945,0.433475,0,0,0.325,NA,NA,1,0,0,0,1,0
Lebanon,LBN,1946,0.433475,0,0,0.325,NA,NA,1,0,0,0,1,0
Lebanon,LBN,1947,0.414475,0,0,0.323,NA,NA,1,0,0,0,1,0
Lebanon,LBN,1948,0.414475,0,0,0.321,NA,NA,1,0,0,0,1,0
Lebanon,LBN,1949,0.414475,0,0,0.321,NA,NA,1,0,0,0,1,0
Lebanon,LBN,1950,0.414475,0,0,0.321,NA,NA,1,0,0,0,1,0
Lebanon,LBN,1951,0.414475,0,0,0.312,NA,NA,1,0,0,0,1,0
Lebanon,LBN,1952,0.414475,0,0,0.308,NA,NA,1,0,0,0,1,0
Lebanon,LBN,1953,0.450875,0,0,0.373,NA,NA,1,0,0,0,1,0
Lebanon,LBN,1954,0.450875,0,0,0.384,NA,NA,1,0,0,0,1,0
Lebanon,LBN,1955,0.450875,0,0,0.384,NA,NA,1,0,0,0,1,0
Lebanon,LBN,1956,0.450875,0,0,0.384,NA,NA,1,0,0,0,1,0
Lebanon,LBN,1957,0.450875,0,0,0.36,NA,NA,1,0,0,0,1,0
Lebanon,LBN,1958,0.450875,0,0,0.341,NA,NA,1,0,0,0,1,0
Lebanon,LBN,1959,0.476125,0,0,0.338,NA,NA,1,0,0,0,1,0
Lebanon,LBN,1960,0.476125,0,0,0.37,NA,NA,1,0,0,0,1,0
Lebanon,LBN,1961,0.476125,0,0,0.389,NA,NA,1,0,0,0,1,0
Lebanon,LBN,1962,0.476125,0,0,0.39,NA,NA,1,0,0,0,1,0
Lebanon,LBN,1963,0.476125,0,0,0.39,NA,NA,1,0,0,0,1,0
Lebanon,LBN,1964,0.476125,0,0,0.388,NA,NA,1,0,0,0,1,0
Lebanon,LBN,1965,0.476125,0,0,0.387,NA,NA,1,0,0,0,1,0
Lebanon,LBN,1966,0.476125,0,0,0.387,NA,NA,1,0,0,0,1,0
Lebanon,LBN,1967,0.476125,0,0,0.387,NA,NA,1,0,0,0,1,0
Lebanon,LBN,1968,0.476125,0,0,0.384,NA,NA,1,0,0,0,1,0
Lebanon,LBN,1969,0.476125,0,0,0.383,NA,NA,1,0,0,0,1,0
Lebanon,LBN,1970,0.402325,0,0,0.393,NA,NA,1,0,0,0,1,0
Lebanon,LBN,1971,0.402325,0,0,0.393,NA,NA,1,0,0,0,1,0
Lebanon,LBN,1972,0.399325,0,0,0.372,NA,NA,1,0,0,0,1,0
Lebanon,LBN,1973,0.399325,0,0,0.363,NA,NA,1,0,0,0,1,0
Lebanon,LBN,1974,0.399325,0,0,0.363,NA,NA,1,0,0,0,1,0
Lebanon,LBN,1975,0.394325,0,0,0.355,NA,NA,1,0,0,0,1,0
Lebanon,LBN,1976,0.441525,0,0,0.342,NA,NA,1,0,0,0,1,0
Lebanon,LBN,1977,0.441525,0,0,0.342,NA,NA,1,0,0,0,1,0
Lebanon,LBN,1978,0.441525,0,0,0.342,NA,NA,1,0,0,0,1,0
Lebanon,LBN,1979,0.441525,0,0,0.342,NA,NA,1,0,0,0,1,0
Lebanon,LBN,1980,0.441525,0,0,0.342,NA,NA,1,0,0,0,1,0
Lebanon,LBN,1981,0.441525,0,0,0.342,NA,NA,1,0,0,0,1,0
Lebanon,LBN,1982,0.429525,0,0,0.342,NA,NA,1,0,0,0,1,0
Lebanon,LBN,1983,0.339925,0,0,0.342,NA,NA,1,0,0,0,1,0
Lebanon,LBN,1984,0.339925,0,0,0.342,NA,NA,1,0,0,0,1,0
Lebanon,LBN,1985,0.339925,0,0,0.342,NA,NA,1,0,0,0,1,0
Lebanon,LBN,1986,0.339925,0,0,0.342,NA,NA,1,0,0,0,1,0
Lebanon,LBN,1987,0.339925,0,0,0.342,NA,NA,1,0,0,0,1,0
Lebanon,LBN,1988,0.339925,0,0,0.329,NA,NA,1,0,0,0,1,0
Lebanon,LBN,1989,0.339925,0,0,0.3,NA,NA,1,0,0,0,1,0
Lebanon,LBN,1990,0.349325,0,0,0.341,NA,NA,1,0,0,0,1,0
Lebanon,LBN,1991,0.349325,0,0,0.333,NA,NA,1,0,0,0,1,0
Lebanon,LBN,1992,0.349325,0,0,0.333,NA,NA,1,0,0,0,1,0
Lebanon,LBN,1993,0.352725,0,0,0.315,NA,NA,1,0,0,0,1,0
Lebanon,LBN,1994,0.352725,0,0,0.309,NA,NA,1,0,0,0,1,0
Lebanon,LBN,1995,0.352725,0,0,0.309,NA,NA,1,0,0,0,1,0
Lebanon,LBN,1996,0.352725,0,0,0.311,NA,NA,1,0,0,0,1,0
Lebanon,LBN,1997,0.352725,0,0,0.314,NA,NA,1,0,0,0,1,0
Lebanon,LBN,1998,0.352725,0,0,0.314,NA,NA,1,0,0,0,1,0
Lebanon,LBN,1999,0.352725,0,0,0.314,NA,NA,1,0,0,0,1,0
Lebanon,LBN,2000,0.352525,0,0,0.325,NA,NA,1,0,0,0,1,0
Lebanon,LBN,2001,0.352525,0,0,0.352,NA,NA,1,0,0,0,1,0
Lebanon,LBN,2002,0.352525,0,0,0.353,NA,NA,1,0,0,0,1,0
Lebanon,LBN,2003,0.352525,0,0,0.353,NA,NA,1,0,0,0,1,0
Lebanon,LBN,2004,0.352525,0,0,0.358,NA,NA,1,0,0,0,1,0
Lebanon,LBN,2005,0.369525,0,0,0.402,NA,NA,1,0,0,0,1,0
Lebanon,LBN,2006,0.370725,0,0,0.444,NA,NA,1,0,0,0,1,0
Lebanon,LBN,2007,0.377925,0,0,0.444,NA,NA,1,0,0,0,1,0
Lebanon,LBN,2008,0.377925,0,0,0.451,NA,NA,1,0,0,0,1,0
Lebanon,LBN,2009,0.382775,0,0,0.468,NA,NA,1,0,0,0,1,0
Lebanon,LBN,2010,0.3843,0,0,0.473,NA,NA,1,0,0,0,1,0
Lebanon,LBN,2011,0.3843,0,0,0.489,NA,NA,1,0,0,0,1,0
Lebanon,LBN,2012,0.3861,0,0,0.486,NA,NA,1,0,0,0,1,0
Lebanon,LBN,2013,0.3935,0,0,0.493,NA,NA,1,0,0,0,1,0
Lebanon,LBN,2014,0.3935,0,0,0.493,NA,NA,1,0,0,0,1,0
Lebanon,LBN,2015,0.395925,0,0,0.487,NA,NA,1,0,0,0,1,0
Lebanon,LBN,2016,0.39745,0,0,0.483,NA,NA,1,0,0,0,1,0
Lebanon,LBN,2017,0.415325,0,0,0.474,NA,NA,1,0,0,0,1,0
Lebanon,LBN,2018,0.410725,0,0,0.444,NA,NA,1,0,0,0,1,0
Lebanon,LBN,2019,0.403225,0,0,0.427,NA,NA,1,0,0,0,1,0
Lebanon,LBN,2020,0.377925,0,0,0.44,NA,NA,1,0,0,0,1,0
Lebanon,LBN,2021,0.3763,0,0,0.435,NA,NA,1,0,0,0,1,0
Lebanon,LBN,2022,0.368225,0,0,0.41,NA,NA,1,0,0,0,1,0
Lebanon,LBN,2023,0.3626,0,0,0.362,NA,NA,1,0,0,0,1,0
Lebanon,LBN,2024,0.327475,0,0,0.348,NA,NA,1,0,0,0,1,0
Nigeria,NGA,1940,0.24025,0,0,0.142,0,NA,1,0,0,0,1,0
Nigeria,NGA,1941,0.24025,0,0,0.142,0,NA,1,0,0,0,1,0
Nigeria,NGA,1942,0.24025,0,0,0.142,0,NA,1,0,0,0,1,0
Nigeria,NGA,1943,0.24025,0,0,0.142,0,NA,1,0,0,0,1,0
Nigeria,NGA,1944,0.24025,0,0,0.142,0,NA,1,0,0,0,1,0
Nigeria,NGA,1945,0.250025,0,0,0.141,0,NA,1,0,0,0,1,0
Nigeria,NGA,1946,0.250025,0,0,0.142,0,NA,1,0,0,0,1,0
Nigeria,NGA,1947,0.250025,0,0,0.145,0,NA,1,0,0,0,1,0
Nigeria,NGA,1948,0.250025,0,0,0.145,0,NA,1,0,0,0,1,0
Nigeria,NGA,1949,0.250025,0,0,0.145,0,NA,1,0,0,0,1,0
Nigeria,NGA,1950,0.250025,0,0,0.145,0,NA,1,0,0,0,1,0
Nigeria,NGA,1951,0.250025,0,0,0.145,0,NA,1,0,0,0,1,0
Nigeria,NGA,1952,0.250025,0,0,0.151,0,NA,1,0,0,0,1,0
Nigeria,NGA,1953,0.250025,0,0,0.182,0,NA,1,0,0,0,1,0
Nigeria,NGA,1954,0.250025,0,0,0.184,0,NA,1,0,0,0,1,0
Nigeria,NGA,1955,0.26875,0,0,0.179,0,NA,1,0,0,0,1,0
Nigeria,NGA,1956,0.26875,0,0,0.179,0,NA,1,0,0,0,1,0
Nigeria,NGA,1957,0.26875,0,0,0.19,0,NA,1,0,0,0,1,0
Nigeria,NGA,1958,0.26875,0,0,0.211,0,NA,1,0,0,0,1,0
Nigeria,NGA,1959,0.28885,0,0,0.181,0,NA,1,0,0,0,1,0
Nigeria,NGA,1960,0.34615,0,0,0.25,0,NA,1,0,0,0,1,0
Nigeria,NGA,1961,0.34615,0,0,0.249,0,NA,1,0,0,0,1,0
Nigeria,NGA,1962,0.34615,0,0,0.249,0,NA,1,0,0,0,1,0
Nigeria,NGA,1963,0.34615,0,0,0.249,0,NA,1,0,0,0,1,0
Nigeria,NGA,1964,0.34395,0,0,0.249,0,NA,1,0,0,0,1,0
Nigeria,NGA,1965,0.34395,0,0,0.233,0,NA,1,0,0,0,1,0
Nigeria,NGA,1966,0.333075,0,0,0.214,0,NA,1,0,0,0,1,0
Nigeria,NGA,1967,0.224925,0,0,0.182,0,NA,1,0,0,0,1,0
Nigeria,NGA,1968,0.223125,0,0,0.182,0,NA,1,0,0,0,1,0
Nigeria,NGA,1969,0.223125,0,0,0.182,0,NA,1,0,0,0,1,0
Nigeria,NGA,1970,0.223125,0,0,0.182,0,NA,1,0,0,0,1,0
Nigeria,NGA,1971,0.2446,0,0,0.182,0,NA,1,0,0,0,1,0
Nigeria,NGA,1972,0.2747,0,0,0.182,0,NA,1,0,0,0,1,0
Nigeria,NGA,1973,0.2747,0,0,0.18,0,NA,1,0,0,0,1,0
Nigeria,NGA,1974,0.2747,0,0,0.18,0,NA,1,0,0,0,1,0
Nigeria,NGA,1975,0.2767,0,0,0.182,0,NA,1,0,0,0,1,0
Nigeria,NGA,1976,0.286,0,0,0.182,0,NA,1,0,0,0,1,0
Nigeria,NGA,1977,0.286,0,0,0.19,0,NA,1,0,0,0,1,0
Nigeria,NGA,1978,0.299125,0,0,0.201,0,NA,1,0,0,0,1,0
Nigeria,NGA,1979,0.341975,0,0,0.265,0,NA,1,0,0,0,1,0
Nigeria,NGA,1980,0.35465,0,0,0.382,0,NA,1,0,0,0,1,0
Nigeria,NGA,1981,0.35465,0,0,0.382,0,NA,1,0,0,0,1,0
Nigeria,NGA,1982,0.35465,0,0,0.382,0,NA,1,0,0,0,1,0
Nigeria,NGA,1983,0.35465,0,0,0.312,0,NA,1,0,0,0,1,0
Nigeria,NGA,1984,0.30835,0,0,0.187,0,NA,1,0,0,0,1,0
Nigeria,NGA,1985,0.30835,0,0,0.19,0,NA,1,0,0,0,1,0
Nigeria,NGA,1986,0.29275,0,0,0.193,0,NA,1,0,0,0,1,0
Nigeria,NGA,1987,0.29275,0,0,0.193,0,NA,1,0,0,0,1,0
Nigeria,NGA,1988,0.29275,0,0,0.193,0,NA,1,0,0,0,1,0
Nigeria,NGA,1989,0.29275,0,0,0.201,0,NA,1,0,0,0,1,0
Nigeria,NGA,1990,0.29275,0,0,0.203,0,NA,1,0,0,0,1,0
Nigeria,NGA,1991,0.29275,0,0,0.204,0,NA,1,0,0,0,1,0
Nigeria,NGA,1992,0.29275,0,0,0.222,0,NA,1,0,0,0,1,0
Nigeria,NGA,1993,0.29275,0,0,0.23,0,NA,1,0,0,0,1,0
Nigeria,NGA,1994,0.28485,0,0,0.194,0,NA,1,0,0,0,1,0
Nigeria,NGA,1995,0.29545,0,0,0.191,0,NA,1,0,0,0,1,0
Nigeria,NGA,1996,0.29545,0,0,0.191,0,NA,1,0,0,0,1,0
Nigeria,NGA,1997,0.29545,0,0,0.201,0,NA,1,0,0,0,1,0
Nigeria,NGA,1998,0.315625,0,0,0.222,0,NA,1,0,0,0,1,0
Nigeria,NGA,1999,0.37905,0,0,0.379,0,NA,1,0,0,0,1,0
Nigeria,NGA,2000,0.37905,0,0,0.475,0,NA,1,0,0,0,1,0
Nigeria,NGA,2001,0.37905,0,0,0.475,0,NA,1,0,0,0,1,0
Nigeria,NGA,2002,0.37905,0,0,0.475,0,NA,1,0,0,0,1,0
Nigeria,NGA,2003,0.37905,0,0,0.43,0,NA,1,0,0,0,1,0
Nigeria,NGA,2004,0.37905,0,0,0.413,0,NA,1,0,0,0,1,0
Nigeria,NGA,2005,0.37905,0,0,0.413,0,NA,1,0,0,0,1,0
Nigeria,NGA,2006,0.37905,0,0,0.416,0,NA,1,0,0,0,1,0
Nigeria,NGA,2007,0.38085,0,0,0.41,0,NA,1,0,0,0,1,0
Nigeria,NGA,2008,0.38165,0,0,0.416,0,NA,1,0,0,0,1,0
Nigeria,NGA,2009,0.38165,0,0,0.414,0,NA,1,0,0,0,1,0
Nigeria,NGA,2010,0.376725,0,0,0.428,0,NA,1,0,0,0,1,0
Nigeria,NGA,2011,0.3766,0,0,0.49,0,NA,1,0,0,0,1,0
Nigeria,NGA,2012,0.3766,1,0.6931471805599453,0.505,4.543294782270004,NA,1,0,0,0,1,0
Nigeria,NGA,2013,0.39175,0,0.6931471805599453,0.523,4.553876891600541,NA,1,0,0,0,1,0
Nigeria,NGA,2014,0.39255,0,0.6931471805599453,0.532,4.564348191467836,NA,1,0,0,0,1,0
Nigeria,NGA,2015,0.4013,0,0.6931471805599453,0.561,4.574710978503383,NA,1,0,0,0,1,0
Nigeria,NGA,2016,0.403425,0,0.6931471805599453,0.557,4.584967478670572,NA,1,0,0,0,1,0
Nigeria,NGA,2017,0.413025,0,0.6931471805599453,0.556,4.59511985013459,NA,1,0,0,0,1,0
Nigeria,NGA,2018,0.403025,0,0.6931471805599453,0.556,4.605170185988092,NA,1,0,0,0,1,0
Nigeria,NGA,2019,0.404625,0,0.6931471805599453,0.525,4.61512051684126,NA,1,0,0,0,1,0
Nigeria,NGA,2020,0.383475,0,0.6931471805599453,0.513,4.624972813284271,NA,1,0,0,0,1,0
Nigeria,NGA,2021,0.371825,0,0,0.491,0,NA,1,0,0,0,1,0
Nigeria,NGA,2022,0.378225,0,0,0.492,0,NA,1,0,0,0,1,0
Nigeria,NGA,2023,0.404325,0,0,0.49,0,NA,1,0,0,0,1,0
Nigeria,NGA,2024,0.395625,1,1.0986122886681096,0.502,4.6443908991413725,NA,1,0,0,0,1,0
Philippines,PHL,1940,0.3822,0,0,0.256,0,NA,1,0,0,0,0,1
Philippines,PHL,1941,0.314375,0,0,0.235,0,NA,1,0,0,0,0,1
Philippines,PHL,1942,0.157475,0,0,0.058,0,NA,1,0,0,0,0,1
Philippines,PHL,1943,0.158475,0,0,0.078,0,NA,1,0,0,0,0,1
Philippines,PHL,1944,0.158475,0,0,0.133,0,NA,1,0,0,0,0,1
Philippines,PHL,1945,0.164275,0,0,0.127,0,NA,1,0,0,0,0,1
Philippines,PHL,1946,0.453225,0,0,0.301,0,NA,1,0,0,0,0,1
Philippines,PHL,1947,0.469625,0,0,0.35,0,NA,1,0,0,0,0,1
Philippines,PHL,1948,0.469625,0,0,0.35,0,NA,1,0,0,0,0,1
Philippines,PHL,1949,0.469625,0,0,0.348,0,NA,1,0,0,0,0,1
Philippines,PHL,1950,0.469625,0,0,0.342,0,NA,1,0,0,0,0,1
Philippines,PHL,1951,0.469625,0,0,0.346,0,NA,1,0,0,0,0,1
Philippines,PHL,1952,0.471025,0,0,0.346,0,NA,1,0,0,0,0,1
Philippines,PHL,1953,0.471025,0,0,0.348,0,NA,1,0,0,0,0,1
Philippines,PHL,1954,0.471025,0,0,0.366,0,NA,1,0,0,0,0,1
Philippines,PHL,1955,0.478625,0,0,0.373,0,NA,1,0,0,0,0,1
Philippines,PHL,1956,0.478625,0,0,0.373,0,NA,1,0,0,0,0,1
Philippines,PHL,1957,0.478625,0,0,0.374,0,NA,1,0,0,0,0,1
Philippines,PHL,1958,0.478625,0,0,0.382,0,NA,1,0,0,0,0,1
Philippines,PHL,1959,0.478625,0,0,0.382,0,NA,1,0,0,0,0,1
Philippines,PHL,1960,0.478625,0,0,0.406,0,NA,1,0,0,0,0,1
Philippines,PHL,1961,0.478625,0,0,0.403,0,NA,1,0,0,0,0,1
Philippines,PHL,1962,0.478625,0,0,0.395,0,NA,1,0,0,0,0,1
Philippines,PHL,1963,0.478625,0,0,0.395,0,NA,1,0,0,0,0,1
Philippines,PHL,1964,0.478625,0,0,0.395,0,NA,1,0,0,0,0,1
Philippines,PHL,1965,0.461825,0,0,0.404,0,NA,1,0,0,0,0,1
Philippines,PHL,1966,0.44682500000000003,0,0,0.388,0,NA,1,0,0,0,0,1
Philippines,PHL,1967,0.44682500000000003,0,0,0.388,0,NA,1,0,0,0,0,1
Philippines,PHL,1968,0.428425,0,0,0.389,0,NA,1,0,0,0,0,1
Philippines,PHL,1969,0.428425,0,0,0.384,0,NA,1,0,0,0,0,1
Philippines,PHL,1970,0.428425,0,0,0.353,0,NA,1,0,0,0,0,1
Philippines,PHL,1971,0.381275,0,0,0.33,0,NA,1,0,0,0,0,1
Philippines,PHL,1972,0.20005,0,0,0.141,0,NA,1,0,0,0,0,1
Philippines,PHL,1973,0.19905,0,0,0.078,0,NA,1,0,0,0,0,1
Philippines,PHL,1974,0.19905,0,0,0.078,0,NA,1,0,0,0,0,1
Philippines,PHL,1975,0.19905,0,0,0.078,0,NA,1,0,0,0,0,1
Philippines,PHL,1976,0.19905,0,0,0.078,0,NA,1,0,0,0,0,1
Philippines,PHL,1977,0.19905,0,0,0.078,0,NA,1,0,0,0,0,1
Philippines,PHL,1978,0.19905,0,0,0.156,0,NA,1,0,0,0,0,1
Philippines,PHL,1979,0.19905,0,0,0.167,0,NA,1,0,0,0,0,1
Philippines,PHL,1980,0.19905,0,0,0.167,0,NA,1,0,0,0,0,1
Philippines,PHL,1981,0.19905,0,0,0.173,0,NA,1,0,0,0,0,1
Philippines,PHL,1982,0.19905,0,0,0.176,0,NA,1,0,0,0,0,1
Philippines,PHL,1983,0.19905,0,0,0.179,0,NA,1,0,0,0,0,1
Philippines,PHL,1984,0.19905,0,0,0.18,0,NA,1,0,0,0,0,1
Philippines,PHL,1985,0.20145,0,0,0.184,0,NA,1,0,0,0,0,1
Philippines,PHL,1986,0.406425,0,0,0.236,0,NA,1,0,0,0,0,1
Philippines,PHL,1987,0.518675,0,0,0.437,0,NA,1,0,0,0,0,1
Philippines,PHL,1988,0.507275,1,0.6931471805599453,0.562,4.406719247264253,NA,1,0,0,0,0,1
Philippines,PHL,1989,0.507275,0,0.6931471805599453,0.562,4.418840607796598,NA,1,0,0,0,0,1
Philippines,PHL,1990,0.507275,0,0.6931471805599453,0.579,4.430816798843313,NA,1,0,0,0,0,1
Philippines,PHL,1991,0.524075,0,0.6931471805599453,0.579,4.442651256490317,NA,1,0,0,0,0,1
Philippines,PHL,1992,0.542125,0,0.6931471805599453,0.558,4.454347296253507,NA,1,0,0,0,0,1
Philippines,PHL,1993,0.537725,0,0.6931471805599453,0.551,4.465908118654584,NA,1,0,0,0,0,1
Philippines,PHL,1994,0.537725,0,0.6931471805599453,0.551,4.477336814478207,NA,1,0,0,0,0,1
Philippines,PHL,1995,0.537725,0,0.6931471805599453,0.556,4.48863636973214,NA,1,0,0,0,0,1
Philippines,PHL,1996,0.537725,0,0.6931471805599453,0.559,4.499809670330265,NA,1,0,0,0,0,1
Philippines,PHL,1997,0.537725,0,0.6931471805599453,0.559,4.51085950651685,NA,1,0,0,0,0,1
Philippines,PHL,1998,0.5267,0,0.6931471805599453,0.589,4.5217885770490405,NA,1,0,0,0,0,1
Philippines,PHL,1999,0.5162,0,0.6931471805599453,0.581,4.532599493153256,NA,1,0,0,0,0,1
Philippines,PHL,2000,0.5126,0,0.6931471805599453,0.588,4.543294782270004,NA,1,0,0,0,0,1
Philippines,PHL,2001,0.5132,0,0.6931471805599453,0.547,4.553876891600541,NA,1,0,0,0,0,1
Philippines,PHL,2002,0.5162,0,0.6931471805599453,0.535,4.564348191467836,NA,1,0,0,0,0,1
Philippines,PHL,2003,0.5162,0,0.6931471805599453,0.534,4.574710978503383,NA,1,0,0,0,0,1
Philippines,PHL,2004,0.486875,0,0,0.493,0,NA,1,0,0,0,0,1
Philippines,PHL,2005,0.48965,0,0,0.47,0,NA,1,0,0,0,0,1
Philippines,PHL,2006,0.48945,0,0,0.47,0,NA,1,0,0,0,0,1
Philippines,PHL,2007,0.49005,0,0,0.468,0,NA,1,0,0,0,0,1
Philippines,PHL,2008,0.49005,0,0,0.466,0,NA,1,0,0,0,0,1
Philippines,PHL,2009,0.49005,0,0,0.467,0,NA,1,0,0,0,0,1
Philippines,PHL,2010,0.554175,1,1.0986122886681096,0.529,4.624972813284271,NA,1,0,0,0,0,1
Philippines,PHL,2011,0.563175,0,1.0986122886681096,0.553,4.634728988229636,NA,1,0,0,0,0,1
Philippines,PHL,2012,0.563175,0,1.0986122886681096,0.553,4.6443908991413725,NA,1,0,0,0,0,1
Philippines,PHL,2013,0.560025,0,1.0986122886681096,0.551,4.653960350157523,NA,1,0,0,0,0,1
Philippines,PHL,2014,0.560025,0,1.0986122886681096,0.55,4.663439094112067,NA,1,0,0,0,0,1
Philippines,PHL,2015,0.561875,0,1.0986122886681096,0.549,4.672828834461906,NA,1,0,0,0,0,1
Philippines,PHL,2016,0.5315,0,1.0986122886681096,0.52,4.68213122712422,NA,1,0,0,0,0,1
Philippines,PHL,2017,0.48905,0,1.0986122886681096,0.508,4.6913478822291435,NA,1,0,0,0,0,1
Philippines,PHL,2018,0.48645,0,0,0.482,0,NA,1,0,0,0,0,1
Philippines,PHL,2019,0.473875,0,0,0.45,0,NA,1,0,0,0,0,1
Philippines,PHL,2020,0.470475,0,0,0.425,0,NA,1,0,0,0,0,1
Philippines,PHL,2021,0.470475,0,0,0.432,0,NA,1,0,0,0,0,1
Philippines,PHL,2022,0.456175,0,0,0.43,0,NA,1,0,0,0,0,1
Philippines,PHL,2023,0.443375,0,0,0.434,0,NA,1,0,0,0,0,1
Philippines,PHL,2024,0.443575,0,0,0.435,0,NA,1,0,0,0,0,1
Tanzania,TZA,1940,0.3816,0,0,0.053,NA,NA,1,0,0,0,1,0
Tanzania,TZA,1941,0.3816,0,0,0.053,NA,NA,1,0,0,0,1,0
Tanzania,TZA,1942,0.3816,0,0,0.053,NA,NA,1,0,0,0,1,0
Tanzania,TZA,1943,0.3816,0,0,0.053,NA,NA,1,0,0,0,1,0
Tanzania,TZA,1944,0.3816,0,0,0.053,NA,NA,1,0,0,0,1,0
Tanzania,TZA,1945,0.3816,0,0,0.053,NA,NA,1,0,0,0,1,0
Tanzania,TZA,1946,0.3816,0,0,0.053,NA,NA,1,0,0,0,1,0
Tanzania,TZA,1947,0.3816,0,0,0.053,NA,NA,1,0,0,0,1,0
Tanzania,TZA,1948,0.3816,0,0,0.053,NA,NA,1,0,0,0,1,0
Tanzania,TZA,1949,0.3816,0,0,0.053,NA,NA,1,0,0,0,1,0
Tanzania,TZA,1950,0.3816,0,0,0.053,NA,NA,1,0,0,0,1,0
Tanzania,TZA,1951,0.3816,0,0,0.058,NA,NA,1,0,0,0,1,0
Tanzania,TZA,1952,0.3816,0,0,0.058,NA,NA,1,0,0,0,1,0
Tanzania,TZA,1953,0.3816,0,0,0.058,NA,NA,1,0,0,0,1,0
Tanzania,TZA,1954,0.3816,0,0,0.065,NA,NA,1,0,0,0,1,0
Tanzania,TZA,1955,0.3816,0,0,0.071,NA,NA,1,0,0,0,1,0
Tanzania,TZA,1956,0.3816,0,0,0.074,NA,NA,1,0,0,0,1,0
Tanzania,TZA,1957,0.3816,0,0,0.074,NA,NA,1,0,0,0,1,0
Tanzania,TZA,1958,0.3816,0,0,0.111,NA,NA,1,0,0,0,1,0
Tanzania,TZA,1959,0.3816,0,0,0.157,NA,NA,1,0,0,0,1,0
Tanzania,TZA,1960,0.3842,0,0,0.167,NA,NA,1,0,0,0,1,0
Tanzania,TZA,1961,0.574925,0,0,0.215,NA,NA,1,0,0,0,1,0
Tanzania,TZA,1962,0.727725,0,0,0.248,NA,NA,1,0,0,0,1,0
Tanzania,TZA,1963,0.727725,0,0,0.326,NA,NA,1,0,0,0,1,0
Tanzania,TZA,1964,0.726525,0,0,0.327,NA,NA,1,0,0,0,1,0
Tanzania,TZA,1965,0.721925,0,0,0.271,NA,NA,1,0,0,0,1,0
Tanzania,TZA,1966,0.721925,0,0,0.255,NA,NA,1,0,0,0,1,0
Tanzania,TZA,1967,0.738525,0,0,0.248,NA,NA,1,0,0,0,1,0
Tanzania,TZA,1968,0.738525,0,0,0.247,NA,NA,1,0,0,0,1,0
Tanzania,TZA,1969,0.738525,0,0,0.247,NA,NA,1,0,0,0,1,0
Tanzania,TZA,1970,0.733325,0,0,0.246,NA,NA,1,0,0,0,1,0
Tanzania,TZA,1971,0.733325,0,0,0.246,NA,NA,1,0,0,0,1,0
Tanzania,TZA,1972,0.733325,0,0,0.246,NA,NA,1,0,0,0,1,0
Tanzania,TZA,1973,0.733325,0,0,0.246,NA,NA,1,0,0,0,1,0
Tanzania,TZA,1974,0.733325,0,0,0.246,NA,NA,1,0,0,0,1,0
Tanzania,TZA,1975,0.733325,0,0,0.246,NA,NA,1,0,0,0,1,0
Tanzania,TZA,1976,0.733325,0,0,0.243,NA,NA,1,0,0,0,1,0
Tanzania,TZA,1977,0.733325,0,0,0.243,NA,NA,1,0,0,0,1,0
Tanzania,TZA,1978,0.733325,0,0,0.243,NA,NA,1,0,0,0,1,0
Tanzania,TZA,1979,0.733325,0,0,0.243,NA,NA,1,0,0,0,1,0
Tanzania,TZA,1980,0.727125,0,0,0.245,NA,NA,1,0,0,0,1,0
Tanzania,TZA,1981,0.727125,0,0,0.249,NA,NA,1,0,0,0,1,0
Tanzania,TZA,1982,0.727125,0,0,0.252,NA,NA,1,0,0,0,1,0
Tanzania,TZA,1983,0.727125,0,0,0.252,NA,NA,1,0,0,0,1,0
Tanzania,TZA,1984,0.727125,0,0,0.252,NA,NA,1,0,0,0,1,0
Tanzania,TZA,1985,0.707925,0,0,0.259,NA,NA,1,0,0,0,1,0
Tanzania,TZA,1986,0.67255,0,0,0.266,NA,NA,1,0,0,0,1,0
Tanzania,TZA,1987,0.68445,0,0,0.268,NA,NA,1,0,0,0,1,0
Tanzania,TZA,1988,0.68445,0,0,0.268,NA,NA,1,0,0,0,1,0
Tanzania,TZA,1989,0.68445,0,0,0.268,NA,NA,1,0,0,0,1,0
Tanzania,TZA,1990,0.64285,0,0,0.288,NA,NA,1,0,0,0,1,0
Tanzania,TZA,1991,0.65635,0,0,0.297,NA,NA,1,0,0,0,1,0
Tanzania,TZA,1992,0.65635,0,0,0.396,NA,NA,1,0,0,0,1,0
Tanzania,TZA,1993,0.65595,0,0,0.406,NA,NA,1,0,0,0,1,0
Tanzania,TZA,1994,0.64155,0,0,0.42,NA,NA,1,0,0,0,1,0
Tanzania,TZA,1995,0.62955,0,0,0.477,NA,NA,1,0,0,0,1,0
Tanzania,TZA,1996,0.622275,0,0,0.494,NA,NA,1,0,0,0,1,0
Tanzania,TZA,1997,0.622275,0,0,0.494,NA,NA,1,0,0,0,1,0
Tanzania,TZA,1998,0.622275,0,0,0.494,NA,NA,1,0,0,0,1,0
Tanzania,TZA,1999,0.622275,0,0,0.494,NA,NA,1,0,0,0,1,0
Tanzania,TZA,2000,0.622275,0,0,0.48,NA,NA,1,0,0,0,1,0
Tanzania,TZA,2001,0.62905,0,0,0.445,NA,NA,1,0,0,0,1,0
Tanzania,TZA,2002,0.62905,0,0,0.445,NA,NA,1,0,0,0,1,0
Tanzania,TZA,2003,0.62905,0,0,0.445,NA,NA,1,0,0,0,1,0
Tanzania,TZA,2004,0.62905,0,0,0.445,NA,NA,1,0,0,0,1,0
Tanzania,TZA,2005,0.62805,0,0,0.43,NA,NA,1,0,0,0,1,0
Tanzania,TZA,2006,0.63025,0,0,0.466,NA,NA,1,0,0,0,1,0
Tanzania,TZA,2007,0.63025,0,0,0.465,NA,NA,1,0,0,0,1,0
Tanzania,TZA,2008,0.63025,0,0,0.467,NA,NA,1,0,0,0,1,0
Tanzania,TZA,2009,0.63025,0,0,0.465,NA,NA,1,0,0,0,1,0
Tanzania,TZA,2010,0.64155,0,0,0.468,NA,NA,1,0,0,0,1,0
Tanzania,TZA,2011,0.64155,0,0,0.483,NA,NA,1,0,0,0,1,0
Tanzania,TZA,2012,0.64155,0,0,0.483,NA,NA,1,0,0,0,1,0
Tanzania,TZA,2013,0.617925,0,0,0.477,NA,NA,1,0,0,0,1,0
Tanzania,TZA,2014,0.614125,0,0,0.476,NA,NA,1,0,0,0,1,0
Tanzania,TZA,2015,0.656875,0,0,0.457,NA,NA,1,0,0,0,1,0
Tanzania,TZA,2016,0.696975,0,0,0.411,NA,NA,1,0,0,0,1,0
Tanzania,TZA,2017,0.7135,0,0,0.401,NA,NA,1,0,0,0,1,0
Tanzania,TZA,2018,0.71185,0,0,0.39,NA,NA,1,0,0,0,1,0
Tanzania,TZA,2019,0.70005,0,0,0.385,NA,NA,1,0,0,0,1,0
Tanzania,TZA,2020,0.73845,0,0,0.386,NA,NA,1,0,0,0,1,0
Tanzania,TZA,2021,0.73285,0,0,0.365,NA,NA,1,0,0,0,1,0
Tanzania,TZA,2022,0.780775,0,0,0.39,NA,NA,1,0,0,0,1,0
Tanzania,TZA,2023,0.762175,0,0,0.419,NA,NA,1,0,0,0,1,0
Tanzania,TZA,2024,0.754775,0,0,0.415,NA,NA,1,0,0,0,1,0
Taiwan,TWN,1940,0.531925,0,0,0.017,0,NA,1,0,0,0,0,1
Taiwan,TWN,1941,0.531925,0,0,0.016,0,NA,1,0,0,0,0,1
Taiwan,TWN,1942,0.531925,0,0,0.016,0,NA,1,0,0,0,0,1
Taiwan,TWN,1943,0.531925,0,0,0.016,0,NA,1,0,0,0,0,1
Taiwan,TWN,1944,0.531925,0,0,0.016,0,NA,1,0,0,0,0,1
Taiwan,TWN,1945,0.43755,0,0,0.024,0,NA,1,0,0,0,0,1
Taiwan,TWN,1946,0.383275,0,0,0.023,0,NA,1,0,0,0,0,1
Taiwan,TWN,1947,0.381275,0,0,0.085,0,NA,1,0,0,0,0,1
Taiwan,TWN,1948,0.356175,0,0,0.098,0,NA,1,0,0,0,0,1
Taiwan,TWN,1949,0.358975,0,0,0.074,0,NA,1,0,0,0,0,1
Taiwan,TWN,1950,0.425975,0,0,0.075,0,NA,1,0,0,0,0,1
Taiwan,TWN,1951,0.443775,0,0,0.076,0,NA,1,0,0,0,0,1
Taiwan,TWN,1952,0.432575,0,0,0.078,0,NA,1,0,0,0,0,1
Taiwan,TWN,1953,0.460475,0,0,0.078,0,NA,1,0,0,0,0,1
Taiwan,TWN,1954,0.472275,0,0,0.078,0,NA,1,0,0,0,0,1
Taiwan,TWN,1955,0.473675,0,0,0.078,0,NA,1,0,0,0,0,1
Taiwan,TWN,1956,0.473675,0,0,0.078,0,NA,1,0,0,0,0,1
Taiwan,TWN,1957,0.473675,0,0,0.078,0,NA,1,0,0,0,0,1
Taiwan,TWN,1958,0.473675,0,0,0.078,0,NA,1,0,0,0,0,1
Taiwan,TWN,1959,0.473675,0,0,0.078,0,NA,1,0,0,0,0,1
Taiwan,TWN,1960,0.483275,0,0,0.082,0,NA,1,0,0,0,0,1
Taiwan,TWN,1961,0.49025,0,0,0.082,0,NA,1,0,0,0,0,1
Taiwan,TWN,1962,0.49025,0,0,0.082,0,NA,1,0,0,0,0,1
Taiwan,TWN,1963,0.49025,0,0,0.082,0,NA,1,0,0,0,0,1
Taiwan,TWN,1964,0.49025,0,0,0.082,0,NA,1,0,0,0,0,1
Taiwan,TWN,1965,0.49025,0,0,0.082,0,NA,1,0,0,0,0,1
Taiwan,TWN,1966,0.49025,0,0,0.082,0,NA,1,0,0,0,0,1
Taiwan,TWN,1967,0.49025,0,0,0.082,0,NA,1,0,0,0,0,1
Taiwan,TWN,1968,0.49025,0,0,0.082,0,NA,1,0,0,0,0,1
Taiwan,TWN,1969,0.49025,0,0,0.083,0,NA,1,0,0,0,0,1
Taiwan,TWN,1970,0.49245,0,0,0.113,0,NA,1,0,0,0,0,1
Taiwan,TWN,1971,0.48425,0,0,0.112,0,NA,1,0,0,0,0,1
Taiwan,TWN,1972,0.47805,0,0,0.113,0,NA,1,0,0,0,0,1
Taiwan,TWN,1973,0.4912,0,0,0.112,0,NA,1,0,0,0,0,1
Taiwan,TWN,1974,0.4992,0,0,0.113,0,NA,1,0,0,0,0,1
Taiwan,TWN,1975,0.5233,0,0,0.113,0,NA,1,0,0,0,0,1
Taiwan,TWN,1976,0.547875,0,0,0.117,0,NA,1,0,0,0,0,1
Taiwan,TWN,1977,0.548875,0,0,0.118,0,NA,1,0,0,0,0,1
Taiwan,TWN,1978,0.5151,0,0,0.119,0,NA,1,0,0,0,0,1
Taiwan,TWN,1979,0.5013,0,0,0.119,0,NA,1,0,0,0,0,1
Taiwan,TWN,1980,0.5256,0,0,0.128,0,NA,1,0,0,0,0,1
Taiwan,TWN,1981,0.5256,0,0,0.131,0,NA,1,0,0,0,0,1
Taiwan,TWN,1982,0.5872,0,0,0.133,0,NA,1,0,0,0,0,1
Taiwan,TWN,1983,0.5872,0,0,0.134,0,NA,1,0,0,0,0,1
Taiwan,TWN,1984,0.5994,0,0,0.139,0,NA,1,0,0,0,0,1
Taiwan,TWN,1985,0.5994,0,0,0.139,0,NA,1,0,0,0,0,1
Taiwan,TWN,1986,0.5994,0,0,0.157,0,NA,1,0,0,0,0,1
Taiwan,TWN,1987,0.6022,0,0,0.201,0,NA,1,0,0,0,0,1
Taiwan,TWN,1988,0.6514,0,0,0.224,0,NA,1,0,0,0,0,1
Taiwan,TWN,1989,0.732725,0,0,0.242,0,NA,1,0,0,0,0,1
Taiwan,TWN,1990,0.747425,0,0,0.265,0,NA,1,0,0,0,0,1
Taiwan,TWN,1991,0.758525,0,0,0.266,0,NA,1,0,0,0,0,1
Taiwan,TWN,1992,0.7773,0,0,0.295,0,NA,1,0,0,0,0,1
Taiwan,TWN,1993,0.7773,0,0,0.322,0,NA,1,0,0,0,0,1
Taiwan,TWN,1994,0.78605,0,0,0.324,0,NA,1,0,0,0,0,1
Taiwan,TWN,1995,0.78605,0,0,0.326,0,NA,1,0,0,0,0,1
Taiwan,TWN,1996,0.78605,1,0.6931471805599453,0.509,4.574710978503383,NA,1,0,0,0,0,1
Taiwan,TWN,1997,0.78605,0,0.6931471805599453,0.649,4.584967478670572,NA,1,0,0,0,0,1
Taiwan,TWN,1998,0.78605,0,0.6931471805599453,0.662,4.59511985013459,NA,1,0,0,0,0,1
Taiwan,TWN,1999,0.78605,0,0.6931471805599453,0.658,4.605170185988092,NA,1,0,0,0,0,1
Taiwan,TWN,2000,0.841875,0,0.6931471805599453,0.774,4.605170185988092,NA,1,0,0,0,0,1
Taiwan,TWN,2001,0.843075,0,0.6931471805599453,0.786,4.61512051684126,NA,1,0,0,0,0,1
Taiwan,TWN,2002,0.843075,0,0.6931471805599453,0.795,4.624972813284271,NA,1,0,0,0,0,1
Taiwan,TWN,2003,0.843075,0,0.6931471805599453,0.791,4.634728988229636,NA,1,0,0,0,0,1
Taiwan,TWN,2004,0.843075,0,0.6931471805599453,0.777,4.6443908991413725,NA,1,0,0,0,0,1
Taiwan,TWN,2005,0.842075,0,0.6931471805599453,0.774,4.653960350157523,NA,1,0,0,0,0,1
Taiwan,TWN,2006,0.842075,0,0.6931471805599453,0.776,4.663439094112067,NA,1,0,0,0,0,1
Taiwan,TWN,2007,0.841875,0,0.6931471805599453,0.777,4.672828834461906,NA,1,0,0,0,0,1
Taiwan,TWN,2008,0.841075,0,0.6931471805599453,0.796,4.68213122712422,NA,1,0,0,0,0,1
Taiwan,TWN,2009,0.824525,0,0.6931471805599453,0.796,4.6913478822291435,NA,1,0,0,0,0,1
Taiwan,TWN,2010,0.823925,0,0.6931471805599453,0.804,4.700480365792417,NA,1,0,0,0,0,1
Taiwan,TWN,2011,0.823725,0,0.6931471805599453,0.804,4.709530201312334,NA,1,0,0,0,0,1
Taiwan,TWN,2012,0.824125,0,0.6931471805599453,0.806,4.718498871295094,NA,1,0,0,0,0,1
Taiwan,TWN,2013,0.804025,0,0.6931471805599453,0.802,4.727387818712341,NA,1,0,0,0,0,1
Taiwan,TWN,2014,0.804025,0,0.6931471805599453,0.804,4.736198448394496,NA,1,0,0,0,0,1
Taiwan,TWN,2015,0.81125,0,0.6931471805599453,0.804,4.74493212836325,NA,1,0,0,0,0,1
Taiwan,TWN,2016,0.83455,0,0.6931471805599453,0.838,4.7535901911063645,NA,1,0,0,0,0,1
Taiwan,TWN,2017,0.8526,0,0.6931471805599453,0.843,4.762173934797756,NA,1,0,0,0,0,1
Taiwan,TWN,2018,0.847,0,0.6931471805599453,0.844,4.770684624465665,NA,1,0,0,0,0,1
Taiwan,TWN,2019,0.8458,0,0.6931471805599453,0.835,4.77912349311153,NA,1,0,0,0,0,1
Taiwan,TWN,2020,0.858125,0,0.6931471805599453,0.824,4.787491742782046,NA,1,0,0,0,0,1
Taiwan,TWN,2021,0.859525,0,0.6931471805599453,0.824,4.795790545596741,NA,1,0,0,0,0,1
Taiwan,TWN,2022,0.863775,0,0.6931471805599453,0.827,4.804021044733257,NA,1,0,0,0,0,1
Taiwan,TWN,2023,0.88,0,0.6931471805599453,0.823,4.812184355372417,NA,1,0,0,0,0,1
Taiwan,TWN,2024,0.879,0,0.6931471805599453,0.8,4.820281565605037,NA,1,0,0,0,0,1
Thailand,THA,1940,0.287075,0,0,0.153,NA,NA,1,0,0,0,0,1
Thailand,THA,1941,0.287075,0,0,0.159,NA,NA,1,0,0,0,0,1
Thailand,THA,1942,0.287075,0,0,0.159,NA,NA,1,0,0,0,0,1
Thailand,THA,1943,0.287075,0,0,0.159,NA,NA,1,0,0,0,0,1
Thailand,THA,1944,0.287275,0,0,0.159,NA,NA,1,0,0,0,0,1
Thailand,THA,1945,0.287275,0,0,0.166,NA,NA,1,0,0,0,0,1
Thailand,THA,1946,0.287275,0,0,0.179,NA,NA,1,0,0,0,0,1
Thailand,THA,1947,0.276475,0,0,0.148,NA,NA,1,0,0,0,0,1
Thailand,THA,1948,0.276475,0,0,0.134,NA,NA,1,0,0,0,0,1
Thailand,THA,1949,0.276475,0,0,0.135,NA,NA,1,0,0,0,0,1
Thailand,THA,1950,0.2812,0,0,0.135,NA,NA,1,0,0,0,0,1
Thailand,THA,1951,0.2812,0,0,0.132,NA,NA,1,0,0,0,0,1
Thailand,THA,1952,0.2812,0,0,0.12,NA,NA,1,0,0,0,0,1
Thailand,THA,1953,0.2812,0,0,0.123,NA,NA,1,0,0,0,0,1
Thailand,THA,1954,0.2812,0,0,0.124,NA,NA,1,0,0,0,0,1
Thailand,THA,1955,0.2812,0,0,0.135,NA,NA,1,0,0,0,0,1
Thailand,THA,1956,0.2812,0,0,0.138,NA,NA,1,0,0,0,0,1
Thailand,THA,1957,0.2812,0,0,0.146,NA,NA,1,0,0,0,0,1
Thailand,THA,1958,0.2812,0,0,0.127,NA,NA,1,0,0,0,0,1
Thailand,THA,1959,0.2812,0,0,0.108,NA,NA,1,0,0,0,0,1
Thailand,THA,1960,0.2812,0,0,0.11,NA,NA,1,0,0,0,0,1
Thailand,THA,1961,0.2812,0,0,0.11,NA,NA,1,0,0,0,0,1
Thailand,THA,1962,0.2812,0,0,0.11,NA,NA,1,0,0,0,0,1
Thailand,THA,1963,0.2812,0,0,0.11,NA,NA,1,0,0,0,0,1
Thailand,THA,1964,0.2812,0,0,0.11,NA,NA,1,0,0,0,0,1
Thailand,THA,1965,0.2812,0,0,0.11,NA,NA,1,0,0,0,0,1
Thailand,THA,1966,0.2812,0,0,0.11,NA,NA,1,0,0,0,0,1
Thailand,THA,1967,0.2812,0,0,0.113,NA,NA,1,0,0,0,0,1
Thailand,THA,1968,0.2812,0,0,0.126,NA,NA,1,0,0,0,0,1
Thailand,THA,1969,0.2832,0,0,0.151,NA,NA,1,0,0,0,0,1
Thailand,THA,1970,0.321325,0,0,0.153,NA,NA,1,0,0,0,0,1
Thailand,THA,1971,0.321325,0,0,0.149,NA,NA,1,0,0,0,0,1
Thailand,THA,1972,0.320125,0,0,0.114,NA,NA,1,0,0,0,0,1
Thailand,THA,1973,0.322525,0,0,0.126,NA,NA,1,0,0,0,0,1
Thailand,THA,1974,0.324725,0,0,0.178,NA,NA,1,0,0,0,0,1
Thailand,THA,1975,0.324725,0,0,0.279,NA,NA,1,0,0,0,0,1
Thailand,THA,1976,0.324725,0,0,0.234,NA,NA,1,0,0,0,0,1
Thailand,THA,1977,0.320925,0,0,0.122,NA,NA,1,0,0,0,0,1
Thailand,THA,1978,0.320925,0,0,0.125,NA,NA,1,0,0,0,0,1
Thailand,THA,1979,0.323125,0,0,0.143,NA,NA,1,0,0,0,0,1
Thailand,THA,1980,0.383875,0,0,0.252,NA,NA,1,0,0,0,0,1
Thailand,THA,1981,0.390425,0,0,0.29,NA,NA,1,0,0,0,0,1
Thailand,THA,1982,0.39105,0,0,0.298,NA,NA,1,0,0,0,0,1
Thailand,THA,1983,0.422,0,0,0.323,NA,NA,1,0,0,0,0,1
Thailand,THA,1984,0.422,0,0,0.336,NA,NA,1,0,0,0,0,1
Thailand,THA,1985,0.4274,0,0,0.337,NA,NA,1,0,0,0,0,1
Thailand,THA,1986,0.4274,0,0,0.334,NA,NA,1,0,0,0,0,1
Thailand,THA,1987,0.42,0,0,0.333,NA,NA,1,0,0,0,0,1
Thailand,THA,1988,0.4506,0,0,0.354,NA,NA,1,0,0,0,0,1
Thailand,THA,1989,0.4506,0,0,0.368,NA,NA,1,0,0,0,0,1
Thailand,THA,1990,0.4506,0,0,0.377,NA,NA,1,0,0,0,0,1
Thailand,THA,1991,0.4486,0,0,0.211,NA,NA,1,0,0,0,0,1
Thailand,THA,1992,0.44725,0,0,0.275,NA,NA,1,0,0,0,0,1
Thailand,THA,1993,0.450025,0,0,0.417,NA,NA,1,0,0,0,0,1
Thailand,THA,1994,0.459525,0,0,0.421,NA,NA,1,0,0,0,0,1
Thailand,THA,1995,0.459525,0,0,0.427,NA,NA,1,0,0,0,0,1
Thailand,THA,1996,0.459525,0,0,0.406,NA,NA,1,0,0,0,0,1
Thailand,THA,1997,0.47265,0,0,0.481,NA,NA,1,0,0,0,0,1
Thailand,THA,1998,0.487275,1,0.6931471805599453,0.508,NA,NA,1,0,0,0,0,1
Thailand,THA,1999,0.487275,0,0.6931471805599453,0.508,NA,NA,1,0,0,0,0,1
Thailand,THA,2000,0.52545,0,0.6931471805599453,0.507,NA,NA,1,0,0,0,0,1
Thailand,THA,2001,0.52545,0,0.6931471805599453,0.55,NA,NA,1,0,0,0,0,1
Thailand,THA,2002,0.52545,0,0.6931471805599453,0.544,NA,NA,1,0,0,0,0,1
Thailand,THA,2003,0.52545,0,0.6931471805599453,0.539,NA,NA,1,0,0,0,0,1
Thailand,THA,2004,0.52545,0,0.6931471805599453,0.538,NA,NA,1,0,0,0,0,1
Thailand,THA,2005,0.509475,0,0.6931471805599453,0.514,NA,NA,1,0,0,0,0,1
Thailand,THA,2006,0.493975,0,0,0.236,NA,NA,1,0,0,0,0,1
Thailand,THA,2007,0.503325,0,0,0.186,NA,NA,1,0,0,0,0,1
Thailand,THA,2008,0.525275,0,0,0.401,NA,NA,1,0,0,0,0,1
Thailand,THA,2009,0.520475,0,0,0.416,NA,NA,1,0,0,0,0,1
Thailand,THA,2010,0.515275,0,0,0.414,NA,NA,1,0,0,0,0,1
Thailand,THA,2011,0.5235,0,0,0.466,NA,NA,1,0,0,0,0,1
Thailand,THA,2012,0.5263,0,0,0.497,NA,NA,1,0,0,0,0,1
Thailand,THA,2013,0.49605,0,0,0.432,NA,NA,1,0,0,0,0,1
Thailand,THA,2014,0.334075,0,0,0.158,NA,NA,1,0,0,0,0,1
Thailand,THA,2015,0.32225,0,0,0.152,NA,NA,1,0,0,0,0,1
Thailand,THA,2016,0.3355,0,0,0.155,NA,NA,1,0,0,0,0,1
Thailand,THA,2017,0.3245,0,0,0.15,NA,NA,1,0,0,0,0,1
Thailand,THA,2018,0.369,0,0,0.168,NA,NA,1,0,0,0,0,1
Thailand,THA,2019,0.3698,0,0,0.206,NA,NA,1,0,0,0,0,1
Thailand,THA,2020,0.3768,0,0,0.198,NA,NA,1,0,0,0,0,1
Thailand,THA,2021,0.3804,0,0,0.203,NA,NA,1,0,0,0,0,1
Thailand,THA,2022,0.3804,0,0,0.208,NA,NA,1,0,0,0,0,1
Thailand,THA,2023,0.394925,0,0,0.289,NA,NA,1,0,0,0,0,1
Thailand,THA,2024,0.396525,0,0,0.389,NA,NA,1,0,0,0,0,1
Uganda,UGA,1940,0.579125,0,0,0.064,0,NA,1,0,0,0,1,0
Uganda,UGA,1941,0.579125,0,0,0.064,0,NA,1,0,0,0,1,0
Uganda,UGA,1942,0.579125,0,0,0.064,0,NA,1,0,0,0,1,0
Uganda,UGA,1943,0.579125,0,0,0.064,0,NA,1,0,0,0,1,0
Uganda,UGA,1944,0.579125,0,0,0.064,0,NA,1,0,0,0,1,0
Uganda,UGA,1945,0.579125,0,0,0.064,0,NA,1,0,0,0,1,0
Uganda,UGA,1946,0.579125,0,0,0.064,0,NA,1,0,0,0,1,0
Uganda,UGA,1947,0.579125,0,0,0.064,0,NA,1,0,0,0,1,0
Uganda,UGA,1948,0.579125,0,0,0.065,0,NA,1,0,0,0,1,0
Uganda,UGA,1949,0.579125,0,0,0.065,0,NA,1,0,0,0,1,0
Uganda,UGA,1950,0.579125,0,0,0.068,0,NA,1,0,0,0,1,0
Uganda,UGA,1951,0.579125,0,0,0.077,0,NA,1,0,0,0,1,0
Uganda,UGA,1952,0.606675,0,0,0.079,0,NA,1,0,0,0,1,0
Uganda,UGA,1953,0.607275,0,0,0.08,0,NA,1,0,0,0,1,0
Uganda,UGA,1954,0.599675,0,0,0.08,0,NA,1,0,0,0,1,0
Uganda,UGA,1955,0.599675,0,0,0.08,0,NA,1,0,0,0,1,0
Uganda,UGA,1956,0.599675,0,0,0.092,0,NA,1,0,0,0,1,0
Uganda,UGA,1957,0.599675,0,0,0.092,0,NA,1,0,0,0,1,0
Uganda,UGA,1958,0.589275,0,0,0.17,0,NA,1,0,0,0,1,0
Uganda,UGA,1959,0.589275,0,0,0.167,0,NA,1,0,0,0,1,0
Uganda,UGA,1960,0.589275,0,0,0.178,0,NA,1,0,0,0,1,0
Uganda,UGA,1961,0.591675,0,0,0.185,0,NA,1,0,0,0,1,0
Uganda,UGA,1962,0.5732,0,0,0.256,0,NA,1,0,0,0,1,0
Uganda,UGA,1963,0.569175,0,0,0.394,0,NA,1,0,0,0,1,0
Uganda,UGA,1964,0.569175,0,0,0.39,0,NA,1,0,0,0,1,0
Uganda,UGA,1965,0.569175,0,0,0.39,0,NA,1,0,0,0,1,0
Uganda,UGA,1966,0.491975,0,0,0.237,0,NA,1,0,0,0,1,0
Uganda,UGA,1967,0.394875,0,0,0.227,0,NA,1,0,0,0,1,0
Uganda,UGA,1968,0.4135,0,0,0.227,0,NA,1,0,0,0,1,0
Uganda,UGA,1969,0.4135,0,0,0.202,0,NA,1,0,0,0,1,0
Uganda,UGA,1970,0.4119,0,0,0.195,0,NA,1,0,0,0,1,0
Uganda,UGA,1971,0.26065,0,0,0.124,0,NA,1,0,0,0,1,0
Uganda,UGA,1972,0.22665,0,0,0.087,0,NA,1,0,0,0,1,0
Uganda,UGA,1973,0.19845,0,0,0.084,0,NA,1,0,0,0,1,0
Uganda,UGA,1974,0.19845,0,0,0.084,0,NA,1,0,0,0,1,0
Uganda,UGA,1975,0.19845,0,0,0.084,0,NA,1,0,0,0,1,0
Uganda,UGA,1976,0.19845,0,0,0.084,0,NA,1,0,0,0,1,0
Uganda,UGA,1977,0.19845,0,0,0.084,0,NA,1,0,0,0,1,0
Uganda,UGA,1978,0.19845,0,0,0.084,0,NA,1,0,0,0,1,0
Uganda,UGA,1979,0.19845,0,0,0.086,0,NA,1,0,0,0,1,0
Uganda,UGA,1980,0.338025,0,0,0.15,0,NA,1,0,0,0,1,0
Uganda,UGA,1981,0.339225,0,0,0.224,0,NA,1,0,0,0,1,0
Uganda,UGA,1982,0.339225,0,0,0.223,0,NA,1,0,0,0,1,0
Uganda,UGA,1983,0.30105,0,0,0.223,0,NA,1,0,0,0,1,0
Uganda,UGA,1984,0.30105,0,0,0.223,0,NA,1,0,0,0,1,0
Uganda,UGA,1985,0.30425,0,0,0.182,0,NA,1,0,0,0,1,0
Uganda,UGA,1986,0.495525,0,0,0.125,0,NA,1,0,0,0,1,0
Uganda,UGA,1987,0.568175,0,0,0.126,0,NA,1,0,0,0,1,0
Uganda,UGA,1988,0.592175,0,0,0.132,0,NA,1,0,0,0,1,0
Uganda,UGA,1989,0.584775,0,0,0.172,0,NA,1,0,0,0,1,0
Uganda,UGA,1990,0.61685,0,0,0.179,0,NA,1,0,0,0,1,0
Uganda,UGA,1991,0.61685,0,0,0.254,0,NA,1,0,0,0,1,0
Uganda,UGA,1992,0.61685,0,0,0.259,0,NA,1,0,0,0,1,0
Uganda,UGA,1993,0.61245,0,0,0.266,0,NA,1,0,0,0,1,0
Uganda,UGA,1994,0.605325,0,0,0.29,0,NA,1,0,0,0,1,0
Uganda,UGA,1995,0.614325,0,0,0.298,0,NA,1,0,0,0,1,0
Uganda,UGA,1996,0.580725,0,0,0.308,0,NA,1,0,0,0,1,0
Uganda,UGA,1997,0.575125,0,0,0.306,0,NA,1,0,0,0,1,0
Uganda,UGA,1998,0.575125,0,0,0.306,0,NA,1,0,0,0,1,0
Uganda,UGA,1999,0.573925,0,0,0.306,0,NA,1,0,0,0,1,0
Uganda,UGA,2000,0.542725,0,0,0.312,0,NA,1,0,0,0,1,0
Uganda,UGA,2001,0.543725,0,0,0.28,0,NA,1,0,0,0,1,0
Uganda,UGA,2002,0.543725,0,0,0.272,0,NA,1,0,0,0,1,0
Uganda,UGA,2003,0.5447,0,0,0.267,0,NA,1,0,0,0,1,0
Uganda,UGA,2004,0.5377,0,0,0.276,0,NA,1,0,0,0,1,0
Uganda,UGA,2005,0.5301,0,0,0.306,0,NA,1,0,0,0,1,0
Uganda,UGA,2006,0.5345,0,0,0.328,0,NA,1,0,0,0,1,0
Uganda,UGA,2007,0.531025,0,0,0.331,0,NA,1,0,0,0,1,0
Uganda,UGA,2008,0.531025,0,0,0.329,0,NA,1,0,0,0,1,0
Uganda,UGA,2009,0.5174,0,0,0.327,0,NA,1,0,0,0,1,0
Uganda,UGA,2010,0.51705,0,0,0.328,0,NA,1,0,0,0,1,0
Uganda,UGA,2011,0.51725,0,0,0.327,0,NA,1,0,0,0,1,0
Uganda,UGA,2012,0.51485,0,0,0.327,0,NA,1,0,0,0,1,0
Uganda,UGA,2013,0.513,0,0,0.321,0,NA,1,0,0,0,1,0
Uganda,UGA,2014,0.5128,0,0,0.317,0,NA,1,0,0,0,1,0
Uganda,UGA,2015,0.48755,0,0,0.313,0,NA,1,0,0,0,1,0
Uganda,UGA,2016,0.45205,0,0,0.3,0,NA,1,0,0,0,1,0
Uganda,UGA,2017,0.455,0,0,0.302,0,NA,1,0,0,0,1,0
Uganda,UGA,2018,0.445,0,0,0.298,0,NA,1,0,0,0,1,0
Uganda,UGA,2019,0.4434,0,0,0.3,0,NA,1,0,0,0,1,0
Uganda,UGA,2020,0.43345,0,0,0.3,0,NA,1,0,0,0,1,0
Uganda,UGA,2021,0.40635,0,0,0.287,0,NA,1,0,0,0,1,0
Uganda,UGA,2022,0.4277,0,0,0.279,0,NA,1,0,0,0,1,0
Uganda,UGA,2023,0.439625,0,0,0.275,0,NA,1,0,0,0,1,0
Uganda,UGA,2024,0.42895,0,0,0.272,0,NA,1,0,0,0,1,0
Venezuela,VEN,1940,0.61225,0,0,0.083,NA,NA,1,0,1,0,0,0
Venezuela,VEN,1941,0.622175,0,0,0.106,NA,NA,1,0,1,0,0,0
Venezuela,VEN,1942,0.622175,0,0,0.108,NA,NA,1,0,1,0,0,0
Venezuela,VEN,1943,0.622175,0,0,0.11,NA,NA,1,0,1,0,0,0
Venezuela,VEN,1944,0.622175,0,0,0.114,NA,NA,1,0,1,0,0,0
Venezuela,VEN,1945,0.651025,0,0,0.158,NA,NA,1,0,1,0,0,0
Venezuela,VEN,1946,0.6548,0,0,0.182,NA,NA,1,0,1,0,0,0
Venezuela,VEN,1947,0.6548,0,0,0.307,NA,NA,1,0,1,0,0,0
Venezuela,VEN,1948,0.5948,0,0,0.378,NA,NA,1,0,1,0,0,0
Venezuela,VEN,1949,0.440575,0,0,0.101,NA,NA,1,0,1,0,0,0
Venezuela,VEN,1950,0.424575,0,0,0.097,NA,NA,1,0,1,0,0,0
Venezuela,VEN,1951,0.421375,0,0,0.097,NA,NA,1,0,1,0,0,0
Venezuela,VEN,1952,0.418575,0,0,0.095,NA,NA,1,0,1,0,0,0
Venezuela,VEN,1953,0.395375,0,0,0.091,NA,NA,1,0,1,0,0,0
Venezuela,VEN,1954,0.395375,0,0,0.091,NA,NA,1,0,1,0,0,0
Venezuela,VEN,1955,0.395375,0,0,0.091,NA,NA,1,0,1,0,0,0
Venezuela,VEN,1956,0.395375,0,0,0.091,NA,NA,1,0,1,0,0,0
Venezuela,VEN,1957,0.402575,0,0,0.094,NA,NA,1,0,1,0,0,0
Venezuela,VEN,1958,0.606425,0,0,0.264,NA,NA,1,0,1,0,0,0
Venezuela,VEN,1959,0.671525,1,0.6931471805599453,0.598,NA,NA,1,0,1,0,0,0
Venezuela,VEN,1960,0.6705,0,0.6931471805599453,0.652,NA,NA,1,0,1,0,0,0
Venezuela,VEN,1961,0.6705,0,0.6931471805599453,0.664,NA,NA,1,0,1,0,0,0
Venezuela,VEN,1962,0.6705,0,0.6931471805599453,0.658,NA,NA,1,0,1,0,0,0
Venezuela,VEN,1963,0.6705,0,0.6931471805599453,0.656,NA,NA,1,0,1,0,0,0
Venezuela,VEN,1964,0.6651,0,0.6931471805599453,0.635,NA,NA,1,0,1,0,0,0
Venezuela,VEN,1965,0.6651,0,0.6931471805599453,0.642,NA,NA,1,0,1,0,0,0
Venezuela,VEN,1966,0.6651,0,0.6931471805599453,0.642,NA,NA,1,0,1,0,0,0
Venezuela,VEN,1967,0.6651,0,0.6931471805599453,0.642,NA,NA,1,0,1,0,0,0
Venezuela,VEN,1968,0.6651,0,0.6931471805599453,0.642,NA,NA,1,0,1,0,0,0
Venezuela,VEN,1969,0.6651,0,0.6931471805599453,0.67,NA,NA,1,0,1,0,0,0
Venezuela,VEN,1970,0.6601,0,0.6931471805599453,0.686,NA,NA,1,0,1,0,0,0
Venezuela,VEN,1971,0.6601,0,0.6931471805599453,0.693,NA,NA,1,0,1,0,0,0
Venezuela,VEN,1972,0.6511,0,0.6931471805599453,0.701,NA,NA,1,0,1,0,0,0
Venezuela,VEN,1973,0.6003,0,0.6931471805599453,0.7,NA,NA,1,0,1,0,0,0
Venezuela,VEN,1974,0.588025,0,0.6931471805599453,0.727,NA,NA,1,0,1,0,0,0
Venezuela,VEN,1975,0.57035,0,0.6931471805599453,0.727,NA,NA,1,0,1,0,0,0
Venezuela,VEN,1976,0.57155,0,0.6931471805599453,0.727,NA,NA,1,0,1,0,0,0
Venezuela,VEN,1977,0.57115,0,0.6931471805599453,0.727,NA,NA,1,0,1,0,0,0
Venezuela,VEN,1978,0.57115,0,0.6931471805599453,0.729,NA,NA,1,0,1,0,0,0
Venezuela,VEN,1979,0.57115,0,0.6931471805599453,0.729,NA,NA,1,0,1,0,0,0
Venezuela,VEN,1980,0.56835,0,0.6931471805599453,0.731,NA,NA,1,0,1,0,0,0
Venezuela,VEN,1981,0.56835,0,0.6931471805599453,0.731,NA,NA,1,0,1,0,0,0
Venezuela,VEN,1982,0.56835,0,0.6931471805599453,0.731,NA,NA,1,0,1,0,0,0
Venezuela,VEN,1983,0.56835,0,0.6931471805599453,0.73,NA,NA,1,0,1,0,0,0
Venezuela,VEN,1984,0.55855,0,0.6931471805599453,0.727,NA,NA,1,0,1,0,0,0
Venezuela,VEN,1985,0.55855,0,0.6931471805599453,0.726,NA,NA,1,0,1,0,0,0
Venezuela,VEN,1986,0.55855,0,0.6931471805599453,0.724,NA,NA,1,0,1,0,0,0
Venezuela,VEN,1987,0.55855,0,0.6931471805599453,0.724,NA,NA,1,0,1,0,0,0
Venezuela,VEN,1988,0.55655,0,0.6931471805599453,0.728,NA,NA,1,0,1,0,0,0
Venezuela,VEN,1989,0.55435,0,0.6931471805599453,0.729,NA,NA,1,0,1,0,0,0
Venezuela,VEN,1990,0.55495,0,0.6931471805599453,0.739,NA,NA,1,0,1,0,0,0
Venezuela,VEN,1991,0.56115,0,0.6931471805599453,0.743,NA,NA,1,0,1,0,0,0
Venezuela,VEN,1992,0.55455,0,0.6931471805599453,0.733,NA,NA,1,0,1,0,0,0
Venezuela,VEN,1993,0.56455,0,0.6931471805599453,0.745,NA,NA,1,0,1,0,0,0
Venezuela,VEN,1994,0.55695,0,0.6931471805599453,0.751,NA,NA,1,0,1,0,0,0
Venezuela,VEN,1995,0.56195,0,0.6931471805599453,0.751,NA,NA,1,0,1,0,0,0
Venezuela,VEN,1996,0.56195,0,0.6931471805599453,0.751,NA,NA,1,0,1,0,0,0
Venezuela,VEN,1997,0.56135,0,0.6931471805599453,0.749,NA,NA,1,0,1,0,0,0
Venezuela,VEN,1998,0.538,0,0.6931471805599453,0.733,NA,NA,1,0,1,0,0,0
Venezuela,VEN,1999,0.4599,0,0.6931471805599453,0.67,NA,NA,1,0,1,0,0,0
Venezuela,VEN,2000,0.3482,0,0.6931471805599453,0.573,NA,NA,1,0,1,0,0,0
Venezuela,VEN,2001,0.342125,0,0.6931471805599453,0.532,NA,NA,1,0,1,0,0,0
Venezuela,VEN,2002,0.329725,0,0,0.499,NA,NA,1,0,1,0,0,0
Venezuela,VEN,2003,0.33145,0,0,0.483,NA,NA,1,0,1,0,0,0
Venezuela,VEN,2004,0.32365,0,0,0.472,NA,NA,1,0,1,0,0,0
Venezuela,VEN,2005,0.29405,0,0,0.471,NA,NA,1,0,1,0,0,0
Venezuela,VEN,2006,0.29365,0,0,0.453,NA,NA,1,0,1,0,0,0
Venezuela,VEN,2007,0.29185,0,0,0.434,NA,NA,1,0,1,0,0,0
Venezuela,VEN,2008,0.287025,0,0,0.433,NA,NA,1,0,1,0,0,0
Venezuela,VEN,2009,0.284425,0,0,0.43,NA,NA,1,0,1,0,0,0
Venezuela,VEN,2010,0.273475,0,0,0.42,NA,NA,1,0,1,0,0,0
Venezuela,VEN,2011,0.272275,0,0,0.414,NA,NA,1,0,1,0,0,0
Venezuela,VEN,2012,0.273725,0,0,0.401,NA,NA,1,0,1,0,0,0
Venezuela,VEN,2013,0.21335,0,0,0.324,NA,NA,1,0,1,0,0,0
Venezuela,VEN,2014,0.208025,0,0,0.31,NA,NA,1,0,1,0,0,0
Venezuela,VEN,2015,0.20345,0,0,0.297,NA,NA,1,0,1,0,0,0
Venezuela,VEN,2016,0.18605,0,0,0.292,NA,NA,1,0,1,0,0,0
Venezuela,VEN,2017,0.129275,0,0,0.232,NA,NA,1,0,1,0,0,0
Venezuela,VEN,2018,0.124575,0,0,0.215,NA,NA,1,0,1,0,0,0
Venezuela,VEN,2019,0.1209,0,0,0.208,NA,NA,1,0,1,0,0,0
Venezuela,VEN,2020,0.108975,0,0,0.206,NA,NA,1,0,1,0,0,0
Venezuela,VEN,2021,0.15145,0,0,0.215,NA,NA,1,0,1,0,0,0
Venezuela,VEN,2022,0.145975,0,0,0.211,NA,NA,1,0,1,0,0,0
Venezuela,VEN,2023,0.13935,0,0,0.207,NA,NA,1,0,1,0,0,0
Venezuela,VEN,2024,0.1212,0,0,0.197,NA,NA,1,0,1,0,0,0
Benin,BEN,1940,0.438575,0,0,0.033,0,NA,1,0,0,0,1,0
Benin,BEN,1941,0.438575,0,0,0.033,0,NA,1,0,0,0,1,0
Benin,BEN,1942,0.438575,0,0,0.033,0,NA,1,0,0,0,1,0
Benin,BEN,1943,0.438575,0,0,0.033,0,NA,1,0,0,0,1,0
Benin,BEN,1944,0.438575,0,0,0.033,0,NA,1,0,0,0,1,0
Benin,BEN,1945,0.438575,0,0,0.039,0,NA,1,0,0,0,1,0
Benin,BEN,1946,0.438575,0,0,0.049,0,NA,1,0,0,0,1,0
Benin,BEN,1947,0.438575,0,0,0.049,0,NA,1,0,0,0,1,0
Benin,BEN,1948,0.438575,0,0,0.049,0,NA,1,0,0,0,1,0
Benin,BEN,1949,0.438575,0,0,0.049,0,NA,1,0,0,0,1,0
Benin,BEN,1950,0.438575,0,0,0.049,0,NA,1,0,0,0,1,0
Benin,BEN,1951,0.438575,0,0,0.049,0,NA,1,0,0,0,1,0
Benin,BEN,1952,0.441875,0,0,0.078,0,NA,1,0,0,0,1,0
Benin,BEN,1953,0.441875,0,0,0.085,0,NA,1,0,0,0,1,0
Benin,BEN,1954,0.441875,0,0,0.085,0,NA,1,0,0,0,1,0
Benin,BEN,1955,0.441875,0,0,0.085,0,NA,1,0,0,0,1,0
Benin,BEN,1956,0.441875,0,0,0.135,0,NA,1,0,0,0,1,0
Benin,BEN,1957,0.441875,0,0,0.134,0,NA,1,0,0,0,1,0
Benin,BEN,1958,0.441875,0,0,0.135,0,NA,1,0,0,0,1,0
Benin,BEN,1959,0.441875,0,0,0.15,0,NA,1,0,0,0,1,0
Benin,BEN,1960,0.49345,0,0,0.268,0,NA,1,0,0,0,1,0
Benin,BEN,1961,0.50565,0,0,0.334,0,NA,1,0,0,0,1,0
Benin,BEN,1962,0.50565,0,0,0.334,0,NA,1,0,0,0,1,0
Benin,BEN,1963,0.50565,0,0,0.334,0,NA,1,0,0,0,1,0
Benin,BEN,1964,0.492,0,0,0.314,0,NA,1,0,0,0,1,0
Benin,BEN,1965,0.492,0,0,0.31,0,NA,1,0,0,0,1,0
Benin,BEN,1966,0.492,0,0,0.175,0,NA,1,0,0,0,1,0
Benin,BEN,1967,0.492,0,0,0.175,0,NA,1,0,0,0,1,0
Benin,BEN,1968,0.492,0,0,0.22,0,NA,1,0,0,0,1,0
Benin,BEN,1969,0.492,0,0,0.256,0,NA,1,0,0,0,1,0
Benin,BEN,1970,0.492,0,0,0.175,0,NA,1,0,0,0,1,0
Benin,BEN,1971,0.4916,0,0,0.169,0,NA,1,0,0,0,1,0
Benin,BEN,1972,0.469,0,0,0.124,0,NA,1,0,0,0,1,0
Benin,BEN,1973,0.44005,0,0,0.094,0,NA,1,0,0,0,1,0
Benin,BEN,1974,0.44005,0,0,0.088,0,NA,1,0,0,0,1,0
Benin,BEN,1975,0.44005,0,0,0.085,0,NA,1,0,0,0,1,0
Benin,BEN,1976,0.44005,0,0,0.085,0,NA,1,0,0,0,1,0
Benin,BEN,1977,0.44005,0,0,0.085,0,NA,1,0,0,0,1,0
Benin,BEN,1978,0.44005,0,0,0.085,0,NA,1,0,0,0,1,0
Benin,BEN,1979,0.44005,0,0,0.087,0,NA,1,0,0,0,1,0
Benin,BEN,1980,0.48585,0,0,0.107,0,NA,1,0,0,0,1,0
Benin,BEN,1981,0.48585,0,0,0.107,0,NA,1,0,0,0,1,0
Benin,BEN,1982,0.48585,0,0,0.107,0,NA,1,0,0,0,1,0
Benin,BEN,1983,0.48585,0,0,0.107,0,NA,1,0,0,0,1,0
Benin,BEN,1984,0.48585,0,0,0.103,0,NA,1,0,0,0,1,0
Benin,BEN,1985,0.48585,0,0,0.101,0,NA,1,0,0,0,1,0
Benin,BEN,1986,0.48585,0,0,0.101,0,NA,1,0,0,0,1,0
Benin,BEN,1987,0.47825,0,0,0.102,0,NA,1,0,0,0,1,0
Benin,BEN,1988,0.47825,0,0,0.101,0,NA,1,0,0,0,1,0
Benin,BEN,1989,0.47825,0,0,0.102,0,NA,1,0,0,0,1,0
Benin,BEN,1990,0.578225,0,0,0.222,0,NA,1,0,0,0,1,0
Benin,BEN,1991,0.591825,0,0,0.47,0,NA,1,0,0,0,1,0
Benin,BEN,1992,0.610625,1,0.6931471805599453,0.601,4.477336814478207,NA,1,0,0,0,1,0
Benin,BEN,1993,0.610625,0,0.6931471805599453,0.601,4.48863636973214,NA,1,0,0,0,1,0
Benin,BEN,1994,0.610625,0,0.6931471805599453,0.601,4.499809670330265,NA,1,0,0,0,1,0
Benin,BEN,1995,0.610625,0,0.6931471805599453,0.624,4.51085950651685,NA,1,0,0,0,1,0
Benin,BEN,1996,0.592625,0,0.6931471805599453,0.624,4.5217885770490405,NA,1,0,0,0,1,0
Benin,BEN,1997,0.581025,0,0.6931471805599453,0.623,4.532599493153256,NA,1,0,0,0,1,0
Benin,BEN,1998,0.581025,0,0.6931471805599453,0.623,4.543294782270004,NA,1,0,0,0,1,0
Benin,BEN,1999,0.581025,0,0.6931471805599453,0.61,4.553876891600541,NA,1,0,0,0,1,0
Benin,BEN,2000,0.581625,0,0.6931471805599453,0.607,4.564348191467836,NA,1,0,0,0,1,0
Benin,BEN,2001,0.581625,0,0.6931471805599453,0.605,4.574710978503383,NA,1,0,0,0,1,0
Benin,BEN,2002,0.581625,0,0.6931471805599453,0.606,4.584967478670572,NA,1,0,0,0,1,0
Benin,BEN,2003,0.581625,0,0.6931471805599453,0.606,4.59511985013459,NA,1,0,0,0,1,0
Benin,BEN,2004,0.581625,0,0.6931471805599453,0.606,4.605170185988092,NA,1,0,0,0,1,0
Benin,BEN,2005,0.6019,0,0.6931471805599453,0.628,4.61512051684126,NA,1,0,0,0,1,0
Benin,BEN,2006,0.5993,0,0.6931471805599453,0.661,4.624972813284271,NA,1,0,0,0,1,0
Benin,BEN,2007,0.5993,0,0.6931471805599453,0.653,4.634728988229636,NA,1,0,0,0,1,0
Benin,BEN,2008,0.6005,0,0.6931471805599453,0.642,4.6443908991413725,NA,1,0,0,0,1,0
Benin,BEN,2009,0.6005,0,0.6931471805599453,0.644,4.653960350157523,NA,1,0,0,0,1,0
Benin,BEN,2010,0.6005,0,0.6931471805599453,0.643,4.663439094112067,NA,1,0,0,0,1,0
Benin,BEN,2011,0.6005,0,0.6931471805599453,0.604,4.672828834461906,NA,1,0,0,0,1,0
Benin,BEN,2012,0.6005,0,0.6931471805599453,0.598,4.68213122712422,NA,1,0,0,0,1,0
Benin,BEN,2013,0.65285,0,0.6931471805599453,0.595,4.6913478822291435,NA,1,0,0,0,1,0
Benin,BEN,2014,0.65325,0,0.6931471805599453,0.605,4.700480365792417,NA,1,0,0,0,1,0
Benin,BEN,2015,0.59375,0,0.6931471805599453,0.656,4.709530201312334,NA,1,0,0,0,1,0
Benin,BEN,2016,0.72845,0,0.6931471805599453,0.709,4.718498871295094,NA,1,0,0,0,1,0
Benin,BEN,2017,0.6897,0,0.6931471805599453,0.714,4.727387818712341,NA,1,0,0,0,1,0
Benin,BEN,2018,0.7115,0,0.6931471805599453,0.611,4.736198448394496,NA,1,0,0,0,1,0
Benin,BEN,2019,0.63695,0,0,0.456,0,NA,1,0,0,0,1,0
Benin,BEN,2020,0.7486,0,0,0.411,0,NA,1,0,0,0,1,0
Benin,BEN,2021,0.743575,0,0,0.395,0,NA,1,0,0,0,1,0
Benin,BEN,2022,0.741975,0,0,0.435,0,NA,1,0,0,0,1,0
Benin,BEN,2023,0.733575,0,0,0.493,0,NA,1,0,0,0,1,0
Benin,BEN,2024,0.73725,1,1.0986122886681096,0.501,4.77912349311153,NA,1,0,0,0,1,0
Bhutan,BTN,1940,0.563625,0,0,0.026,0,NA,1,0,0,0,0,1
Bhutan,BTN,1941,0.563625,0,0,0.026,0,NA,1,0,0,0,0,1
Bhutan,BTN,1942,0.563625,0,0,0.026,0,NA,1,0,0,0,0,1
Bhutan,BTN,1943,0.563625,0,0,0.031,0,NA,1,0,0,0,0,1
Bhutan,BTN,1944,0.563625,0,0,0.026,0,NA,1,0,0,0,0,1
Bhutan,BTN,1945,0.563625,0,0,0.032,0,NA,1,0,0,0,0,1
Bhutan,BTN,1946,0.563625,0,0,0.032,0,NA,1,0,0,0,0,1
Bhutan,BTN,1947,0.563625,0,0,0.032,0,NA,1,0,0,0,0,1
Bhutan,BTN,1948,0.563625,0,0,0.032,0,NA,1,0,0,0,0,1
Bhutan,BTN,1949,0.563625,0,0,0.032,0,NA,1,0,0,0,0,1
Bhutan,BTN,1950,0.56975,0,0,0.034,0,NA,1,0,0,0,0,1
Bhutan,BTN,1951,0.56975,0,0,0.034,0,NA,1,0,0,0,0,1
Bhutan,BTN,1952,0.58335,0,0,0.037,0,NA,1,0,0,0,0,1
Bhutan,BTN,1953,0.618075,0,0,0.036,0,NA,1,0,0,0,0,1
Bhutan,BTN,1954,0.618075,0,0,0.036,0,NA,1,0,0,0,0,1
Bhutan,BTN,1955,0.628375,0,0,0.038,0,NA,1,0,0,0,0,1
Bhutan,BTN,1956,0.630575,0,0,0.038,0,NA,1,0,0,0,0,1
Bhutan,BTN,1957,0.631975,0,0,0.038,0,NA,1,0,0,0,0,1
Bhutan,BTN,1958,0.636175,0,0,0.038,0,NA,1,0,0,0,0,1
Bhutan,BTN,1959,0.633975,0,0,0.038,0,NA,1,0,0,0,0,1
Bhutan,BTN,1960,0.650675,0,0,0.041,0,NA,1,0,0,0,0,1
Bhutan,BTN,1961,0.654875,0,0,0.041,0,NA,1,0,0,0,0,1
Bhutan,BTN,1962,0.654875,0,0,0.041,0,NA,1,0,0,0,0,1
Bhutan,BTN,1963,0.654875,0,0,0.041,0,NA,1,0,0,0,0,1
Bhutan,BTN,1964,0.654875,0,0,0.041,0,NA,1,0,0,0,0,1
Bhutan,BTN,1965,0.654875,0,0,0.041,0,NA,1,0,0,0,0,1
Bhutan,BTN,1966,0.654875,0,0,0.041,0,NA,1,0,0,0,0,1
Bhutan,BTN,1967,0.654875,0,0,0.047,0,NA,1,0,0,0,0,1
Bhutan,BTN,1968,0.664925,0,0,0.047,0,NA,1,0,0,0,0,1
Bhutan,BTN,1969,0.664925,0,0,0.047,0,NA,1,0,0,0,0,1
Bhutan,BTN,1970,0.666,0,0,0.047,0,NA,1,0,0,0,0,1
Bhutan,BTN,1971,0.666,0,0,0.049,0,NA,1,0,0,0,0,1
Bhutan,BTN,1972,0.6668,0,0,0.05,0,NA,1,0,0,0,0,1
Bhutan,BTN,1973,0.6668,0,0,0.051,0,NA,1,0,0,0,0,1
Bhutan,BTN,1974,0.6668,0,0,0.051,0,NA,1,0,0,0,0,1
Bhutan,BTN,1975,0.6668,0,0,0.051,0,NA,1,0,0,0,0,1
Bhutan,BTN,1976,0.6668,0,0,0.053,0,NA,1,0,0,0,0,1
Bhutan,BTN,1977,0.6668,0,0,0.054,0,NA,1,0,0,0,0,1
Bhutan,BTN,1978,0.6668,0,0,0.054,0,NA,1,0,0,0,0,1
Bhutan,BTN,1979,0.67505,0,0,0.054,0,NA,1,0,0,0,0,1
Bhutan,BTN,1980,0.68335,0,0,0.054,0,NA,1,0,0,0,0,1
Bhutan,BTN,1981,0.68335,0,0,0.054,0,NA,1,0,0,0,0,1
Bhutan,BTN,1982,0.68335,0,0,0.054,0,NA,1,0,0,0,0,1
Bhutan,BTN,1983,0.68335,0,0,0.054,0,NA,1,0,0,0,0,1
Bhutan,BTN,1984,0.68335,0,0,0.054,0,NA,1,0,0,0,0,1
Bhutan,BTN,1985,0.676175,0,0,0.053,0,NA,1,0,0,0,0,1
Bhutan,BTN,1986,0.676175,0,0,0.059,0,NA,1,0,0,0,0,1
Bhutan,BTN,1987,0.676175,0,0,0.059,0,NA,1,0,0,0,0,1
Bhutan,BTN,1988,0.676175,0,0,0.059,0,NA,1,0,0,0,0,1
Bhutan,BTN,1989,0.676175,0,0,0.061,0,NA,1,0,0,0,0,1
Bhutan,BTN,1990,0.676175,0,0,0.061,0,NA,1,0,0,0,0,1
Bhutan,BTN,1991,0.676175,0,0,0.061,0,NA,1,0,0,0,0,1
Bhutan,BTN,1992,0.688975,0,0,0.064,0,NA,1,0,0,0,0,1
Bhutan,BTN,1993,0.708575,0,0,0.065,0,NA,1,0,0,0,0,1
Bhutan,BTN,1994,0.708575,0,0,0.064,0,NA,1,0,0,0,0,1
Bhutan,BTN,1995,0.708575,0,0,0.064,0,NA,1,0,0,0,0,1
Bhutan,BTN,1996,0.708575,0,0,0.065,0,NA,1,0,0,0,0,1
Bhutan,BTN,1997,0.708575,0,0,0.065,0,NA,1,0,0,0,0,1
Bhutan,BTN,1998,0.707775,0,0,0.065,0,NA,1,0,0,0,0,1
Bhutan,BTN,1999,0.706975,0,0,0.088,0,NA,1,0,0,0,0,1
Bhutan,BTN,2000,0.715825,0,0,0.095,0,NA,1,0,0,0,0,1
Bhutan,BTN,2001,0.715825,0,0,0.095,0,NA,1,0,0,0,0,1
Bhutan,BTN,2002,0.740825,0,0,0.096,0,NA,1,0,0,0,0,1
Bhutan,BTN,2003,0.742825,0,0,0.1,0,NA,1,0,0,0,0,1
Bhutan,BTN,2004,0.742825,0,0,0.102,0,NA,1,0,0,0,0,1
Bhutan,BTN,2005,0.742825,0,0,0.103,0,NA,1,0,0,0,0,1
Bhutan,BTN,2006,0.7589,0,0,0.11,0,NA,1,0,0,0,0,1
Bhutan,BTN,2007,0.7589,0,0,0.137,0,NA,1,0,0,0,0,1
Bhutan,BTN,2008,0.84575,1,0.6931471805599453,0.502,4.6913478822291435,NA,1,0,0,0,0,1
Bhutan,BTN,2009,0.858875,0,0.6931471805599453,0.602,4.700480365792417,NA,1,0,0,0,0,1
Bhutan,BTN,2010,0.84875,0,0.6931471805599453,0.601,4.709530201312334,NA,1,0,0,0,0,1
Bhutan,BTN,2011,0.84875,0,0.6931471805599453,0.601,4.718498871295094,NA,1,0,0,0,0,1
Bhutan,BTN,2012,0.84935,0,0.6931471805599453,0.605,4.727387818712341,NA,1,0,0,0,0,1
Bhutan,BTN,2013,0.810925,0,0.6931471805599453,0.58,4.727387818712341,NA,1,0,0,0,0,1
Bhutan,BTN,2014,0.810925,0,0.6931471805599453,0.573,4.736198448394496,NA,1,0,0,0,0,1
Bhutan,BTN,2015,0.810925,0,0.6931471805599453,0.572,4.74493212836325,NA,1,0,0,0,0,1
Bhutan,BTN,2016,0.804725,0,0.6931471805599453,0.563,4.7535901911063645,NA,1,0,0,0,0,1
Bhutan,BTN,2017,0.825525,0,0.6931471805599453,0.578,4.762173934797756,NA,1,0,0,0,0,1
Bhutan,BTN,2018,0.807275,0,0.6931471805599453,0.585,4.770684624465665,NA,1,0,0,0,0,1
Bhutan,BTN,2019,0.810275,0,0.6931471805599453,0.601,4.77912349311153,NA,1,0,0,0,0,1
Bhutan,BTN,2020,0.808675,0,0.6931471805599453,0.6,4.787491742782046,NA,1,0,0,0,0,1
Bhutan,BTN,2021,0.822325,0,0.6931471805599453,0.58,4.787491742782046,NA,1,0,0,0,0,1
Bhutan,BTN,2022,0.831125,0,0.6931471805599453,0.562,4.795790545596741,NA,1,0,0,0,0,1
Bhutan,BTN,2023,0.823725,0,0.6931471805599453,0.54,4.804021044733257,NA,1,0,0,0,0,1
Bhutan,BTN,2024,0.75595,0,0.6931471805599453,0.561,4.804021044733257,NA,1,0,0,0,0,1
Burkina Faso,BFA,1947,0.50735,0,0,0.106,0,NA,1,0,0,0,1,0
Burkina Faso,BFA,1948,0.494075,0,0,0.106,0,NA,1,0,0,0,1,0
Burkina Faso,BFA,1949,0.494075,0,0,0.139,0,NA,1,0,0,0,1,0
Burkina Faso,BFA,1950,0.495075,0,0,0.141,0,NA,1,0,0,0,1,0
Burkina Faso,BFA,1951,0.495075,0,0,0.141,0,NA,1,0,0,0,1,0
Burkina Faso,BFA,1952,0.495075,0,0,0.147,0,NA,1,0,0,0,1,0
Burkina Faso,BFA,1953,0.495075,0,0,0.147,0,NA,1,0,0,0,1,0
Burkina Faso,BFA,1954,0.495075,0,0,0.147,0,NA,1,0,0,0,1,0
Burkina Faso,BFA,1955,0.495075,0,0,0.152,0,NA,1,0,0,0,1,0
Burkina Faso,BFA,1956,0.495075,0,0,0.152,0,NA,1,0,0,0,1,0
Burkina Faso,BFA,1957,0.495075,0,0,0.204,0,NA,1,0,0,0,1,0
Burkina Faso,BFA,1958,0.5157,0,0,0.204,0,NA,1,0,0,0,1,0
Burkina Faso,BFA,1959,0.52695,0,0,0.23,0,NA,1,0,0,0,1,0
Burkina Faso,BFA,1960,0.507125,0,0,0.302,0,NA,1,0,0,0,1,0
Burkina Faso,BFA,1961,0.5125,0,0,0.37,0,NA,1,0,0,0,1,0
Burkina Faso,BFA,1962,0.517525,0,0,0.37,0,NA,1,0,0,0,1,0
Burkina Faso,BFA,1963,0.517525,0,0,0.37,0,NA,1,0,0,0,1,0
Burkina Faso,BFA,1964,0.517525,0,0,0.37,0,NA,1,0,0,0,1,0
Burkina Faso,BFA,1965,0.517525,0,0,0.351,0,NA,1,0,0,0,1,0
Burkina Faso,BFA,1966,0.506525,0,0,0.188,0,NA,1,0,0,0,1,0
Burkina Faso,BFA,1967,0.49255,0,0,0.175,0,NA,1,0,0,0,1,0
Burkina Faso,BFA,1968,0.49595,0,0,0.175,0,NA,1,0,0,0,1,0
Burkina Faso,BFA,1969,0.49595,0,0,0.175,0,NA,1,0,0,0,1,0
Burkina Faso,BFA,1970,0.502,0,0,0.182,0,NA,1,0,0,0,1,0
Burkina Faso,BFA,1971,0.502,0,0,0.177,0,NA,1,0,0,0,1,0
Burkina Faso,BFA,1972,0.502,0,0,0.177,0,NA,1,0,0,0,1,0
Burkina Faso,BFA,1973,0.502,0,0,0.177,0,NA,1,0,0,0,1,0
Burkina Faso,BFA,1974,0.472075,0,0,0.177,0,NA,1,0,0,0,1,0
Burkina Faso,BFA,1975,0.463875,0,0,0.177,0,NA,1,0,0,0,1,0
Burkina Faso,BFA,1976,0.463875,0,0,0.177,0,NA,1,0,0,0,1,0
Burkina Faso,BFA,1977,0.463875,0,0,0.178,0,NA,1,0,0,0,1,0
Burkina Faso,BFA,1978,0.4732,0,0,0.233,0,NA,1,0,0,0,1,0
Burkina Faso,BFA,1979,0.459575,0,0,0.379,0,NA,1,0,0,0,1,0
Burkina Faso,BFA,1980,0.474375,0,0,0.319,0,NA,1,0,0,0,1,0
Burkina Faso,BFA,1981,0.45155,0,0,0.16,0,NA,1,0,0,0,1,0
Burkina Faso,BFA,1982,0.45155,0,0,0.16,0,NA,1,0,0,0,1,0
Burkina Faso,BFA,1983,0.57045,0,0,0.161,0,NA,1,0,0,0,1,0
Burkina Faso,BFA,1984,0.59855,0,0,0.158,0,NA,1,0,0,0,1,0
Burkina Faso,BFA,1985,0.58675,0,0,0.155,0,NA,1,0,0,0,1,0
Burkina Faso,BFA,1986,0.594675,0,0,0.155,0,NA,1,0,0,0,1,0
Burkina Faso,BFA,1987,0.594675,0,0,0.161,0,NA,1,0,0,0,1,0
Burkina Faso,BFA,1988,0.4033,0,0,0.161,0,NA,1,0,0,0,1,0
Burkina Faso,BFA,1989,0.393725,0,0,0.161,0,NA,1,0,0,0,1,0
Burkina Faso,BFA,1990,0.4352,0,0,0.168,0,NA,1,0,0,0,1,0
Burkina Faso,BFA,1991,0.47245,0,0,0.193,0,NA,1,0,0,0,1,0
Burkina Faso,BFA,1992,0.53765,0,0,0.408,0,NA,1,0,0,0,1,0
Burkina Faso,BFA,1993,0.548975,0,0,0.476,0,NA,1,0,0,0,1,0
Burkina Faso,BFA,1994,0.548975,0,0,0.476,0,NA,1,0,0,0,1,0
Burkina Faso,BFA,1995,0.548975,0,0,0.476,0,NA,1,0,0,0,1,0
Burkina Faso,BFA,1996,0.548975,0,0,0.472,0,NA,1,0,0,0,1,0
Burkina Faso,BFA,1997,0.548975,0,0,0.483,0,NA,1,0,0,0,1,0
Burkina Faso,BFA,1998,0.548975,0,0,0.49,0,NA,1,0,0,0,1,0
Burkina Faso,BFA,1999,0.635,0,0,0.494,0,NA,1,0,0,0,1,0
Burkina Faso,BFA,2000,0.6392,1,0.6931471805599453,0.51,4.127134385045092,NA,1,0,0,0,1,0
Burkina Faso,BFA,2001,0.6392,0,0.6931471805599453,0.519,4.143134726391533,NA,1,0,0,0,1,0
Burkina Faso,BFA,2002,0.6392,0,0.6931471805599453,0.515,4.1588830833596715,NA,1,0,0,0,1,0
Burkina Faso,BFA,2003,0.6382,0,0.6931471805599453,0.513,4.174387269895637,NA,1,0,0,0,1,0
Burkina Faso,BFA,2004,0.6382,0,0.6931471805599453,0.513,4.189654742026425,NA,1,0,0,0,1,0
Burkina Faso,BFA,2005,0.6382,0,0.6931471805599453,0.518,4.204692619390966,NA,1,0,0,0,1,0
Burkina Faso,BFA,2006,0.636,0,0.6931471805599453,0.546,4.219507705176107,NA,1,0,0,0,1,0
Burkina Faso,BFA,2007,0.636,0,0.6931471805599453,0.54,4.23410650459726,NA,1,0,0,0,1,0
Burkina Faso,BFA,2008,0.636,0,0.6931471805599453,0.539,4.248495242049359,NA,1,0,0,0,1,0
Burkina Faso,BFA,2009,0.636,0,0.6931471805599453,0.535,4.2626798770413155,NA,1,0,0,0,1,0
Burkina Faso,BFA,2010,0.6418,0,0.6931471805599453,0.554,4.276666119016055,NA,1,0,0,0,1,0
Burkina Faso,BFA,2011,0.633575,0,0.6931471805599453,0.565,4.290459441148391,NA,1,0,0,0,1,0
Burkina Faso,BFA,2012,0.633375,0,0.6931471805599453,0.569,4.304065093204169,NA,1,0,0,0,1,0
Burkina Faso,BFA,2013,0.675275,0,0.6931471805599453,0.604,4.31748811353631,NA,1,0,0,0,1,0
Burkina Faso,BFA,2014,0.690925,0,0.6931471805599453,0.575,4.330733340286331,NA,1,0,0,0,1,0
Burkina Faso,BFA,2015,0.70325,0,0,0.376,0,NA,1,0,0,0,1,0
Burkina Faso,BFA,2016,0.703525,1,1.0986122886681096,0.684,4.330733340286331,NA,1,0,0,0,1,0
Burkina Faso,BFA,2017,0.72125,0,1.0986122886681096,0.685,4.343805421853684,NA,1,0,0,0,1,0
Burkina Faso,BFA,2018,0.748825,0,1.0986122886681096,0.672,4.356708826689592,NA,1,0,0,0,1,0
Burkina Faso,BFA,2019,0.721075,0,1.0986122886681096,0.657,4.3694478524670215,NA,1,0,0,0,1,0
Burkina Faso,BFA,2020,0.723875,0,1.0986122886681096,0.663,4.382026634673881,NA,1,0,0,0,1,0
Burkina Faso,BFA,2021,0.719675,0,1.0986122886681096,0.628,4.394449154672439,NA,1,0,0,0,1,0
Burkina Faso,BFA,2022,0.724675,0,0,0.274,0,NA,1,0,0,0,1,0
Burkina Faso,BFA,2023,0.6805,0,0,0.211,0,NA,1,0,0,0,1,0
Burkina Faso,BFA,2024,0.56135,0,0,0.156,0,NA,1,0,0,0,1,0
Cambodia,KHM,1940,0.474375,0,0,0.035,0,NA,1,0,0,0,0,1
Cambodia,KHM,1941,0.474375,0,0,0.035,0,NA,1,0,0,0,0,1
Cambodia,KHM,1942,0.474375,0,0,0.035,0,NA,1,0,0,0,0,1
Cambodia,KHM,1943,0.474375,0,0,0.035,0,NA,1,0,0,0,0,1
Cambodia,KHM,1944,0.474375,0,0,0.035,0,NA,1,0,0,0,0,1
Cambodia,KHM,1945,0.474375,0,0,0.037,0,NA,1,0,0,0,0,1
Cambodia,KHM,1946,0.48215,0,0,0.041,0,NA,1,0,0,0,0,1
Cambodia,KHM,1947,0.48215,0,0,0.07,0,NA,1,0,0,0,0,1
Cambodia,KHM,1948,0.48215,0,0,0.101,0,NA,1,0,0,0,0,1
Cambodia,KHM,1949,0.48215,0,0,0.091,0,NA,1,0,0,0,0,1
Cambodia,KHM,1950,0.47495,0,0,0.072,0,NA,1,0,0,0,0,1
Cambodia,KHM,1951,0.47495,0,0,0.082,0,NA,1,0,0,0,0,1
Cambodia,KHM,1952,0.47495,0,0,0.087,0,NA,1,0,0,0,0,1
Cambodia,KHM,1953,0.47915,0,0,0.069,0,NA,1,0,0,0,0,1
Cambodia,KHM,1954,0.62635,0,0,0.104,0,NA,1,0,0,0,0,1
Cambodia,KHM,1955,0.62635,0,0,0.144,0,NA,1,0,0,0,0,1
Cambodia,KHM,1956,0.62635,0,0,0.269,0,NA,1,0,0,0,0,1
Cambodia,KHM,1957,0.63365,0,0,0.269,0,NA,1,0,0,0,0,1
Cambodia,KHM,1958,0.63365,0,0,0.267,0,NA,1,0,0,0,0,1
Cambodia,KHM,1959,0.63365,0,0,0.266,0,NA,1,0,0,0,0,1
Cambodia,KHM,1960,0.62075,0,0,0.271,0,NA,1,0,0,0,0,1
Cambodia,KHM,1961,0.62075,0,0,0.271,0,NA,1,0,0,0,0,1
Cambodia,KHM,1962,0.62075,0,0,0.265,0,NA,1,0,0,0,0,1
Cambodia,KHM,1963,0.62075,0,0,0.263,0,NA,1,0,0,0,0,1
Cambodia,KHM,1964,0.614625,0,0,0.263,0,NA,1,0,0,0,0,1
Cambodia,KHM,1965,0.614625,0,0,0.265,0,NA,1,0,0,0,0,1
Cambodia,KHM,1966,0.614625,0,0,0.264,0,NA,1,0,0,0,0,1
Cambodia,KHM,1967,0.614625,0,0,0.263,0,NA,1,0,0,0,0,1
Cambodia,KHM,1968,0.614625,0,0,0.263,0,NA,1,0,0,0,0,1
Cambodia,KHM,1969,0.614625,0,0,0.263,0,NA,1,0,0,0,0,1
Cambodia,KHM,1970,0.474025,0,0,0.161,0,NA,1,0,0,0,0,1
Cambodia,KHM,1971,0.45345,0,0,0.138,0,NA,1,0,0,0,0,1
Cambodia,KHM,1972,0.45345,0,0,0.148,0,NA,1,0,0,0,0,1
Cambodia,KHM,1973,0.45345,0,0,0.163,0,NA,1,0,0,0,0,1
Cambodia,KHM,1974,0.45345,0,0,0.163,0,NA,1,0,0,0,0,1
Cambodia,KHM,1975,0.22475,0,0,0.067,0,NA,1,0,0,0,0,1
Cambodia,KHM,1976,0.22475,0,0,0.104,0,NA,1,0,0,0,0,1
Cambodia,KHM,1977,0.22475,0,0,0.13,0,NA,1,0,0,0,0,1
Cambodia,KHM,1978,0.22475,0,0,0.13,0,NA,1,0,0,0,0,1
Cambodia,KHM,1979,0.2647,0,0,0.069,0,NA,1,0,0,0,0,1
Cambodia,KHM,1980,0.34225,0,0,0.071,0,NA,1,0,0,0,0,1
Cambodia,KHM,1981,0.34225,0,0,0.089,0,NA,1,0,0,0,0,1
Cambodia,KHM,1982,0.34225,0,0,0.105,0,NA,1,0,0,0,0,1
Cambodia,KHM,1983,0.35515,0,0,0.105,0,NA,1,0,0,0,0,1
Cambodia,KHM,1984,0.35515,0,0,0.105,0,NA,1,0,0,0,0,1
Cambodia,KHM,1985,0.35515,0,0,0.105,0,NA,1,0,0,0,0,1
Cambodia,KHM,1986,0.35515,0,0,0.105,0,NA,1,0,0,0,0,1
Cambodia,KHM,1987,0.35515,0,0,0.105,0,NA,1,0,0,0,0,1
Cambodia,KHM,1988,0.35515,0,0,0.105,0,NA,1,0,0,0,0,1
Cambodia,KHM,1989,0.35335,0,0,0.105,0,NA,1,0,0,0,0,1
Cambodia,KHM,1990,0.34035,0,0,0.139,0,NA,1,0,0,0,0,1
Cambodia,KHM,1991,0.34235,0,0,0.14,0,NA,1,0,0,0,0,1
Cambodia,KHM,1992,0.3901,0,0,0.166,0,NA,1,0,0,0,0,1
Cambodia,KHM,1993,0.283925,0,0,0.319,0,NA,1,0,0,0,0,1
Cambodia,KHM,1994,0.273575,0,0,0.364,0,NA,1,0,0,0,0,1
Cambodia,KHM,1995,0.273575,0,0,0.364,0,NA,1,0,0,0,0,1
Cambodia,KHM,1996,0.273575,0,0,0.364,0,NA,1,0,0,0,0,1
Cambodia,KHM,1997,0.273575,0,0,0.364,0,NA,1,0,0,0,0,1
Cambodia,KHM,1998,0.2769,0,0,0.348,0,NA,1,0,0,0,0,1
Cambodia,KHM,1999,0.2659,0,0,0.326,0,NA,1,0,0,0,0,1
Cambodia,KHM,2000,0.2659,0,0,0.319,0,NA,1,0,0,0,0,1
Cambodia,KHM,2001,0.2659,0,0,0.319,0,NA,1,0,0,0,0,1
Cambodia,KHM,2002,0.2659,0,0,0.319,0,NA,1,0,0,0,0,1
Cambodia,KHM,2003,0.2659,0,0,0.322,0,NA,1,0,0,0,0,1
Cambodia,KHM,2004,0.2659,0,0,0.324,0,NA,1,0,0,0,0,1
Cambodia,KHM,2005,0.2659,0,0,0.322,0,NA,1,0,0,0,0,1
Cambodia,KHM,2006,0.2659,0,0,0.322,0,NA,1,0,0,0,0,1
Cambodia,KHM,2007,0.2659,0,0,0.319,0,NA,1,0,0,0,0,1
Cambodia,KHM,2008,0.2659,0,0,0.316,0,NA,1,0,0,0,0,1
Cambodia,KHM,2009,0.2659,0,0,0.314,0,NA,1,0,0,0,0,1
Cambodia,KHM,2010,0.2659,0,0,0.307,0,NA,1,0,0,0,0,1
Cambodia,KHM,2011,0.2659,0,0,0.307,0,NA,1,0,0,0,0,1
Cambodia,KHM,2012,0.266575,0,0,0.306,0,NA,1,0,0,0,0,1
Cambodia,KHM,2013,0.252775,0,0,0.298,0,NA,1,0,0,0,0,1
Cambodia,KHM,2014,0.266975,0,0,0.295,0,NA,1,0,0,0,0,1
Cambodia,KHM,2015,0.266975,0,0,0.293,0,NA,1,0,0,0,0,1
Cambodia,KHM,2016,0.236725,0,0,0.28,0,NA,1,0,0,0,0,1
Cambodia,KHM,2017,0.22025,0,0,0.234,0,NA,1,0,0,0,0,1
Cambodia,KHM,2018,0.217125,0,0,0.211,0,NA,1,0,0,0,0,1
Cambodia,KHM,2019,0.215,0,0,0.195,0,NA,1,0,0,0,0,1
Cambodia,KHM,2020,0.217075,0,0,0.192,0,NA,1,0,0,0,0,1
Cambodia,KHM,2021,0.1866,0,0,0.192,0,NA,1,0,0,0,0,1
Cambodia,KHM,2022,0.1866,0,0,0.199,0,NA,1,0,0,0,0,1
Cambodia,KHM,2023,0.174825,0,0,0.19,0,NA,1,0,0,0,0,1
Cambodia,KHM,2024,0.179025,0,0,0.186,0,NA,1,0,0,0,0,1
Indonesia,IDN,1940,0.214625,0,0,0.033,NA,NA,1,0,0,0,0,1
Indonesia,IDN,1941,0.214625,0,0,0.033,NA,NA,1,0,0,0,0,1
Indonesia,IDN,1942,0.1201,0,0,0.025,NA,NA,1,0,0,0,0,1
Indonesia,IDN,1943,0.1201,0,0,0.025,NA,NA,1,0,0,0,0,1
Indonesia,IDN,1944,0.1201,0,0,0.025,NA,NA,1,0,0,0,0,1
Indonesia,IDN,1945,0.344875,0,0,0.113,NA,NA,1,0,0,0,0,1
Indonesia,IDN,1946,0.3805,0,0,0.169,NA,NA,1,0,0,0,0,1
Indonesia,IDN,1947,0.3805,0,0,0.169,NA,NA,1,0,0,0,0,1
Indonesia,IDN,1948,0.39975,0,0,0.169,NA,NA,1,0,0,0,0,1
Indonesia,IDN,1949,0.3723,0,0,0.197,NA,NA,1,0,0,0,0,1
Indonesia,IDN,1950,0.45315,0,0,0.223,NA,NA,1,0,0,0,0,1
Indonesia,IDN,1951,0.453625,0,0,0.262,NA,NA,1,0,0,0,0,1
Indonesia,IDN,1952,0.453625,0,0,0.262,NA,NA,1,0,0,0,0,1
Indonesia,IDN,1953,0.453625,0,0,0.262,NA,NA,1,0,0,0,0,1
Indonesia,IDN,1954,0.453625,0,0,0.262,NA,NA,1,0,0,0,0,1
Indonesia,IDN,1955,0.456175,0,0,0.282,NA,NA,1,0,0,0,0,1
Indonesia,IDN,1956,0.455375,1,0.6931471805599453,0.608,NA,NA,1,0,0,0,0,1
Indonesia,IDN,1957,0.451775,0,0.6931471805599453,0.538,NA,NA,1,0,0,0,0,1
Indonesia,IDN,1958,0.426125,0,0,0.46,NA,NA,1,0,0,0,0,1
Indonesia,IDN,1959,0.415775,0,0,0.416,NA,NA,1,0,0,0,0,1
Indonesia,IDN,1960,0.406675,0,0,0.24,NA,NA,1,0,0,0,0,1
Indonesia,IDN,1961,0.406675,0,0,0.222,NA,NA,1,0,0,0,0,1
Indonesia,IDN,1962,0.406675,0,0,0.222,NA,NA,1,0,0,0,0,1
Indonesia,IDN,1963,0.38535,0,0,0.222,NA,NA,1,0,0,0,0,1
Indonesia,IDN,1964,0.38535,0,0,0.222,NA,NA,1,0,0,0,0,1
Indonesia,IDN,1965,0.351225,0,0,0.217,NA,NA,1,0,0,0,0,1
Indonesia,IDN,1966,0.3274,0,0,0.195,NA,NA,1,0,0,0,0,1
Indonesia,IDN,1967,0.313325,0,0,0.193,NA,NA,1,0,0,0,0,1
Indonesia,IDN,1968,0.311125,0,0,0.192,NA,NA,1,0,0,0,0,1
Indonesia,IDN,1969,0.311125,0,0,0.192,NA,NA,1,0,0,0,0,1
Indonesia,IDN,1970,0.293325,0,0,0.187,NA,NA,1,0,0,0,0,1
Indonesia,IDN,1971,0.283725,0,0,0.207,NA,NA,1,0,0,0,0,1
Indonesia,IDN,1972,0.283725,0,0,0.233,NA,NA,1,0,0,0,0,1
Indonesia,IDN,1973,0.282325,0,0,0.228,NA,NA,1,0,0,0,0,1
Indonesia,IDN,1974,0.281925,0,0,0.225,NA,NA,1,0,0,0,0,1
Indonesia,IDN,1975,0.281925,0,0,0.217,NA,NA,1,0,0,0,0,1
Indonesia,IDN,1976,0.281925,0,0,0.217,NA,NA,1,0,0,0,0,1
Indonesia,IDN,1977,0.281925,0,0,0.198,NA,NA,1,0,0,0,0,1
Indonesia,IDN,1978,0.2879,0,0,0.193,NA,NA,1,0,0,0,0,1
Indonesia,IDN,1979,0.2723,0,0,0.193,NA,NA,1,0,0,0,0,1
Indonesia,IDN,1980,0.2637,0,0,0.192,NA,NA,1,0,0,0,0,1
Indonesia,IDN,1981,0.2637,0,0,0.192,NA,NA,1,0,0,0,0,1
Indonesia,IDN,1982,0.2485,0,0,0.191,NA,NA,1,0,0,0,0,1
Indonesia,IDN,1983,0.2485,0,0,0.19,NA,NA,1,0,0,0,0,1
Indonesia,IDN,1984,0.2485,0,0,0.19,NA,NA,1,0,0,0,0,1
Indonesia,IDN,1985,0.2485,0,0,0.19,NA,NA,1,0,0,0,0,1
Indonesia,IDN,1986,0.2485,0,0,0.19,NA,NA,1,0,0,0,0,1
Indonesia,IDN,1987,0.2485,0,0,0.191,NA,NA,1,0,0,0,0,1
Indonesia,IDN,1988,0.2485,0,0,0.191,NA,NA,1,0,0,0,0,1
Indonesia,IDN,1989,0.2485,0,0,0.191,NA,NA,1,0,0,0,0,1
Indonesia,IDN,1990,0.2485,0,0,0.192,NA,NA,1,0,0,0,0,1
Indonesia,IDN,1991,0.2485,0,0,0.195,NA,NA,1,0,0,0,0,1
Indonesia,IDN,1992,0.2483,0,0,0.194,NA,NA,1,0,0,0,0,1
Indonesia,IDN,1993,0.2483,0,0,0.193,NA,NA,1,0,0,0,0,1
Indonesia,IDN,1994,0.2483,0,0,0.193,NA,NA,1,0,0,0,0,1
Indonesia,IDN,1995,0.2483,0,0,0.193,NA,NA,1,0,0,0,0,1
Indonesia,IDN,1996,0.2483,0,0,0.193,NA,NA,1,0,0,0,0,1
Indonesia,IDN,1997,0.2483,0,0,0.201,NA,NA,1,0,0,0,0,1
Indonesia,IDN,1998,0.344375,0,0,0.283,NA,NA,1,0,0,0,0,1
Indonesia,IDN,1999,0.538925,1,1.0986122886681096,0.558,NA,NA,1,0,0,0,0,1
Indonesia,IDN,2000,0.53385,0,1.0986122886681096,0.671,NA,NA,1,0,0,0,0,1
Indonesia,IDN,2001,0.53385,0,1.0986122886681096,0.671,NA,NA,1,0,0,0,0,1
Indonesia,IDN,2002,0.533975,0,1.0986122886681096,0.671,NA,NA,1,0,0,0,0,1
Indonesia,IDN,2003,0.535575,0,1.0986122886681096,0.671,NA,NA,1,0,0,0,0,1
Indonesia,IDN,2004,0.537775,0,1.0986122886681096,0.696,NA,NA,1,0,0,0,0,1
Indonesia,IDN,2005,0.541175,0,1.0986122886681096,0.707,NA,NA,1,0,0,0,0,1
Indonesia,IDN,2006,0.543375,0,1.0986122886681096,0.707,NA,NA,1,0,0,0,0,1
Indonesia,IDN,2007,0.546175,0,1.0986122886681096,0.709,NA,NA,1,0,0,0,0,1
Indonesia,IDN,2008,0.546175,0,1.0986122886681096,0.711,NA,NA,1,0,0,0,0,1
Indonesia,IDN,2009,0.54990000000000006,0,1.0986122886681096,0.69,NA,NA,1,0,0,0,0,1
Indonesia,IDN,2010,0.55815,0,1.0986122886681096,0.688,NA,NA,1,0,0,0,0,1
Indonesia,IDN,2011,0.55595,0,1.0986122886681096,0.688,NA,NA,1,0,0,0,0,1
Indonesia,IDN,2012,0.55515,0,1.0986122886681096,0.689,NA,NA,1,0,0,0,0,1
Indonesia,IDN,2013,0.5322,0,1.0986122886681096,0.678,NA,NA,1,0,0,0,0,1
Indonesia,IDN,2014,0.528825,0,1.0986122886681096,0.665,NA,NA,1,0,0,0,0,1
Indonesia,IDN,2015,0.562,0,1.0986122886681096,0.654,NA,NA,1,0,0,0,0,1
Indonesia,IDN,2016,0.559,0,1.0986122886681096,0.645,NA,NA,1,0,0,0,0,1
Indonesia,IDN,2017,0.552925,0,1.0986122886681096,0.628,NA,NA,1,0,0,0,0,1
Indonesia,IDN,2018,0.539925,0,1.0986122886681096,0.603,NA,NA,1,0,0,0,0,1
Indonesia,IDN,2019,0.537775,0,1.0986122886681096,0.602,NA,NA,1,0,0,0,0,1
Indonesia,IDN,2020,0.451675,0,1.0986122886681096,0.574,NA,NA,1,0,0,0,0,1
Indonesia,IDN,2021,0.462175,0,1.0986122886681096,0.551,NA,NA,1,0,0,0,0,1
Indonesia,IDN,2022,0.467225,0,1.0986122886681096,0.557,NA,NA,1,0,0,0,0,1
Indonesia,IDN,2023,0.440825,0,1.0986122886681096,0.538,NA,NA,1,0,0,0,0,1
Indonesia,IDN,2024,0.442025,0,0,0.483,NA,NA,1,0,0,0,0,1
Mozambique,MOZ,1940,0.4175,0,0,0.029,0,NA,1,0,0,0,1,0
Mozambique,MOZ,1941,0.4175,0,0,0.029,0,NA,1,0,0,0,1,0
Mozambique,MOZ,1942,0.4175,0,0,0.029,0,NA,1,0,0,0,1,0
Mozambique,MOZ,1943,0.4175,0,0,0.029,0,NA,1,0,0,0,1,0
Mozambique,MOZ,1944,0.4175,0,0,0.029,0,NA,1,0,0,0,1,0
Mozambique,MOZ,1945,0.4175,0,0,0.028,0,NA,1,0,0,0,1,0
Mozambique,MOZ,1946,0.4175,0,0,0.028,0,NA,1,0,0,0,1,0
Mozambique,MOZ,1947,0.4175,0,0,0.028,0,NA,1,0,0,0,1,0
Mozambique,MOZ,1948,0.4175,0,0,0.028,0,NA,1,0,0,0,1,0
Mozambique,MOZ,1949,0.4175,0,0,0.028,0,NA,1,0,0,0,1,0
Mozambique,MOZ,1950,0.4175,0,0,0.028,0,NA,1,0,0,0,1,0
Mozambique,MOZ,1951,0.4175,0,0,0.028,0,NA,1,0,0,0,1,0
Mozambique,MOZ,1952,0.4175,0,0,0.028,0,NA,1,0,0,0,1,0
Mozambique,MOZ,1953,0.4175,0,0,0.028,0,NA,1,0,0,0,1,0
Mozambique,MOZ,1954,0.4175,0,0,0.028,0,NA,1,0,0,0,1,0
Mozambique,MOZ,1955,0.4175,0,0,0.028,0,NA,1,0,0,0,1,0
Mozambique,MOZ,1956,0.4175,0,0,0.028,0,NA,1,0,0,0,1,0
Mozambique,MOZ,1957,0.4175,0,0,0.028,0,NA,1,0,0,0,1,0
Mozambique,MOZ,1958,0.4175,0,0,0.028,0,NA,1,0,0,0,1,0
Mozambique,MOZ,1959,0.4175,0,0,0.028,0,NA,1,0,0,0,1,0
Mozambique,MOZ,1960,0.4217,0,0,0.028,0,NA,1,0,0,0,1,0
Mozambique,MOZ,1961,0.4165,0,0,0.028,0,NA,1,0,0,0,1,0
Mozambique,MOZ,1962,0.4165,0,0,0.028,0,NA,1,0,0,0,1,0
Mozambique,MOZ,1963,0.4165,0,0,0.028,0,NA,1,0,0,0,1,0
Mozambique,MOZ,1964,0.4165,0,0,0.028,0,NA,1,0,0,0,1,0
Mozambique,MOZ,1965,0.4165,0,0,0.028,0,NA,1,0,0,0,1,0
Mozambique,MOZ,1966,0.4165,0,0,0.028,0,NA,1,0,0,0,1,0
Mozambique,MOZ,1967,0.4165,0,0,0.028,0,NA,1,0,0,0,1,0
Mozambique,MOZ,1968,0.4165,0,0,0.028,0,NA,1,0,0,0,1,0
Mozambique,MOZ,1969,0.4165,0,0,0.028,0,NA,1,0,0,0,1,0
Mozambique,MOZ,1970,0.4165,0,0,0.028,0,NA,1,0,0,0,1,0
Mozambique,MOZ,1971,0.4195,0,0,0.028,0,NA,1,0,0,0,1,0
Mozambique,MOZ,1972,0.4181,0,0,0.028,0,NA,1,0,0,0,1,0
Mozambique,MOZ,1973,0.4181,0,0,0.052,0,NA,1,0,0,0,1,0
Mozambique,MOZ,1974,0.3689,0,0,0.034,0,NA,1,0,0,0,1,0
Mozambique,MOZ,1975,0.536475,0,0,0.024,0,NA,1,0,0,0,1,0
Mozambique,MOZ,1976,0.54035,0,0,0.08,0,NA,1,0,0,0,1,0
Mozambique,MOZ,1977,0.54035,0,0,0.08,0,NA,1,0,0,0,1,0
Mozambique,MOZ,1978,0.54035,0,0,0.08,0,NA,1,0,0,0,1,0
Mozambique,MOZ,1979,0.54035,0,0,0.08,0,NA,1,0,0,0,1,0
Mozambique,MOZ,1980,0.53875,0,0,0.08,0,NA,1,0,0,0,1,0
Mozambique,MOZ,1981,0.53875,0,0,0.08,0,NA,1,0,0,0,1,0
Mozambique,MOZ,1982,0.53875,0,0,0.08,0,NA,1,0,0,0,1,0
Mozambique,MOZ,1983,0.53875,0,0,0.08,0,NA,1,0,0,0,1,0
Mozambique,MOZ,1984,0.53875,0,0,0.08,0,NA,1,0,0,0,1,0
Mozambique,MOZ,1985,0.53875,0,0,0.08,0,NA,1,0,0,0,1,0
Mozambique,MOZ,1986,0.53875,0,0,0.08,0,NA,1,0,0,0,1,0
Mozambique,MOZ,1987,0.527825,0,0,0.08,0,NA,1,0,0,0,1,0
Mozambique,MOZ,1988,0.527825,0,0,0.08,0,NA,1,0,0,0,1,0
Mozambique,MOZ,1989,0.527825,0,0,0.08,0,NA,1,0,0,0,1,0
Mozambique,MOZ,1990,0.4963,0,0,0.123,0,NA,1,0,0,0,1,0
Mozambique,MOZ,1991,0.5031,0,0,0.162,0,NA,1,0,0,0,1,0
Mozambique,MOZ,1992,0.52235,0,0,0.183,0,NA,1,0,0,0,1,0
Mozambique,MOZ,1993,0.52175,0,0,0.221,0,NA,1,0,0,0,1,0
Mozambique,MOZ,1994,0.479625,0,0,0.246,0,NA,1,0,0,0,1,0
Mozambique,MOZ,1995,0.489325,0,0,0.471,0,NA,1,0,0,0,1,0
Mozambique,MOZ,1996,0.489325,0,0,0.466,0,NA,1,0,0,0,1,0
Mozambique,MOZ,1997,0.4712,0,0,0.465,0,NA,1,0,0,0,1,0
Mozambique,MOZ,1998,0.4712,0,0,0.465,0,NA,1,0,0,0,1,0
Mozambique,MOZ,1999,0.4712,0,0,0.458,0,NA,1,0,0,0,1,0
Mozambique,MOZ,2000,0.4782,0,0,0.419,0,NA,1,0,0,0,1,0
Mozambique,MOZ,2001,0.4782,0,0,0.419,0,NA,1,0,0,0,1,0
Mozambique,MOZ,2002,0.4764,0,0,0.419,0,NA,1,0,0,0,1,0
Mozambique,MOZ,2003,0.4778,0,0,0.421,0,NA,1,0,0,0,1,0
Mozambique,MOZ,2004,0.4758,0,0,0.428,0,NA,1,0,0,0,1,0
Mozambique,MOZ,2005,0.462,0,0,0.474,0,NA,1,0,0,0,1,0
Mozambique,MOZ,2006,0.462,0,0,0.469,0,NA,1,0,0,0,1,0
Mozambique,MOZ,2007,0.462,0,0,0.471,0,NA,1,0,0,0,1,0
Mozambique,MOZ,2008,0.463675,0,0,0.464,0,NA,1,0,0,0,1,0
Mozambique,MOZ,2009,0.454675,0,0,0.46,0,NA,1,0,0,0,1,0
Mozambique,MOZ,2010,0.458425,0,0,0.433,0,NA,1,0,0,0,1,0
Mozambique,MOZ,2011,0.458425,0,0,0.43,0,NA,1,0,0,0,1,0
Mozambique,MOZ,2012,0.458425,0,0,0.43,0,NA,1,0,0,0,1,0
Mozambique,MOZ,2013,0.46265,0,0,0.435,0,NA,1,0,0,0,1,0
Mozambique,MOZ,2014,0.46265,0,0,0.435,0,NA,1,0,0,0,1,0
Mozambique,MOZ,2015,0.451425,0,0,0.439,0,NA,1,0,0,0,1,0
Mozambique,MOZ,2016,0.46015,0,0,0.429,0,NA,1,0,0,0,1,0
Mozambique,MOZ,2017,0.449225,0,0,0.406,0,NA,1,0,0,0,1,0
Mozambique,MOZ,2018,0.43515,0,0,0.396,0,NA,1,0,0,0,1,0
Mozambique,MOZ,2019,0.4196,0,0,0.394,0,NA,1,0,0,0,1,0
Mozambique,MOZ,2020,0.419125,0,0,0.369,0,NA,1,0,0,0,1,0
Mozambique,MOZ,2021,0.416225,0,0,0.369,0,NA,1,0,0,0,1,0
Mozambique,MOZ,2022,0.4271,0,0,0.369,0,NA,1,0,0,0,1,0
Mozambique,MOZ,2023,0.377125,0,0,0.355,0,NA,1,0,0,0,1,0
Mozambique,MOZ,2024,0.336,0,0,0.304,0,NA,1,0,0,0,1,0
Nepal,NPL,1940,0.0997,0,0,0.01,NA,NA,1,0,0,0,0,1
Nepal,NPL,1941,0.0997,0,0,0.01,NA,NA,1,0,0,0,0,1
Nepal,NPL,1942,0.0997,0,0,0.01,NA,NA,1,0,0,0,0,1
Nepal,NPL,1943,0.0997,0,0,0.01,NA,NA,1,0,0,0,0,1
Nepal,NPL,1944,0.0997,0,0,0.01,NA,NA,1,0,0,0,0,1
Nepal,NPL,1945,0.0997,0,0,0.013,NA,NA,1,0,0,0,0,1
Nepal,NPL,1946,0.0997,0,0,0.014,NA,NA,1,0,0,0,0,1
Nepal,NPL,1947,0.1112,0,0,0.015,NA,NA,1,0,0,0,0,1
Nepal,NPL,1948,0.1112,0,0,0.015,NA,NA,1,0,0,0,0,1
Nepal,NPL,1949,0.1112,0,0,0.015,NA,NA,1,0,0,0,0,1
Nepal,NPL,1950,0.149225,0,0,0.027,NA,NA,1,0,0,0,0,1
Nepal,NPL,1951,0.251425,0,0,0.057,NA,NA,1,0,0,0,0,1
Nepal,NPL,1952,0.278175,0,0,0.141,NA,NA,1,0,0,0,0,1
Nepal,NPL,1953,0.293975,0,0,0.141,NA,NA,1,0,0,0,0,1
Nepal,NPL,1954,0.293975,0,0,0.141,NA,NA,1,0,0,0,0,1
Nepal,NPL,1955,0.293975,0,0,0.141,NA,NA,1,0,0,0,0,1
Nepal,NPL,1956,0.293575,0,0,0.141,NA,NA,1,0,0,0,0,1
Nepal,NPL,1957,0.293175,0,0,0.141,NA,NA,1,0,0,0,0,1
Nepal,NPL,1958,0.293175,0,0,0.142,NA,NA,1,0,0,0,0,1
Nepal,NPL,1959,0.293175,0,0,0.206,NA,NA,1,0,0,0,0,1
Nepal,NPL,1960,0.26585,0,0,0.199,NA,NA,1,0,0,0,0,1
Nepal,NPL,1961,0.24805,0,0,0.1,NA,NA,1,0,0,0,0,1
Nepal,NPL,1962,0.246675,0,0,0.092,NA,NA,1,0,0,0,0,1
Nepal,NPL,1963,0.25495,0,0,0.092,NA,NA,1,0,0,0,0,1
Nepal,NPL,1964,0.2807,0,0,0.092,NA,NA,1,0,0,0,0,1
Nepal,NPL,1965,0.2807,0,0,0.092,NA,NA,1,0,0,0,0,1
Nepal,NPL,1966,0.2807,0,0,0.092,NA,NA,1,0,0,0,0,1
Nepal,NPL,1967,0.2807,0,0,0.092,NA,NA,1,0,0,0,0,1
Nepal,NPL,1968,0.2807,0,0,0.092,NA,NA,1,0,0,0,0,1
Nepal,NPL,1969,0.2807,0,0,0.092,NA,NA,1,0,0,0,0,1
Nepal,NPL,1970,0.2888,0,0,0.092,NA,NA,1,0,0,0,0,1
Nepal,NPL,1971,0.2916,0,0,0.093,NA,NA,1,0,0,0,0,1
Nepal,NPL,1972,0.2888,0,0,0.093,NA,NA,1,0,0,0,0,1
Nepal,NPL,1973,0.2888,0,0,0.093,NA,NA,1,0,0,0,0,1
Nepal,NPL,1974,0.2888,0,0,0.093,NA,NA,1,0,0,0,0,1
Nepal,NPL,1975,0.2888,0,0,0.093,NA,NA,1,0,0,0,0,1
Nepal,NPL,1976,0.2888,0,0,0.093,NA,NA,1,0,0,0,0,1
Nepal,NPL,1977,0.2888,0,0,0.093,NA,NA,1,0,0,0,0,1
Nepal,NPL,1978,0.2888,0,0,0.093,NA,NA,1,0,0,0,0,1
Nepal,NPL,1979,0.2888,0,0,0.093,NA,NA,1,0,0,0,0,1
Nepal,NPL,1980,0.313325,0,0,0.097,NA,NA,1,0,0,0,0,1
Nepal,NPL,1981,0.313325,0,0,0.105,NA,NA,1,0,0,0,0,1
Nepal,NPL,1982,0.313325,0,0,0.11,NA,NA,1,0,0,0,0,1
Nepal,NPL,1983,0.313325,0,0,0.11,NA,NA,1,0,0,0,0,1
Nepal,NPL,1984,0.313325,0,0,0.11,NA,NA,1,0,0,0,0,1
Nepal,NPL,1985,0.313325,0,0,0.11,NA,NA,1,0,0,0,0,1
Nepal,NPL,1986,0.313325,0,0,0.111,NA,NA,1,0,0,0,0,1
Nepal,NPL,1987,0.313325,0,0,0.112,NA,NA,1,0,0,0,0,1
Nepal,NPL,1988,0.313325,0,0,0.112,NA,NA,1,0,0,0,0,1
Nepal,NPL,1989,0.313325,0,0,0.112,NA,NA,1,0,0,0,0,1
Nepal,NPL,1990,0.392925,0,0,0.257,NA,NA,1,0,0,0,0,1
Nepal,NPL,1991,0.45995,0,0,0.38,NA,NA,1,0,0,0,0,1
Nepal,NPL,1992,0.46995,0,0,0.402,NA,NA,1,0,0,0,0,1
Nepal,NPL,1993,0.483425,0,0,0.402,NA,NA,1,0,0,0,0,1
Nepal,NPL,1994,0.483425,0,0,0.403,NA,NA,1,0,0,0,0,1
Nepal,NPL,1995,0.474225,0,0,0.405,NA,NA,1,0,0,0,0,1
Nepal,NPL,1996,0.474025,0,0,0.398,NA,NA,1,0,0,0,0,1
Nepal,NPL,1997,0.486025,0,0,0.395,NA,NA,1,0,0,0,0,1
Nepal,NPL,1998,0.486025,0,0,0.394,NA,NA,1,0,0,0,0,1
Nepal,NPL,1999,0.507225,0,0,0.385,NA,NA,1,0,0,0,0,1
Nepal,NPL,2000,0.4689,0,0,0.358,NA,NA,1,0,0,0,0,1
Nepal,NPL,2001,0.45395,0,0,0.355,NA,NA,1,0,0,0,0,1
Nepal,NPL,2002,0.45235,0,0,0.272,NA,NA,1,0,0,0,0,1
Nepal,NPL,2003,0.45235,0,0,0.224,NA,NA,1,0,0,0,0,1
Nepal,NPL,2004,0.45195,0,0,0.225,NA,NA,1,0,0,0,0,1
Nepal,NPL,2005,0.491225,0,0,0.222,NA,NA,1,0,0,0,0,1
Nepal,NPL,2006,0.517525,0,0,0.23,NA,NA,1,0,0,0,0,1
Nepal,NPL,2007,0.575275,0,0,0.273,NA,NA,1,0,0,0,0,1
Nepal,NPL,2008,0.58425,0,0,0.473,NA,NA,1,0,0,0,0,1
Nepal,NPL,2009,0.58285,1,0.6931471805599453,0.556,NA,NA,1,0,0,0,0,1
Nepal,NPL,2010,0.58335,0,0.6931471805599453,0.549,NA,NA,1,0,0,0,0,1
Nepal,NPL,2011,0.58835,0,0.6931471805599453,0.557,NA,NA,1,0,0,0,0,1
Nepal,NPL,2012,0.58475,0,0,0.391,NA,NA,1,0,0,0,0,1
Nepal,NPL,2013,0.5776,0,0,0.28,NA,NA,1,0,0,0,0,1
Nepal,NPL,2014,0.5927,1,1.0986122886681096,0.624,NA,NA,1,0,0,0,0,1
Nepal,NPL,2015,0.601975,0,1.0986122886681096,0.64,NA,NA,1,0,0,0,0,1
Nepal,NPL,2016,0.598525,0,1.0986122886681096,0.661,NA,NA,1,0,0,0,0,1
Nepal,NPL,2017,0.600825,0,1.0986122886681096,0.658,NA,NA,1,0,0,0,0,1
Nepal,NPL,2018,0.60085,0,1.0986122886681096,0.632,NA,NA,1,0,0,0,0,1
Nepal,NPL,2019,0.577525,0,1.0986122886681096,0.601,NA,NA,1,0,0,0,0,1
Nepal,NPL,2020,0.578525,0,1.0986122886681096,0.598,NA,NA,1,0,0,0,0,1
Nepal,NPL,2021,0.5869,0,1.0986122886681096,0.618,NA,NA,1,0,0,0,0,1
Nepal,NPL,2022,0.59495,0,1.0986122886681096,0.63,NA,NA,1,0,0,0,0,1
Nepal,NPL,2023,0.60725,0,1.0986122886681096,0.692,NA,NA,1,0,0,0,0,1
Nepal,NPL,2024,0.603675,0,1.0986122886681096,0.669,NA,NA,1,0,0,0,0,1
Nicaragua,NIC,1940,0.1358,0,0,0.142,NA,NA,1,0,1,0,0,0
Nicaragua,NIC,1941,0.1358,0,0,0.142,NA,NA,1,0,1,0,0,0
Nicaragua,NIC,1942,0.1358,0,0,0.142,NA,NA,1,0,1,0,0,0
Nicaragua,NIC,1943,0.1358,0,0,0.142,NA,NA,1,0,1,0,0,0
Nicaragua,NIC,1944,0.1358,0,0,0.142,NA,NA,1,0,1,0,0,0
Nicaragua,NIC,1945,0.1358,0,0,0.141,NA,NA,1,0,1,0,0,0
Nicaragua,NIC,1946,0.1358,0,0,0.141,NA,NA,1,0,1,0,0,0
Nicaragua,NIC,1947,0.1358,0,0,0.127,NA,NA,1,0,1,0,0,0
Nicaragua,NIC,1948,0.1358,0,0,0.137,NA,NA,1,0,1,0,0,0
Nicaragua,NIC,1949,0.1358,0,0,0.135,NA,NA,1,0,1,0,0,0
Nicaragua,NIC,1950,0.1358,0,0,0.138,NA,NA,1,0,1,0,0,0
Nicaragua,NIC,1951,0.1358,0,0,0.139,NA,NA,1,0,1,0,0,0
Nicaragua,NIC,1952,0.1358,0,0,0.139,NA,NA,1,0,1,0,0,0
Nicaragua,NIC,1953,0.1358,0,0,0.139,NA,NA,1,0,1,0,0,0
Nicaragua,NIC,1954,0.1358,0,0,0.139,NA,NA,1,0,1,0,0,0
Nicaragua,NIC,1955,0.1386,0,0,0.141,NA,NA,1,0,1,0,0,0
Nicaragua,NIC,1956,0.1386,0,0,0.173,NA,NA,1,0,1,0,0,0
Nicaragua,NIC,1957,0.1386,0,0,0.172,NA,NA,1,0,1,0,0,0
Nicaragua,NIC,1958,0.1386,0,0,0.172,NA,NA,1,0,1,0,0,0
Nicaragua,NIC,1959,0.1386,0,0,0.168,NA,NA,1,0,1,0,0,0
Nicaragua,NIC,1960,0.1386,0,0,0.172,NA,NA,1,0,1,0,0,0
Nicaragua,NIC,1961,0.1386,0,0,0.172,NA,NA,1,0,1,0,0,0
Nicaragua,NIC,1962,0.1386,0,0,0.173,NA,NA,1,0,1,0,0,0
Nicaragua,NIC,1963,0.1386,0,0,0.173,NA,NA,1,0,1,0,0,0
Nicaragua,NIC,1964,0.1386,0,0,0.174,NA,NA,1,0,1,0,0,0
Nicaragua,NIC,1965,0.1386,0,0,0.174,NA,NA,1,0,1,0,0,0
Nicaragua,NIC,1966,0.1386,0,0,0.174,NA,NA,1,0,1,0,0,0
Nicaragua,NIC,1967,0.1386,0,0,0.176,NA,NA,1,0,1,0,0,0
Nicaragua,NIC,1968,0.1386,0,0,0.175,NA,NA,1,0,1,0,0,0
Nicaragua,NIC,1969,0.1386,0,0,0.175,NA,NA,1,0,1,0,0,0
Nicaragua,NIC,1970,0.1386,0,0,0.175,NA,NA,1,0,1,0,0,0
Nicaragua,NIC,1971,0.1386,0,0,0.175,NA,NA,1,0,1,0,0,0
Nicaragua,NIC,1972,0.1386,0,0,0.16,NA,NA,1,0,1,0,0,0
Nicaragua,NIC,1973,0.1386,0,0,0.171,NA,NA,1,0,1,0,0,0
Nicaragua,NIC,1974,0.1386,0,0,0.173,NA,NA,1,0,1,0,0,0
Nicaragua,NIC,1975,0.1386,0,0,0.176,NA,NA,1,0,1,0,0,0
Nicaragua,NIC,1976,0.1386,0,0,0.176,NA,NA,1,0,1,0,0,0
Nicaragua,NIC,1977,0.134725,0,0,0.173,NA,NA,1,0,1,0,0,0
Nicaragua,NIC,1978,0.134725,0,0,0.173,NA,NA,1,0,1,0,0,0
Nicaragua,NIC,1979,0.170325,0,0,0.146,NA,NA,1,0,1,0,0,0
Nicaragua,NIC,1980,0.447225,0,0,0.182,NA,NA,1,0,1,0,0,0
Nicaragua,NIC,1981,0.447225,0,0,0.185,NA,NA,1,0,1,0,0,0
Nicaragua,NIC,1982,0.39585,0,0,0.171,NA,NA,1,0,1,0,0,0
Nicaragua,NIC,1983,0.39585,0,0,0.175,NA,NA,1,0,1,0,0,0
Nicaragua,NIC,1984,0.483,0,0,0.198,NA,NA,1,0,1,0,0,0
Nicaragua,NIC,1985,0.408425,0,0,0.359,NA,NA,1,0,1,0,0,0
Nicaragua,NIC,1986,0.408425,0,0,0.362,NA,NA,1,0,1,0,0,0
Nicaragua,NIC,1987,0.373025,0,0,0.364,NA,NA,1,0,1,0,0,0
Nicaragua,NIC,1988,0.384225,0,0,0.38,NA,NA,1,0,1,0,0,0
Nicaragua,NIC,1989,0.384225,0,0,0.399,NA,NA,1,0,1,0,0,0
Nicaragua,NIC,1990,0.516525,1,NA,0.634,NA,NA,1,0,1,0,0,0
Nicaragua,NIC,1991,0.543875,0,NA,0.69,NA,NA,1,0,1,0,0,0
Nicaragua,NIC,1992,0.554675,0,NA,0.691,NA,NA,1,0,1,0,0,0
Nicaragua,NIC,1993,0.576925,0,NA,0.694,NA,NA,1,0,1,0,0,0
Nicaragua,NIC,1994,0.576925,0,NA,0.693,NA,NA,1,0,1,0,0,0
Nicaragua,NIC,1995,0.572325,0,NA,0.692,NA,NA,1,0,1,0,0,0
Nicaragua,NIC,1996,0.48065,0,NA,0.682,NA,NA,1,0,1,0,0,0
Nicaragua,NIC,1997,0.43045,0,NA,0.635,NA,NA,1,0,1,0,0,0
Nicaragua,NIC,1998,0.43045,0,NA,0.635,NA,NA,1,0,1,0,0,0
Nicaragua,NIC,1999,0.403725,0,NA,0.603,NA,NA,1,0,1,0,0,0
Nicaragua,NIC,2000,0.403925,0,NA,0.589,NA,NA,1,0,1,0,0,0
Nicaragua,NIC,2001,0.433725,0,NA,0.592,NA,NA,1,0,1,0,0,0
Nicaragua,NIC,2002,0.4268,0,NA,0.613,NA,NA,1,0,1,0,0,0
Nicaragua,NIC,2003,0.4268,0,NA,0.608,NA,NA,1,0,1,0,0,0
Nicaragua,NIC,2004,0.430075,0,NA,0.608,NA,NA,1,0,1,0,0,0
Nicaragua,NIC,2005,0.430075,0,NA,0.608,NA,NA,1,0,1,0,0,0
Nicaragua,NIC,2006,0.3919,0,NA,0.56,NA,NA,1,0,1,0,0,0
Nicaragua,NIC,2007,0.33295,0,0,0.457,NA,NA,1,0,1,0,0,0
Nicaragua,NIC,2008,0.316775,0,0,0.445,NA,NA,1,0,1,0,0,0
Nicaragua,NIC,2009,0.316575,0,0,0.443,NA,NA,1,0,1,0,0,0
Nicaragua,NIC,2010,0.315175,0,0,0.436,NA,NA,1,0,1,0,0,0
Nicaragua,NIC,2011,0.315175,0,0,0.427,NA,NA,1,0,1,0,0,0
Nicaragua,NIC,2012,0.313775,0,0,0.369,NA,NA,1,0,1,0,0,0
Nicaragua,NIC,2013,0.302775,0,0,0.323,NA,NA,1,0,1,0,0,0
Nicaragua,NIC,2014,0.302375,0,0,0.321,NA,NA,1,0,1,0,0,0
Nicaragua,NIC,2015,0.302375,0,0,0.321,NA,NA,1,0,1,0,0,0
Nicaragua,NIC,2016,0.3085,0,0,0.309,NA,NA,1,0,1,0,0,0
Nicaragua,NIC,2017,0.2971,0,0,0.283,NA,NA,1,0,1,0,0,0
Nicaragua,NIC,2018,0.16855,0,0,0.223,NA,NA,1,0,1,0,0,0
Nicaragua,NIC,2019,0.16735,0,0,0.217,NA,NA,1,0,1,0,0,0
Nicaragua,NIC,2020,0.143575,0,0,0.219,NA,NA,1,0,1,0,0,0
Nicaragua,NIC,2021,0.12365,0,0,0.198,NA,NA,1,0,1,0,0,0
Nicaragua,NIC,2022,0.077325,0,0,0.161,NA,NA,1,0,1,0,0,0
Nicaragua,NIC,2023,0.070075,0,0,0.159,NA,NA,1,0,1,0,0,0
Nicaragua,NIC,2024,0.057475,0,0,0.153,NA,NA,1,0,1,0,0,0
Niger,NER,1940,0.393775,0,0,0.016,0,NA,1,0,0,0,1,0
Niger,NER,1941,0.393775,0,0,0.016,0,NA,1,0,0,0,1,0
Niger,NER,1942,0.393775,0,0,0.016,0,NA,1,0,0,0,1,0
Niger,NER,1943,0.393775,0,0,0.016,0,NA,1,0,0,0,1,0
Niger,NER,1944,0.393775,0,0,0.016,0,NA,1,0,0,0,1,0
Niger,NER,1945,0.393775,0,0,0.018,0,NA,1,0,0,0,1,0
Niger,NER,1946,0.413475,0,0,0.029,0,NA,1,0,0,0,1,0
Niger,NER,1947,0.413475,0,0,0.055,0,NA,1,0,0,0,1,0
Niger,NER,1948,0.413475,0,0,0.03,0,NA,1,0,0,0,1,0
Niger,NER,1949,0.413475,0,0,0.03,0,NA,1,0,0,0,1,0
Niger,NER,1950,0.413475,0,0,0.03,0,NA,1,0,0,0,1,0
Niger,NER,1951,0.420375,0,0,0.03,0,NA,1,0,0,0,1,0
Niger,NER,1952,0.420375,0,0,0.037,0,NA,1,0,0,0,1,0
Niger,NER,1953,0.420375,0,0,0.037,0,NA,1,0,0,0,1,0
Niger,NER,1954,0.420375,0,0,0.038,0,NA,1,0,0,0,1,0
Niger,NER,1955,0.420375,0,0,0.038,0,NA,1,0,0,0,1,0
Niger,NER,1956,0.420375,0,0,0.038,0,NA,1,0,0,0,1,0
Niger,NER,1957,0.420375,0,0,0.114,0,NA,1,0,0,0,1,0
Niger,NER,1958,0.437175,0,0,0.115,0,NA,1,0,0,0,1,0
Niger,NER,1959,0.440375,0,0,0.133,0,NA,1,0,0,0,1,0
Niger,NER,1960,0.4727,0,0,0.143,0,NA,1,0,0,0,1,0
Niger,NER,1961,0.4727,0,0,0.2,0,NA,1,0,0,0,1,0
Niger,NER,1962,0.4727,0,0,0.196,0,NA,1,0,0,0,1,0
Niger,NER,1963,0.4727,0,0,0.197,0,NA,1,0,0,0,1,0
Niger,NER,1964,0.4727,0,0,0.198,0,NA,1,0,0,0,1,0
Niger,NER,1965,0.4727,0,0,0.195,0,NA,1,0,0,0,1,0
Niger,NER,1966,0.4727,0,0,0.186,0,NA,1,0,0,0,1,0
Niger,NER,1967,0.4727,0,0,0.186,0,NA,1,0,0,0,1,0
Niger,NER,1968,0.4727,0,0,0.186,0,NA,1,0,0,0,1,0
Niger,NER,1969,0.4727,0,0,0.186,0,NA,1,0,0,0,1,0
Niger,NER,1970,0.480875,0,0,0.187,0,NA,1,0,0,0,1,0
Niger,NER,1971,0.480875,0,0,0.187,0,NA,1,0,0,0,1,0
Niger,NER,1972,0.480875,0,0,0.187,0,NA,1,0,0,0,1,0
Niger,NER,1973,0.480875,0,0,0.187,0,NA,1,0,0,0,1,0
Niger,NER,1974,0.669225,0,0,0.115,0,NA,1,0,0,0,1,0
Niger,NER,1975,0.674025,0,0,0.09,0,NA,1,0,0,0,1,0
Niger,NER,1976,0.674025,0,0,0.09,0,NA,1,0,0,0,1,0
Niger,NER,1977,0.674025,0,0,0.09,0,NA,1,0,0,0,1,0
Niger,NER,1978,0.674025,0,0,0.09,0,NA,1,0,0,0,1,0
Niger,NER,1979,0.674025,0,0,0.088,0,NA,1,0,0,0,1,0
Niger,NER,1980,0.670625,0,0,0.09,0,NA,1,0,0,0,1,0
Niger,NER,1981,0.670625,0,0,0.09,0,NA,1,0,0,0,1,0
Niger,NER,1982,0.670625,0,0,0.09,0,NA,1,0,0,0,1,0
Niger,NER,1983,0.670625,0,0,0.09,0,NA,1,0,0,0,1,0
Niger,NER,1984,0.670625,0,0,0.09,0,NA,1,0,0,0,1,0
Niger,NER,1985,0.670625,0,0,0.09,0,NA,1,0,0,0,1,0
Niger,NER,1986,0.670625,0,0,0.09,0,NA,1,0,0,0,1,0
Niger,NER,1987,0.530825,0,0,0.093,0,NA,1,0,0,0,1,0
Niger,NER,1988,0.512975,0,0,0.111,0,NA,1,0,0,0,1,0
Niger,NER,1989,0.5051,0,0,0.151,0,NA,1,0,0,0,1,0
Niger,NER,1990,0.583425,0,0,0.347,0,NA,1,0,0,0,1,0
Niger,NER,1991,0.630275,0,0,0.39,0,NA,1,0,0,0,1,0
Niger,NER,1992,0.625875,0,0,0.339,0,NA,1,0,0,0,1,0
Niger,NER,1993,0.627475,1,0.6931471805599453,0.533,4.23410650459726,NA,1,0,0,0,1,0
Niger,NER,1994,0.627475,0,0.6931471805599453,0.545,4.248495242049359,NA,1,0,0,0,1,0
Niger,NER,1995,0.627475,0,0.6931471805599453,0.541,4.2626798770413155,NA,1,0,0,0,1,0
Niger,NER,1996,0.617875,0,0,0.291,0,NA,1,0,0,0,1,0
Niger,NER,1997,0.599525,0,0,0.386,0,NA,1,0,0,0,1,0
Niger,NER,1998,0.599525,0,0,0.386,0,NA,1,0,0,0,1,0
Niger,NER,1999,0.607525,0,0,0.255,0,NA,1,0,0,0,1,0
Niger,NER,2000,0.62715,1,1.0986122886681096,0.541,4.304065093204169,NA,1,0,0,0,1,0
Niger,NER,2001,0.62715,0,1.0986122886681096,0.542,4.31748811353631,NA,1,0,0,0,1,0
Niger,NER,2002,0.62715,0,1.0986122886681096,0.542,4.330733340286331,NA,1,0,0,0,1,0
Niger,NER,2003,0.62715,0,1.0986122886681096,0.542,4.343805421853684,NA,1,0,0,0,1,0
Niger,NER,2004,0.62715,0,1.0986122886681096,0.546,4.356708826689592,NA,1,0,0,0,1,0
Niger,NER,2005,0.62715,0,1.0986122886681096,0.568,4.3694478524670215,NA,1,0,0,0,1,0
Niger,NER,2006,0.62715,0,1.0986122886681096,0.576,4.382026634673881,NA,1,0,0,0,1,0
Niger,NER,2007,0.62875,0,1.0986122886681096,0.576,4.394449154672439,NA,1,0,0,0,1,0
Niger,NER,2008,0.62875,0,1.0986122886681096,0.569,4.406719247264253,NA,1,0,0,0,1,0
Niger,NER,2009,0.591975,0,0,0.42,0,NA,1,0,0,0,1,0
Niger,NER,2010,0.679325,0,0,0.264,0,NA,1,0,0,0,1,0
Niger,NER,2011,0.690325,1,1.3862943611198906,0.542,4.406719247264253,NA,1,0,0,0,1,0
Niger,NER,2012,0.684525,0,1.3862943611198906,0.618,4.418840607796598,NA,1,0,0,0,1,0
Niger,NER,2013,0.672475,0,1.3862943611198906,0.625,4.430816798843313,NA,1,0,0,0,1,0
Niger,NER,2014,0.674975,0,1.3862943611198906,0.625,4.442651256490317,NA,1,0,0,0,1,0
Niger,NER,2015,0.670325,0,1.3862943611198906,0.618,4.454347296253507,NA,1,0,0,0,1,0
Niger,NER,2016,0.670325,0,1.3862943611198906,0.569,4.465908118654584,NA,1,0,0,0,1,0
Niger,NER,2017,0.65085,0,1.3862943611198906,0.545,4.477336814478207,NA,1,0,0,0,1,0
Niger,NER,2018,0.6498,0,1.3862943611198906,0.529,4.48863636973214,NA,1,0,0,0,1,0
Niger,NER,2019,0.620825,0,1.3862943611198906,0.528,4.499809670330265,NA,1,0,0,0,1,0
Niger,NER,2020,0.617225,0,1.3862943611198906,0.549,4.51085950651685,NA,1,0,0,0,1,0
Niger,NER,2021,0.634775,0,1.3862943611198906,0.518,4.5217885770490405,NA,1,0,0,0,1,0
Niger,NER,2022,0.62045,0,1.3862943611198906,0.503,4.532599493153256,NA,1,0,0,0,1,0
Niger,NER,2023,0.60875,0,0,0.387,0,NA,1,0,0,0,1,0
Niger,NER,2024,0.60985,0,0,0.24,0,NA,1,0,0,0,1,0
Zambia,ZMB,1940,0.5474,0,0,0.067,0,NA,1,0,0,0,1,0
Zambia,ZMB,1941,0.5474,0,0,0.075,0,NA,1,0,0,0,1,0
Zambia,ZMB,1942,0.5474,0,0,0.074,0,NA,1,0,0,0,1,0
Zambia,ZMB,1943,0.5474,0,0,0.074,0,NA,1,0,0,0,1,0
Zambia,ZMB,1944,0.5474,0,0,0.07,0,NA,1,0,0,0,1,0
Zambia,ZMB,1945,0.5474,0,0,0.07,0,NA,1,0,0,0,1,0
Zambia,ZMB,1946,0.5474,0,0,0.07,0,NA,1,0,0,0,1,0
Zambia,ZMB,1947,0.5474,0,0,0.075,0,NA,1,0,0,0,1,0
Zambia,ZMB,1948,0.5474,0,0,0.09,0,NA,1,0,0,0,1,0
Zambia,ZMB,1949,0.5474,0,0,0.097,0,NA,1,0,0,0,1,0
Zambia,ZMB,1950,0.5474,0,0,0.096,0,NA,1,0,0,0,1,0
Zambia,ZMB,1951,0.5474,0,0,0.1,0,NA,1,0,0,0,1,0
Zambia,ZMB,1952,0.5514,0,0,0.1,0,NA,1,0,0,0,1,0
Zambia,ZMB,1953,0.5614,0,0,0.102,0,NA,1,0,0,0,1,0
Zambia,ZMB,1954,0.5614,0,0,0.106,0,NA,1,0,0,0,1,0
Zambia,ZMB,1955,0.5614,0,0,0.107,0,NA,1,0,0,0,1,0
Zambia,ZMB,1956,0.5614,0,0,0.107,0,NA,1,0,0,0,1,0
Zambia,ZMB,1957,0.5614,0,0,0.107,0,NA,1,0,0,0,1,0
Zambia,ZMB,1958,0.5614,0,0,0.108,0,NA,1,0,0,0,1,0
Zambia,ZMB,1959,0.5614,0,0,0.109,0,NA,1,0,0,0,1,0
Zambia,ZMB,1960,0.5614,0,0,0.116,0,NA,1,0,0,0,1,0
Zambia,ZMB,1961,0.5614,0,0,0.117,0,NA,1,0,0,0,1,0
Zambia,ZMB,1962,0.5614,0,0,0.124,0,NA,1,0,0,0,1,0
Zambia,ZMB,1963,0.5652,0,0,0.137,0,NA,1,0,0,0,1,0
Zambia,ZMB,1964,0.5786,0,0,0.226,0,NA,1,0,0,0,1,0
Zambia,ZMB,1965,0.6328,0,0,0.306,0,NA,1,0,0,0,1,0
Zambia,ZMB,1966,0.6328,0,0,0.306,0,NA,1,0,0,0,1,0
Zambia,ZMB,1967,0.6346,0,0,0.306,0,NA,1,0,0,0,1,0
Zambia,ZMB,1968,0.6346,0,0,0.305,0,NA,1,0,0,0,1,0
Zambia,ZMB,1969,0.6346,0,0,0.287,0,NA,1,0,0,0,1,0
Zambia,ZMB,1970,0.6346,0,0,0.281,0,NA,1,0,0,0,1,0
Zambia,ZMB,1971,0.6346,0,0,0.257,0,NA,1,0,0,0,1,0
Zambia,ZMB,1972,0.6346,0,0,0.253,0,NA,1,0,0,0,1,0
Zambia,ZMB,1973,0.6332,0,0,0.208,0,NA,1,0,0,0,1,0
Zambia,ZMB,1974,0.6334,0,0,0.192,0,NA,1,0,0,0,1,0
Zambia,ZMB,1975,0.6334,0,0,0.192,0,NA,1,0,0,0,1,0
Zambia,ZMB,1976,0.6334,0,0,0.191,0,NA,1,0,0,0,1,0
Zambia,ZMB,1977,0.6334,0,0,0.191,0,NA,1,0,0,0,1,0
Zambia,ZMB,1978,0.6334,0,0,0.191,0,NA,1,0,0,0,1,0
Zambia,ZMB,1979,0.6334,0,0,0.193,0,NA,1,0,0,0,1,0
Zambia,ZMB,1980,0.6334,0,0,0.193,0,NA,1,0,0,0,1,0
Zambia,ZMB,1981,0.6334,0,0,0.193,0,NA,1,0,0,0,1,0
Zambia,ZMB,1982,0.6334,0,0,0.193,0,NA,1,0,0,0,1,0
Zambia,ZMB,1983,0.6334,0,0,0.193,0,NA,1,0,0,0,1,0
Zambia,ZMB,1984,0.6334,0,0,0.191,0,NA,1,0,0,0,1,0
Zambia,ZMB,1985,0.6334,0,0,0.191,0,NA,1,0,0,0,1,0
Zambia,ZMB,1986,0.6334,0,0,0.191,0,NA,1,0,0,0,1,0
Zambia,ZMB,1987,0.6334,0,0,0.191,0,NA,1,0,0,0,1,0
Zambia,ZMB,1988,0.6334,0,0,0.191,0,NA,1,0,0,0,1,0
Zambia,ZMB,1989,0.6334,0,0,0.191,0,NA,1,0,0,0,1,0
Zambia,ZMB,1990,0.6608,0,0,0.215,0,NA,1,0,0,0,1,0
Zambia,ZMB,1991,0.6191,0,0,0.284,0,NA,1,0,0,0,1,0
Zambia,ZMB,1992,0.6011,0,0,0.438,0,NA,1,0,0,0,1,0
Zambia,ZMB,1993,0.6011,0,0,0.448,0,NA,1,0,0,0,1,0
Zambia,ZMB,1994,0.6011,0,0,0.487,0,NA,1,0,0,0,1,0
Zambia,ZMB,1995,0.6011,0,0,0.487,0,NA,1,0,0,0,1,0
Zambia,ZMB,1996,0.6011,0,0,0.495,0,NA,1,0,0,0,1,0
Zambia,ZMB,1997,0.6011,0,0,0.486,0,NA,1,0,0,0,1,0
Zambia,ZMB,1998,0.6085,0,0,0.486,0,NA,1,0,0,0,1,0
Zambia,ZMB,1999,0.6085,0,0,0.486,0,NA,1,0,0,0,1,0
Zambia,ZMB,2000,0.6085,0,0,0.49,0,NA,1,0,0,0,1,0
Zambia,ZMB,2001,0.6191,0,0,0.492,0,NA,1,0,0,0,1,0
Zambia,ZMB,2002,0.691,0,0,0.486,0,NA,1,0,0,0,1,0
Zambia,ZMB,2003,0.691,0,0,0.486,0,NA,1,0,0,0,1,0
Zambia,ZMB,2004,0.691,0,0,0.486,0,NA,1,0,0,0,1,0
Zambia,ZMB,2005,0.7059,0,0,0.499,0,NA,1,0,0,0,1,0
Zambia,ZMB,2006,0.7059,1,0.6931471805599453,0.501,4.553876891600541,NA,1,0,0,0,1,0
Zambia,ZMB,2007,0.7105,0,0.6931471805599453,0.502,4.564348191467836,NA,1,0,0,0,1,0
Zambia,ZMB,2008,0.6389,0,0.6931471805599453,0.506,4.574710978503383,NA,1,0,0,0,1,0
Zambia,ZMB,2009,0.6335,0,0.6931471805599453,0.519,4.584967478670572,NA,1,0,0,0,1,0
Zambia,ZMB,2010,0.6331,0,0.6931471805599453,0.515,4.59511985013459,NA,1,0,0,0,1,0
Zambia,ZMB,2011,0.6601,0,0.6931471805599453,0.502,4.605170185988092,NA,1,0,0,0,1,0
Zambia,ZMB,2012,0.7153,0,0.6931471805599453,0.503,4.61512051684126,NA,1,0,0,0,1,0
Zambia,ZMB,2013,0.6509,0,0,0.487,0,NA,1,0,0,0,1,0
Zambia,ZMB,2014,0.6509,0,0,0.478,0,NA,1,0,0,0,1,0
Zambia,ZMB,2015,0.6271,0,0,0.456,0,NA,1,0,0,0,1,0
Zambia,ZMB,2016,0.583375,0,0,0.402,0,NA,1,0,0,0,1,0
Zambia,ZMB,2017,0.587175,0,0,0.364,0,NA,1,0,0,0,1,0
Zambia,ZMB,2018,0.5007,0,0,0.367,0,NA,1,0,0,0,1,0
Zambia,ZMB,2019,0.466225,0,0,0.36,0,NA,1,0,0,0,1,0
Zambia,ZMB,2020,0.4523,0,0,0.354,0,NA,1,0,0,0,1,0
Zambia,ZMB,2021,0.512825,0,0,0.417,0,NA,1,0,0,0,1,0
Zambia,ZMB,2022,0.60785,1,1.0986122886681096,0.523,4.6913478822291435,NA,1,0,0,0,1,0
Zambia,ZMB,2023,0.6334,0,1.0986122886681096,0.527,4.700480365792417,NA,1,0,0,0,1,0
Zambia,ZMB,2024,0.53595,0,1.0986122886681096,0.51,4.709530201312334,NA,1,0,0,0,1,0
Zimbabwe,ZWE,1940,0.497925,0,0,0.264,0,NA,1,0,0,0,1,0
Zimbabwe,ZWE,1941,0.497925,0,0,0.264,0,NA,1,0,0,0,1,0
Zimbabwe,ZWE,1942,0.497925,0,0,0.264,0,NA,1,0,0,0,1,0
Zimbabwe,ZWE,1943,0.497925,0,0,0.264,0,NA,1,0,0,0,1,0
Zimbabwe,ZWE,1944,0.497925,0,0,0.264,0,NA,1,0,0,0,1,0
Zimbabwe,ZWE,1945,0.523925,0,0,0.255,0,NA,1,0,0,0,1,0
Zimbabwe,ZWE,1946,0.5523,0,0,0.256,0,NA,1,0,0,0,1,0
Zimbabwe,ZWE,1947,0.5523,0,0,0.256,0,NA,1,0,0,0,1,0
Zimbabwe,ZWE,1948,0.5523,0,0,0.255,0,NA,1,0,0,0,1,0
Zimbabwe,ZWE,1949,0.5523,0,0,0.255,0,NA,1,0,0,0,1,0
Zimbabwe,ZWE,1950,0.5523,0,0,0.255,0,NA,1,0,0,0,1,0
Zimbabwe,ZWE,1951,0.5523,0,0,0.255,0,NA,1,0,0,0,1,0
Zimbabwe,ZWE,1952,0.5523,0,0,0.255,0,NA,1,0,0,0,1,0
Zimbabwe,ZWE,1953,0.568575,0,0,0.253,0,NA,1,0,0,0,1,0
Zimbabwe,ZWE,1954,0.584425,0,0,0.253,0,NA,1,0,0,0,1,0
Zimbabwe,ZWE,1955,0.584425,0,0,0.254,0,NA,1,0,0,0,1,0
Zimbabwe,ZWE,1956,0.584425,0,0,0.251,0,NA,1,0,0,0,1,0
Zimbabwe,ZWE,1957,0.584425,0,0,0.242,0,NA,1,0,0,0,1,0
Zimbabwe,ZWE,1958,0.584425,0,0,0.235,0,NA,1,0,0,0,1,0
Zimbabwe,ZWE,1959,0.5778,0,0,0.225,0,NA,1,0,0,0,1,0
Zimbabwe,ZWE,1960,0.544475,0,0,0.228,0,NA,1,0,0,0,1,0
Zimbabwe,ZWE,1961,0.544475,0,0,0.228,0,NA,1,0,0,0,1,0
Zimbabwe,ZWE,1962,0.544475,0,0,0.228,0,NA,1,0,0,0,1,0
Zimbabwe,ZWE,1963,0.544475,0,0,0.226,0,NA,1,0,0,0,1,0
Zimbabwe,ZWE,1964,0.44745,0,0,0.211,0,NA,1,0,0,0,1,0
Zimbabwe,ZWE,1965,0.44265,0,0,0.202,0,NA,1,0,0,0,1,0
Zimbabwe,ZWE,1966,0.44265,0,0,0.193,0,NA,1,0,0,0,1,0
Zimbabwe,ZWE,1967,0.44265,0,0,0.193,0,NA,1,0,0,0,1,0
Zimbabwe,ZWE,1968,0.44265,0,0,0.193,0,NA,1,0,0,0,1,0
Zimbabwe,ZWE,1969,0.43545,0,0,0.193,0,NA,1,0,0,0,1,0
Zimbabwe,ZWE,1970,0.43545,0,0,0.195,0,NA,1,0,0,0,1,0
Zimbabwe,ZWE,1971,0.43545,0,0,0.192,0,NA,1,0,0,0,1,0
Zimbabwe,ZWE,1972,0.43545,0,0,0.192,0,NA,1,0,0,0,1,0
Zimbabwe,ZWE,1973,0.43545,0,0,0.192,0,NA,1,0,0,0,1,0
Zimbabwe,ZWE,1974,0.43545,0,0,0.192,0,NA,1,0,0,0,1,0
Zimbabwe,ZWE,1975,0.43545,0,0,0.192,0,NA,1,0,0,0,1,0
Zimbabwe,ZWE,1976,0.43545,0,0,0.192,0,NA,1,0,0,0,1,0
Zimbabwe,ZWE,1977,0.43545,0,0,0.19,0,NA,1,0,0,0,1,0
Zimbabwe,ZWE,1978,0.43545,0,0,0.054,0,NA,1,0,0,0,1,0
Zimbabwe,ZWE,1979,0.43545,0,0,0.162,0,NA,1,0,0,0,1,0
Zimbabwe,ZWE,1980,0.638775,0,0,0.301,0,NA,1,0,0,0,1,0
Zimbabwe,ZWE,1981,0.658225,0,0,0.32,0,NA,1,0,0,0,1,0
Zimbabwe,ZWE,1982,0.658225,0,0,0.316,0,NA,1,0,0,0,1,0
Zimbabwe,ZWE,1983,0.658225,0,0,0.316,0,NA,1,0,0,0,1,0
Zimbabwe,ZWE,1984,0.658225,0,0,0.314,0,NA,1,0,0,0,1,0
Zimbabwe,ZWE,1985,0.658225,0,0,0.308,0,NA,1,0,0,0,1,0
Zimbabwe,ZWE,1986,0.658225,0,0,0.306,0,NA,1,0,0,0,1,0
Zimbabwe,ZWE,1987,0.655025,0,0,0.213,0,NA,1,0,0,0,1,0
Zimbabwe,ZWE,1988,0.666925,0,0,0.302,0,NA,1,0,0,0,1,0
Zimbabwe,ZWE,1989,0.6741,0,0,0.304,0,NA,1,0,0,0,1,0
Zimbabwe,ZWE,1990,0.6523,0,0,0.299,0,NA,1,0,0,0,1,0
Zimbabwe,ZWE,1991,0.6523,0,0,0.306,0,NA,1,0,0,0,1,0
Zimbabwe,ZWE,1992,0.6523,0,0,0.306,0,NA,1,0,0,0,1,0
Zimbabwe,ZWE,1993,0.6523,0,0,0.306,0,NA,1,0,0,0,1,0
Zimbabwe,ZWE,1994,0.6523,0,0,0.306,0,NA,1,0,0,0,1,0
Zimbabwe,ZWE,1995,0.6523,0,0,0.304,0,NA,1,0,0,0,1,0
Zimbabwe,ZWE,1996,0.6523,0,0,0.306,0,NA,1,0,0,0,1,0
Zimbabwe,ZWE,1997,0.6523,0,0,0.304,0,NA,1,0,0,0,1,0
Zimbabwe,ZWE,1998,0.6067,0,0,0.302,0,NA,1,0,0,0,1,0
Zimbabwe,ZWE,1999,0.6067,0,0,0.301,0,NA,1,0,0,0,1,0
Zimbabwe,ZWE,2000,0.399775,0,0,0.283,0,NA,1,0,0,0,1,0
Zimbabwe,ZWE,2001,0.343275,0,0,0.269,0,NA,1,0,0,0,1,0
Zimbabwe,ZWE,2002,0.343275,0,0,0.268,0,NA,1,0,0,0,1,0
Zimbabwe,ZWE,2003,0.335475,0,0,0.268,0,NA,1,0,0,0,1,0
Zimbabwe,ZWE,2004,0.335475,0,0,0.256,0,NA,1,0,0,0,1,0
Zimbabwe,ZWE,2005,0.335475,0,0,0.255,0,NA,1,0,0,0,1,0
Zimbabwe,ZWE,2006,0.335475,0,0,0.256,0,NA,1,0,0,0,1,0
Zimbabwe,ZWE,2007,0.335475,0,0,0.256,0,NA,1,0,0,0,1,0
Zimbabwe,ZWE,2008,0.335475,0,0,0.252,0,NA,1,0,0,0,1,0
Zimbabwe,ZWE,2009,0.3736,0,0,0.249,0,NA,1,0,0,0,1,0
Zimbabwe,ZWE,2010,0.432225,0,0,0.261,0,NA,1,0,0,0,1,0
Zimbabwe,ZWE,2011,0.432225,0,0,0.26,0,NA,1,0,0,0,1,0
Zimbabwe,ZWE,2012,0.433825,0,0,0.261,0,NA,1,0,0,0,1,0
Zimbabwe,ZWE,2013,0.44235,0,0,0.285,0,NA,1,0,0,0,1,0
Zimbabwe,ZWE,2014,0.401875,0,0,0.296,0,NA,1,0,0,0,1,0
Zimbabwe,ZWE,2015,0.401875,0,0,0.296,0,NA,1,0,0,0,1,0
Zimbabwe,ZWE,2016,0.385525,0,0,0.29,0,NA,1,0,0,0,1,0
Zimbabwe,ZWE,2017,0.376625,0,0,0.295,0,NA,1,0,0,0,1,0
Zimbabwe,ZWE,2018,0.3847,0,0,0.303,0,NA,1,0,0,0,1,0
Zimbabwe,ZWE,2019,0.36435,0,0,0.292,0,NA,1,0,0,0,1,0
Zimbabwe,ZWE,2020,0.382325,0,0,0.294,0,NA,1,0,0,0,1,0
Zimbabwe,ZWE,2021,0.354275,0,0,0.289,0,NA,1,0,0,0,1,0
Zimbabwe,ZWE,2022,0.34855,0,0,0.286,0,NA,1,0,0,0,1,0
Zimbabwe,ZWE,2023,0.32605,0,0,0.291,0,NA,1,0,0,0,1,0
Zimbabwe,ZWE,2024,0.3294,0,0,0.27,0,NA,1,0,0,0,1,0
Guinea,GIN,1940,0.36715,0,0,0.032,0,NA,1,0,0,0,1,0
Guinea,GIN,1941,0.36715,0,0,0.032,0,NA,1,0,0,0,1,0
Guinea,GIN,1942,0.36715,0,0,0.032,0,NA,1,0,0,0,1,0
Guinea,GIN,1943,0.36715,0,0,0.032,0,NA,1,0,0,0,1,0
Guinea,GIN,1944,0.36715,0,0,0.032,0,NA,1,0,0,0,1,0
Guinea,GIN,1945,0.36715,0,0,0.04,0,NA,1,0,0,0,1,0
Guinea,GIN,1946,0.371175,0,0,0.064,0,NA,1,0,0,0,1,0
Guinea,GIN,1947,0.371175,0,0,0.099,0,NA,1,0,0,0,1,0
Guinea,GIN,1948,0.371175,0,0,0.101,0,NA,1,0,0,0,1,0
Guinea,GIN,1949,0.371175,0,0,0.103,0,NA,1,0,0,0,1,0
Guinea,GIN,1950,0.371175,0,0,0.103,0,NA,1,0,0,0,1,0
Guinea,GIN,1951,0.371175,0,0,0.103,0,NA,1,0,0,0,1,0
Guinea,GIN,1952,0.371175,0,0,0.112,0,NA,1,0,0,0,1,0
Guinea,GIN,1953,0.371175,0,0,0.088,0,NA,1,0,0,0,1,0
Guinea,GIN,1954,0.371175,0,0,0.075,0,NA,1,0,0,0,1,0
Guinea,GIN,1955,0.370975,0,0,0.075,0,NA,1,0,0,0,1,0
Guinea,GIN,1956,0.370975,0,0,0.078,0,NA,1,0,0,0,1,0
Guinea,GIN,1957,0.357575,0,0,0.162,0,NA,1,0,0,0,1,0
Guinea,GIN,1958,0.3427,0,0,0.157,0,NA,1,0,0,0,1,0
Guinea,GIN,1959,0.285575,0,0,0.192,0,NA,1,0,0,0,1,0
Guinea,GIN,1960,0.24855,0,0,0.183,0,NA,1,0,0,0,1,0
Guinea,GIN,1961,0.242025,0,0,0.156,0,NA,1,0,0,0,1,0
Guinea,GIN,1962,0.271625,0,0,0.155,0,NA,1,0,0,0,1,0
Guinea,GIN,1963,0.271625,0,0,0.148,0,NA,1,0,0,0,1,0
Guinea,GIN,1964,0.266275,0,0,0.146,0,NA,1,0,0,0,1,0
Guinea,GIN,1965,0.274475,0,0,0.145,0,NA,1,0,0,0,1,0
Guinea,GIN,1966,0.274475,0,0,0.145,0,NA,1,0,0,0,1,0
Guinea,GIN,1967,0.274475,0,0,0.143,0,NA,1,0,0,0,1,0
Guinea,GIN,1968,0.274475,0,0,0.143,0,NA,1,0,0,0,1,0
Guinea,GIN,1969,0.274475,0,0,0.142,0,NA,1,0,0,0,1,0
Guinea,GIN,1970,0.274475,0,0,0.142,0,NA,1,0,0,0,1,0
Guinea,GIN,1971,0.274475,0,0,0.142,0,NA,1,0,0,0,1,0
Guinea,GIN,1972,0.274475,0,0,0.142,0,NA,1,0,0,0,1,0
Guinea,GIN,1973,0.274475,0,0,0.142,0,NA,1,0,0,0,1,0
Guinea,GIN,1974,0.274475,0,0,0.142,0,NA,1,0,0,0,1,0
Guinea,GIN,1975,0.274475,0,0,0.142,0,NA,1,0,0,0,1,0
Guinea,GIN,1976,0.274475,0,0,0.142,0,NA,1,0,0,0,1,0
Guinea,GIN,1977,0.274475,0,0,0.142,0,NA,1,0,0,0,1,0
Guinea,GIN,1978,0.274475,0,0,0.142,0,NA,1,0,0,0,1,0
Guinea,GIN,1979,0.274475,0,0,0.142,0,NA,1,0,0,0,1,0
Guinea,GIN,1980,0.274475,0,0,0.142,0,NA,1,0,0,0,1,0
Guinea,GIN,1981,0.274475,0,0,0.142,0,NA,1,0,0,0,1,0
Guinea,GIN,1982,0.274475,0,0,0.143,0,NA,1,0,0,0,1,0
Guinea,GIN,1983,0.274475,0,0,0.142,0,NA,1,0,0,0,1,0
Guinea,GIN,1984,0.281675,0,0,0.091,0,NA,1,0,0,0,1,0
Guinea,GIN,1985,0.2244,0,0,0.096,0,NA,1,0,0,0,1,0
Guinea,GIN,1986,0.2032,0,0,0.097,0,NA,1,0,0,0,1,0
Guinea,GIN,1987,0.2032,0,0,0.098,0,NA,1,0,0,0,1,0
Guinea,GIN,1988,0.2032,0,0,0.098,0,NA,1,0,0,0,1,0
Guinea,GIN,1989,0.2032,0,0,0.1,0,NA,1,0,0,0,1,0
Guinea,GIN,1990,0.227,0,0,0.116,0,NA,1,0,0,0,1,0
Guinea,GIN,1991,0.270025,0,0,0.143,0,NA,1,0,0,0,1,0
Guinea,GIN,1992,0.272225,0,0,0.164,0,NA,1,0,0,0,1,0
Guinea,GIN,1993,0.272225,0,0,0.166,0,NA,1,0,0,0,1,0
Guinea,GIN,1994,0.252025,0,0,0.185,0,NA,1,0,0,0,1,0
Guinea,GIN,1995,0.24285,0,0,0.254,0,NA,1,0,0,0,1,0
Guinea,GIN,1996,0.24035,0,0,0.256,0,NA,1,0,0,0,1,0
Guinea,GIN,1997,0.24035,0,0,0.256,0,NA,1,0,0,0,1,0
Guinea,GIN,1998,0.24035,0,0,0.254,0,NA,1,0,0,0,1,0
Guinea,GIN,1999,0.24035,0,0,0.26,0,NA,1,0,0,0,1,0
Guinea,GIN,2000,0.23935,0,0,0.264,0,NA,1,0,0,0,1,0
Guinea,GIN,2001,0.23935,0,0,0.269,0,NA,1,0,0,0,1,0
Guinea,GIN,2002,0.23935,0,0,0.265,0,NA,1,0,0,0,1,0
Guinea,GIN,2003,0.23935,0,0,0.27,0,NA,1,0,0,0,1,0
Guinea,GIN,2004,0.23935,0,0,0.266,0,NA,1,0,0,0,1,0
Guinea,GIN,2005,0.240325,0,0,0.266,0,NA,1,0,0,0,1,0
Guinea,GIN,2006,0.240325,0,0,0.265,0,NA,1,0,0,0,1,0
Guinea,GIN,2007,0.243725,0,0,0.265,0,NA,1,0,0,0,1,0
Guinea,GIN,2008,0.181475,0,0,0.263,0,NA,1,0,0,0,1,0
Guinea,GIN,2009,0.181375,0,0,0.173,0,NA,1,0,0,0,1,0
Guinea,GIN,2010,0.27525,0,0,0.232,0,NA,1,0,0,0,1,0
Guinea,GIN,2011,0.310975,0,0,0.311,0,NA,1,0,0,0,1,0
Guinea,GIN,2012,0.310975,0,0,0.313,0,NA,1,0,0,0,1,0
Guinea,GIN,2013,0.305075,0,0,0.315,0,NA,1,0,0,0,1,0
Guinea,GIN,2014,0.305075,0,0,0.368,0,NA,1,0,0,0,1,0
Guinea,GIN,2015,0.305075,0,0,0.367,0,NA,1,0,0,0,1,0
Guinea,GIN,2016,0.304875,0,0,0.364,0,NA,1,0,0,0,1,0
Guinea,GIN,2017,0.3046,0,0,0.361,0,NA,1,0,0,0,1,0
Guinea,GIN,2018,0.273475,0,0,0.358,0,NA,1,0,0,0,1,0
Guinea,GIN,2019,0.255725,0,0,0.353,0,NA,1,0,0,0,1,0
Guinea,GIN,2020,0.23395,0,0,0.295,0,NA,1,0,0,0,1,0
Guinea,GIN,2021,0.2172,0,0,0.255,0,NA,1,0,0,0,1,0
Guinea,GIN,2022,0.223,0,0,0.175,0,NA,1,0,0,0,1,0
Guinea,GIN,2023,0.2346,0,0,0.171,0,NA,1,0,0,0,1,0
Guinea,GIN,2024,0.2286,0,0,0.161,0,NA,1,0,0,0,1,0
Ivory Coast,CIV,1940,0.308675,0,0,0.03,0,NA,1,0,0,0,1,0
Ivory Coast,CIV,1941,0.308675,0,0,0.029,0,NA,1,0,0,0,1,0
Ivory Coast,CIV,1942,0.308675,0,0,0.029,0,NA,1,0,0,0,1,0
Ivory Coast,CIV,1943,0.308675,0,0,0.029,0,NA,1,0,0,0,1,0
Ivory Coast,CIV,1944,0.305075,0,0,0.036,0,NA,1,0,0,0,1,0
Ivory Coast,CIV,1945,0.310075,0,0,0.056,0,NA,1,0,0,0,1,0
Ivory Coast,CIV,1946,0.313375,0,0,0.078,0,NA,1,0,0,0,1,0
Ivory Coast,CIV,1947,0.337975,0,0,0.107,0,NA,1,0,0,0,1,0
Ivory Coast,CIV,1948,0.337975,0,0,0.108,0,NA,1,0,0,0,1,0
Ivory Coast,CIV,1949,0.337975,0,0,0.108,0,NA,1,0,0,0,1,0
Ivory Coast,CIV,1950,0.337975,0,0,0.108,0,NA,1,0,0,0,1,0
Ivory Coast,CIV,1951,0.337975,0,0,0.107,0,NA,1,0,0,0,1,0
Ivory Coast,CIV,1952,0.337975,0,0,0.114,0,NA,1,0,0,0,1,0
Ivory Coast,CIV,1953,0.337975,0,0,0.114,0,NA,1,0,0,0,1,0
Ivory Coast,CIV,1954,0.337975,0,0,0.114,0,NA,1,0,0,0,1,0
Ivory Coast,CIV,1955,0.337975,0,0,0.114,0,NA,1,0,0,0,1,0
Ivory Coast,CIV,1956,0.337975,0,0,0.114,0,NA,1,0,0,0,1,0
Ivory Coast,CIV,1957,0.337975,0,0,0.151,0,NA,1,0,0,0,1,0
Ivory Coast,CIV,1958,0.337975,0,0,0.147,0,NA,1,0,0,0,1,0
Ivory Coast,CIV,1959,0.337975,0,0,0.142,0,NA,1,0,0,0,1,0
Ivory Coast,CIV,1960,0.40575,0,0,0.146,0,NA,1,0,0,0,1,0
Ivory Coast,CIV,1961,0.41515,0,0,0.188,0,NA,1,0,0,0,1,0
Ivory Coast,CIV,1962,0.41515,0,0,0.188,0,NA,1,0,0,0,1,0
Ivory Coast,CIV,1963,0.41515,0,0,0.188,0,NA,1,0,0,0,1,0
Ivory Coast,CIV,1964,0.41515,0,0,0.188,0,NA,1,0,0,0,1,0
Ivory Coast,CIV,1965,0.41515,0,0,0.186,0,NA,1,0,0,0,1,0
Ivory Coast,CIV,1966,0.41515,0,0,0.175,0,NA,1,0,0,0,1,0
Ivory Coast,CIV,1967,0.41515,0,0,0.175,0,NA,1,0,0,0,1,0
Ivory Coast,CIV,1968,0.41515,0,0,0.175,0,NA,1,0,0,0,1,0
Ivory Coast,CIV,1969,0.41515,0,0,0.175,0,NA,1,0,0,0,1,0
Ivory Coast,CIV,1970,0.42755,0,0,0.177,0,NA,1,0,0,0,1,0
Ivory Coast,CIV,1971,0.42755,0,0,0.174,0,NA,1,0,0,0,1,0
Ivory Coast,CIV,1972,0.42755,0,0,0.174,0,NA,1,0,0,0,1,0
Ivory Coast,CIV,1973,0.42755,0,0,0.174,0,NA,1,0,0,0,1,0
Ivory Coast,CIV,1974,0.42755,0,0,0.174,0,NA,1,0,0,0,1,0
Ivory Coast,CIV,1975,0.42755,0,0,0.174,0,NA,1,0,0,0,1,0
Ivory Coast,CIV,1976,0.42755,0,0,0.174,0,NA,1,0,0,0,1,0
Ivory Coast,CIV,1977,0.42755,0,0,0.174,0,NA,1,0,0,0,1,0
Ivory Coast,CIV,1978,0.42755,0,0,0.174,0,NA,1,0,0,0,1,0
Ivory Coast,CIV,1979,0.42755,0,0,0.174,0,NA,1,0,0,0,1,0
Ivory Coast,CIV,1980,0.42755,0,0,0.176,0,NA,1,0,0,0,1,0
Ivory Coast,CIV,1981,0.42755,0,0,0.174,0,NA,1,0,0,0,1,0
Ivory Coast,CIV,1982,0.42755,0,0,0.174,0,NA,1,0,0,0,1,0
Ivory Coast,CIV,1983,0.42755,0,0,0.174,0,NA,1,0,0,0,1,0
Ivory Coast,CIV,1984,0.42755,0,0,0.174,0,NA,1,0,0,0,1,0
Ivory Coast,CIV,1985,0.42755,0,0,0.176,0,NA,1,0,0,0,1,0
Ivory Coast,CIV,1986,0.42755,0,0,0.177,0,NA,1,0,0,0,1,0
Ivory Coast,CIV,1987,0.42755,0,0,0.177,0,NA,1,0,0,0,1,0
Ivory Coast,CIV,1988,0.42755,0,0,0.177,0,NA,1,0,0,0,1,0
Ivory Coast,CIV,1989,0.42755,0,0,0.177,0,NA,1,0,0,0,1,0
Ivory Coast,CIV,1990,0.5334,0,0,0.307,0,NA,1,0,0,0,1,0
Ivory Coast,CIV,1991,0.5462,0,0,0.312,0,NA,1,0,0,0,1,0
Ivory Coast,CIV,1992,0.5468,0,0,0.312,0,NA,1,0,0,0,1,0
Ivory Coast,CIV,1993,0.5304,0,0,0.33,0,NA,1,0,0,0,1,0
Ivory Coast,CIV,1994,0.493175,0,0,0.359,0,NA,1,0,0,0,1,0
Ivory Coast,CIV,1995,0.492575,0,0,0.263,0,NA,1,0,0,0,1,0
Ivory Coast,CIV,1996,0.501925,0,0,0.397,0,NA,1,0,0,0,1,0
Ivory Coast,CIV,1997,0.501925,0,0,0.398,0,NA,1,0,0,0,1,0
Ivory Coast,CIV,1998,0.50905,0,0,0.392,0,NA,1,0,0,0,1,0
Ivory Coast,CIV,1999,0.50245,0,0,0.388,0,NA,1,0,0,0,1,0
Ivory Coast,CIV,2000,0.520575,0,0,0.274,0,NA,1,0,0,0,1,0
Ivory Coast,CIV,2001,0.5104,0,0,0.452,0,NA,1,0,0,0,1,0
Ivory Coast,CIV,2002,0.505,0,0,0.448,0,NA,1,0,0,0,1,0
Ivory Coast,CIV,2003,0.511825,0,0,0.445,0,NA,1,0,0,0,1,0
Ivory Coast,CIV,2004,0.511825,0,0,0.446,0,NA,1,0,0,0,1,0
Ivory Coast,CIV,2005,0.511825,0,0,0.432,0,NA,1,0,0,0,1,0
Ivory Coast,CIV,2006,0.511825,0,0,0.433,0,NA,1,0,0,0,1,0
Ivory Coast,CIV,2007,0.511825,0,0,0.436,0,NA,1,0,0,0,1,0
Ivory Coast,CIV,2008,0.507075,0,0,0.436,0,NA,1,0,0,0,1,0
Ivory Coast,CIV,2009,0.506425,0,0,0.436,0,NA,1,0,0,0,1,0
Ivory Coast,CIV,2010,0.5058,0,0,0.447,0,NA,1,0,0,0,1,0
Ivory Coast,CIV,2011,0.53625,0,0,0.427,0,NA,1,0,0,0,1,0
Ivory Coast,CIV,2012,0.577925,0,0,0.463,0,NA,1,0,0,0,1,0
Ivory Coast,CIV,2013,0.62465,0,0,0.467,0,NA,1,0,0,0,1,0
Ivory Coast,CIV,2014,0.62725,0,0,0.469,0,NA,1,0,0,0,1,0
Ivory Coast,CIV,2015,0.630375,0,0,0.473,0,NA,1,0,0,0,1,0
Ivory Coast,CIV,2016,0.627425,1,0.6931471805599453,0.528,4.736198448394496,NA,1,0,0,0,1,0
Ivory Coast,CIV,2017,0.59295,0,0.6931471805599453,0.54,4.74493212836325,NA,1,0,0,0,1,0
Ivory Coast,CIV,2018,0.5834,0,0.6931471805599453,0.539,4.7535901911063645,NA,1,0,0,0,1,0
Ivory Coast,CIV,2019,0.568575,0,0.6931471805599453,0.532,4.762173934797756,NA,1,0,0,0,1,0
Ivory Coast,CIV,2020,0.498475,0,0,0.499,0,NA,1,0,0,0,1,0
Ivory Coast,CIV,2021,0.491975,0,0,0.434,0,NA,1,0,0,0,1,0
Ivory Coast,CIV,2022,0.503975,0,0,0.445,0,NA,1,0,0,0,1,0
Ivory Coast,CIV,2023,0.512425,0,0,0.446,0,NA,1,0,0,0,1,0
Ivory Coast,CIV,2024,0.502675,0,0,0.432,0,NA,1,0,0,0,1,0
Mauritania,MRT,1940,0.3586,0,0,0.031,0,NA,1,0,0,0,1,0
Mauritania,MRT,1941,0.3586,0,0,0.031,0,NA,1,0,0,0,1,0
Mauritania,MRT,1942,0.3586,0,0,0.031,0,NA,1,0,0,0,1,0
Mauritania,MRT,1943,0.3586,0,0,0.031,0,NA,1,0,0,0,1,0
Mauritania,MRT,1944,0.3586,0,0,0.031,0,NA,1,0,0,0,1,0
Mauritania,MRT,1945,0.3586,0,0,0.056,0,NA,1,0,0,0,1,0
Mauritania,MRT,1946,0.3586,0,0,0.068,0,NA,1,0,0,0,1,0
Mauritania,MRT,1947,0.3586,0,0,0.116,0,NA,1,0,0,0,1,0
Mauritania,MRT,1948,0.3586,0,0,0.122,0,NA,1,0,0,0,1,0
Mauritania,MRT,1949,0.3586,0,0,0.122,0,NA,1,0,0,0,1,0
Mauritania,MRT,1950,0.3576,0,0,0.122,0,NA,1,0,0,0,1,0
Mauritania,MRT,1951,0.3576,0,0,0.122,0,NA,1,0,0,0,1,0
Mauritania,MRT,1952,0.3576,0,0,0.126,0,NA,1,0,0,0,1,0
Mauritania,MRT,1953,0.3576,0,0,0.126,0,NA,1,0,0,0,1,0
Mauritania,MRT,1954,0.3576,0,0,0.126,0,NA,1,0,0,0,1,0
Mauritania,MRT,1955,0.3576,0,0,0.126,0,NA,1,0,0,0,1,0
Mauritania,MRT,1956,0.3576,0,0,0.123,0,NA,1,0,0,0,1,0
Mauritania,MRT,1957,0.3576,0,0,0.229,0,NA,1,0,0,0,1,0
Mauritania,MRT,1958,0.3674,0,0,0.254,0,NA,1,0,0,0,1,0
Mauritania,MRT,1959,0.3833,0,0,0.254,0,NA,1,0,0,0,1,0
Mauritania,MRT,1960,0.566325,0,0,0.239,0,NA,1,0,0,0,1,0
Mauritania,MRT,1961,0.504425,0,0,0.193,0,NA,1,0,0,0,1,0
Mauritania,MRT,1962,0.504425,0,0,0.227,0,NA,1,0,0,0,1,0
Mauritania,MRT,1963,0.504425,0,0,0.227,0,NA,1,0,0,0,1,0
Mauritania,MRT,1964,0.504425,0,0,0.227,0,NA,1,0,0,0,1,0
Mauritania,MRT,1965,0.504425,0,0,0.216,0,NA,1,0,0,0,1,0
Mauritania,MRT,1966,0.504425,0,0,0.209,0,NA,1,0,0,0,1,0
Mauritania,MRT,1967,0.504425,0,0,0.208,0,NA,1,0,0,0,1,0
Mauritania,MRT,1968,0.504425,0,0,0.208,0,NA,1,0,0,0,1,0
Mauritania,MRT,1969,0.504425,0,0,0.208,0,NA,1,0,0,0,1,0
Mauritania,MRT,1970,0.504425,0,0,0.211,0,NA,1,0,0,0,1,0
Mauritania,MRT,1971,0.504425,0,0,0.21,0,NA,1,0,0,0,1,0
Mauritania,MRT,1972,0.504425,0,0,0.209,0,NA,1,0,0,0,1,0
Mauritania,MRT,1973,0.4947,0,0,0.209,0,NA,1,0,0,0,1,0
Mauritania,MRT,1974,0.4947,0,0,0.209,0,NA,1,0,0,0,1,0
Mauritania,MRT,1975,0.4947,0,0,0.209,0,NA,1,0,0,0,1,0
Mauritania,MRT,1976,0.4947,0,0,0.209,0,NA,1,0,0,0,1,0
Mauritania,MRT,1977,0.4947,0,0,0.209,0,NA,1,0,0,0,1,0
Mauritania,MRT,1978,0.45825,0,0,0.145,0,NA,1,0,0,0,1,0
Mauritania,MRT,1979,0.3901,0,0,0.095,0,NA,1,0,0,0,1,0
Mauritania,MRT,1980,0.3901,0,0,0.095,0,NA,1,0,0,0,1,0
Mauritania,MRT,1981,0.395575,0,0,0.095,0,NA,1,0,0,0,1,0
Mauritania,MRT,1982,0.395575,0,0,0.095,0,NA,1,0,0,0,1,0
Mauritania,MRT,1983,0.395575,0,0,0.095,0,NA,1,0,0,0,1,0
Mauritania,MRT,1984,0.395575,0,0,0.101,0,NA,1,0,0,0,1,0
Mauritania,MRT,1985,0.341075,0,0,0.101,0,NA,1,0,0,0,1,0
Mauritania,MRT,1986,0.341075,0,0,0.101,0,NA,1,0,0,0,1,0
Mauritania,MRT,1987,0.341075,0,0,0.108,0,NA,1,0,0,0,1,0
Mauritania,MRT,1988,0.341075,0,0,0.108,0,NA,1,0,0,0,1,0
Mauritania,MRT,1989,0.341075,0,0,0.11,0,NA,1,0,0,0,1,0
Mauritania,MRT,1990,0.341075,0,0,0.115,0,NA,1,0,0,0,1,0
Mauritania,MRT,1991,0.341075,0,0,0.13,0,NA,1,0,0,0,1,0
Mauritania,MRT,1992,0.386475,0,0,0.268,0,NA,1,0,0,0,1,0
Mauritania,MRT,1993,0.392275,0,0,0.296,0,NA,1,0,0,0,1,0
Mauritania,MRT,1994,0.392275,0,0,0.305,0,NA,1,0,0,0,1,0
Mauritania,MRT,1995,0.392275,0,0,0.307,0,NA,1,0,0,0,1,0
Mauritania,MRT,1996,0.398275,0,0,0.307,0,NA,1,0,0,0,1,0
Mauritania,MRT,1997,0.398275,0,0,0.3,0,NA,1,0,0,0,1,0
Mauritania,MRT,1998,0.398275,0,0,0.3,0,NA,1,0,0,0,1,0
Mauritania,MRT,1999,0.398275,0,0,0.3,0,NA,1,0,0,0,1,0
Mauritania,MRT,2000,0.414375,0,0,0.307,0,NA,1,0,0,0,1,0
Mauritania,MRT,2001,0.414375,0,0,0.313,0,NA,1,0,0,0,1,0
Mauritania,MRT,2002,0.422425,0,0,0.314,0,NA,1,0,0,0,1,0
Mauritania,MRT,2003,0.412125,0,0,0.31,0,NA,1,0,0,0,1,0
Mauritania,MRT,2004,0.412125,0,0,0.316,0,NA,1,0,0,0,1,0
Mauritania,MRT,2005,0.438325,0,0,0.292,0,NA,1,0,0,0,1,0
Mauritania,MRT,2006,0.4875,0,0,0.249,0,NA,1,0,0,0,1,0
Mauritania,MRT,2007,0.502525,0,0,0.452,0,NA,1,0,0,0,1,0
Mauritania,MRT,2008,0.501475,0,0,0.393,0,NA,1,0,0,0,1,0
Mauritania,MRT,2009,0.4891,0,0,0.363,0,NA,1,0,0,0,1,0
Mauritania,MRT,2010,0.4891,0,0,0.467,0,NA,1,0,0,0,1,0
Mauritania,MRT,2011,0.4891,0,0,0.467,0,NA,1,0,0,0,1,0
Mauritania,MRT,2012,0.4891,0,0,0.47,0,NA,1,0,0,0,1,0
Mauritania,MRT,2013,0.3643,0,0,0.417,0,NA,1,0,0,0,1,0
Mauritania,MRT,2014,0.3643,0,0,0.424,0,NA,1,0,0,0,1,0
Mauritania,MRT,2015,0.361675,0,0,0.43,0,NA,1,0,0,0,1,0
Mauritania,MRT,2016,0.361675,0,0,0.43,0,NA,1,0,0,0,1,0
Mauritania,MRT,2017,0.380475,0,0,0.39,0,NA,1,0,0,0,1,0
Mauritania,MRT,2018,0.407275,0,0,0.388,0,NA,1,0,0,0,1,0
Mauritania,MRT,2019,0.43345,0,0,0.404,0,NA,1,0,0,0,1,0
Mauritania,MRT,2020,0.402875,0,0,0.392,0,NA,1,0,0,0,1,0
Mauritania,MRT,2021,0.386375,0,0,0.394,0,NA,1,0,0,0,1,0
Mauritania,MRT,2022,0.3681,0,0,0.397,0,NA,1,0,0,0,1,0
Mauritania,MRT,2023,0.396675,0,0,0.366,0,NA,1,0,0,0,1,0
Mauritania,MRT,2024,0.23115,0,0,0.333,0,NA,1,0,0,0,1,0
Canada,CAN,1940,0.80595,0,0.6931471805599453,0.663,NA,NA,0,1,0,0,0,0
Canada,CAN,1941,0.81235,0,0.6931471805599453,0.654,NA,NA,0,1,0,0,0,0
Canada,CAN,1942,0.81235,0,0.6931471805599453,0.654,NA,NA,0,1,0,0,0,0
Canada,CAN,1943,0.81235,0,0.6931471805599453,0.654,NA,NA,0,1,0,0,0,0
Canada,CAN,1944,0.81235,0,0.6931471805599453,0.649,NA,NA,0,1,0,0,0,0
Canada,CAN,1945,0.81235,0,0.6931471805599453,0.653,NA,NA,0,1,0,0,0,0
Canada,CAN,1946,0.81235,0,0.6931471805599453,0.72,NA,NA,0,1,0,0,0,0
Canada,CAN,1947,0.81235,0,0.6931471805599453,0.72,NA,NA,0,1,0,0,0,0
Canada,CAN,1948,0.81235,0,0.6931471805599453,0.72,NA,NA,0,1,0,0,0,0
Canada,CAN,1949,0.81495,0,0.6931471805599453,0.723,NA,NA,0,1,0,0,0,0
Canada,CAN,1950,0.83035,0,0.6931471805599453,0.748,NA,NA,0,1,0,0,0,0
Canada,CAN,1951,0.83035,0,0.6931471805599453,0.748,NA,NA,0,1,0,0,0,0
Canada,CAN,1952,0.83035,0,0.6931471805599453,0.748,NA,NA,0,1,0,0,0,0
Canada,CAN,1953,0.83035,0,0.6931471805599453,0.749,NA,NA,0,1,0,0,0,0
Canada,CAN,1954,0.83035,0,0.6931471805599453,0.752,NA,NA,0,1,0,0,0,0
Canada,CAN,1955,0.83035,0,0.6931471805599453,0.752,NA,NA,0,1,0,0,0,0
Canada,CAN,1956,0.83035,0,0.6931471805599453,0.752,NA,NA,0,1,0,0,0,0
Canada,CAN,1957,0.83035,0,0.6931471805599453,0.753,NA,NA,0,1,0,0,0,0
Canada,CAN,1958,0.83035,0,0.6931471805599453,0.754,NA,NA,0,1,0,0,0,0
Canada,CAN,1959,0.83035,0,0.6931471805599453,0.754,NA,NA,0,1,0,0,0,0
Canada,CAN,1960,0.8516,0,0.6931471805599453,0.777,NA,NA,0,1,0,0,0,0
Canada,CAN,1961,0.855,0,0.6931471805599453,0.799,NA,NA,0,1,0,0,0,0
Canada,CAN,1962,0.855,0,0.6931471805599453,0.813,NA,NA,0,1,0,0,0,0
Canada,CAN,1963,0.855,0,0.6931471805599453,0.821,NA,NA,0,1,0,0,0,0
Canada,CAN,1964,0.855,0,0.6931471805599453,0.821,NA,NA,0,1,0,0,0,0
Canada,CAN,1965,0.855,0,0.6931471805599453,0.821,NA,NA,0,1,0,0,0,0
Canada,CAN,1966,0.871075,0,0.6931471805599453,0.816,NA,NA,0,1,0,0,0,0
Canada,CAN,1967,0.872075,0,0.6931471805599453,0.816,NA,NA,0,1,0,0,0,0
Canada,CAN,1968,0.872075,0,0.6931471805599453,0.814,NA,NA,0,1,0,0,0,0
Canada,CAN,1969,0.869875,0,0.6931471805599453,0.812,NA,NA,0,1,0,0,0,0
Canada,CAN,1970,0.866075,0,0.6931471805599453,0.823,NA,NA,0,1,0,0,0,0
Canada,CAN,1971,0.873775,0,0.6931471805599453,0.825,NA,NA,0,1,0,0,0,0
Canada,CAN,1972,0.873775,0,0.6931471805599453,0.827,NA,NA,0,1,0,0,0,0
Canada,CAN,1973,0.873375,0,0.6931471805599453,0.834,NA,NA,0,1,0,0,0,0
Canada,CAN,1974,0.873375,0,0.6931471805599453,0.826,NA,NA,0,1,0,0,0,0
Canada,CAN,1975,0.873375,0,0.6931471805599453,0.826,NA,NA,0,1,0,0,0,0
Canada,CAN,1976,0.880975,0,0.6931471805599453,0.826,NA,NA,0,1,0,0,0,0
Canada,CAN,1977,0.880975,0,0.6931471805599453,0.826,NA,NA,0,1,0,0,0,0
Canada,CAN,1978,0.880975,0,0.6931471805599453,0.826,NA,NA,0,1,0,0,0,0
Canada,CAN,1979,0.880975,0,0.6931471805599453,0.828,NA,NA,0,1,0,0,0,0
Canada,CAN,1980,0.883375,0,0.6931471805599453,0.829,NA,NA,0,1,0,0,0,0
Canada,CAN,1981,0.883375,0,0.6931471805599453,0.829,NA,NA,0,1,0,0,0,0
Canada,CAN,1982,0.8826,0,0.6931471805599453,0.829,NA,NA,0,1,0,0,0,0
Canada,CAN,1983,0.9041,0,0.6931471805599453,0.829,NA,NA,0,1,0,0,0,0
Canada,CAN,1984,0.9041,0,0.6931471805599453,0.837,NA,NA,0,1,0,0,0,0
Canada,CAN,1985,0.9073,0,0.6931471805599453,0.835,NA,NA,0,1,0,0,0,0
Canada,CAN,1986,0.9073,0,0.6931471805599453,0.835,NA,NA,0,1,0,0,0,0
Canada,CAN,1987,0.9077,0,0.6931471805599453,0.835,NA,NA,0,1,0,0,0,0
Canada,CAN,1988,0.9077,0,0.6931471805599453,0.835,NA,NA,0,1,0,0,0,0
Canada,CAN,1989,0.9067,0,0.6931471805599453,0.837,NA,NA,0,1,0,0,0,0
Canada,CAN,1990,0.9073,0,0.6931471805599453,0.837,NA,NA,0,1,0,0,0,0
Canada,CAN,1991,0.9073,0,0.6931471805599453,0.837,NA,NA,0,1,0,0,0,0
Canada,CAN,1992,0.9073,0,0.6931471805599453,0.832,NA,NA,0,1,0,0,0,0
Canada,CAN,1993,0.9073,0,0.6931471805599453,0.832,NA,NA,0,1,0,0,0,0
Canada,CAN,1994,0.9055,0,0.6931471805599453,0.841,NA,NA,0,1,0,0,0,0
Canada,CAN,1995,0.9055,0,0.6931471805599453,0.841,NA,NA,0,1,0,0,0,0
Canada,CAN,1996,0.9055,0,0.6931471805599453,0.847,NA,NA,0,1,0,0,0,0
Canada,CAN,1997,0.9055,0,0.6931471805599453,0.844,NA,NA,0,1,0,0,0,0
Canada,CAN,1998,0.9055,0,0.6931471805599453,0.842,NA,NA,0,1,0,0,0,0
Canada,CAN,1999,0.9055,0,0.6931471805599453,0.842,NA,NA,0,1,0,0,0,0
Canada,CAN,2000,0.9055,0,0.6931471805599453,0.843,NA,NA,0,1,0,0,0,0
Canada,CAN,2001,0.9055,0,0.6931471805599453,0.838,NA,NA,0,1,0,0,0,0
Canada,CAN,2002,0.9055,0,0.6931471805599453,0.831,NA,NA,0,1,0,0,0,0
Canada,CAN,2003,0.9055,0,0.6931471805599453,0.831,NA,NA,0,1,0,0,0,0
Canada,CAN,2004,0.9055,0,0.6931471805599453,0.83,NA,NA,0,1,0,0,0,0
Canada,CAN,2005,0.9055,0,0.6931471805599453,0.829,NA,NA,0,1,0,0,0,0
Canada,CAN,2006,0.9055,0,0.6931471805599453,0.834,NA,NA,0,1,0,0,0,0
Canada,CAN,2007,0.9089,0,0.6931471805599453,0.834,NA,NA,0,1,0,0,0,0
Canada,CAN,2008,0.9087,0,0.6931471805599453,0.832,NA,NA,0,1,0,0,0,0
Canada,CAN,2009,0.9087,0,0.6931471805599453,0.833,NA,NA,0,1,0,0,0,0
Canada,CAN,2010,0.9089,0,0.6931471805599453,0.833,NA,NA,0,1,0,0,0,0
Canada,CAN,2011,0.9089,0,0.6931471805599453,0.818,NA,NA,0,1,0,0,0,0
Canada,CAN,2012,0.9089,0,0.6931471805599453,0.814,NA,NA,0,1,0,0,0,0
Canada,CAN,2013,0.9222,0,0.6931471805599453,0.817,NA,NA,0,1,0,0,0,0
Canada,CAN,2014,0.9222,0,0.6931471805599453,0.812,NA,NA,0,1,0,0,0,0
Canada,CAN,2015,0.9228,0,0.6931471805599453,0.814,NA,NA,0,1,0,0,0,0
Canada,CAN,2016,0.92490000000000006,0,0.6931471805599453,0.837,NA,NA,0,1,0,0,0,0
Canada,CAN,2017,0.92490000000000006,0,0.6931471805599453,0.84,NA,NA,0,1,0,0,0,0
Canada,CAN,2018,0.9162,0,0.6931471805599453,0.84,NA,NA,0,1,0,0,0,0
Canada,CAN,2019,0.883175,0,0.6931471805599453,0.851,NA,NA,0,1,0,0,0,0
Canada,CAN,2020,0.873175,0,0.6931471805599453,0.849,NA,NA,0,1,0,0,0,0
Canada,CAN,2021,0.880175,0,0.6931471805599453,0.846,NA,NA,0,1,0,0,0,0
Canada,CAN,2022,0.867175,0,0.6931471805599453,0.847,NA,NA,0,1,0,0,0,0
Canada,CAN,2023,0.877175,0,0.6931471805599453,0.848,NA,NA,0,1,0,0,0,0
Canada,CAN,2024,0.8565,0,0.6931471805599453,0.842,NA,NA,0,1,0,0,0,0
Australia,AUS,1940,0.8859,0,0.6931471805599453,0.737,NA,NA,0,1,0,0,0,1
Australia,AUS,1941,0.8859,0,0.6931471805599453,0.742,NA,NA,0,1,0,0,0,1
Australia,AUS,1942,0.8859,0,0.6931471805599453,0.772,NA,NA,0,1,0,0,0,1
Australia,AUS,1943,0.8859,0,0.6931471805599453,0.772,NA,NA,0,1,0,0,0,1
Australia,AUS,1944,0.8859,0,0.6931471805599453,0.773,NA,NA,0,1,0,0,0,1
Australia,AUS,1945,0.8859,0,0.6931471805599453,0.773,NA,NA,0,1,0,0,0,1
Australia,AUS,1946,0.898025,0,0.6931471805599453,0.815,NA,NA,0,1,0,0,0,1
Australia,AUS,1947,0.897825,0,0.6931471805599453,0.82,NA,NA,0,1,0,0,0,1
Australia,AUS,1948,0.897825,0,0.6931471805599453,0.82,NA,NA,0,1,0,0,0,1
Australia,AUS,1949,0.897825,0,0.6931471805599453,0.82,NA,NA,0,1,0,0,0,1
Australia,AUS,1950,0.959025,0,0.6931471805599453,0.8,NA,NA,0,1,0,0,0,1
Australia,AUS,1951,0.959025,0,0.6931471805599453,0.799,NA,NA,0,1,0,0,0,1
Australia,AUS,1952,0.959025,0,0.6931471805599453,0.809,NA,NA,0,1,0,0,0,1
Australia,AUS,1953,0.959025,0,0.6931471805599453,0.818,NA,NA,0,1,0,0,0,1
Australia,AUS,1954,0.959025,0,0.6931471805599453,0.825,NA,NA,0,1,0,0,0,1
Australia,AUS,1955,0.959025,0,0.6931471805599453,0.83,NA,NA,0,1,0,0,0,1
Australia,AUS,1956,0.959025,0,0.6931471805599453,0.833,NA,NA,0,1,0,0,0,1
Australia,AUS,1957,0.959025,0,0.6931471805599453,0.833,NA,NA,0,1,0,0,0,1
Australia,AUS,1958,0.959025,0,0.6931471805599453,0.833,NA,NA,0,1,0,0,0,1
Australia,AUS,1959,0.959025,0,0.6931471805599453,0.835,NA,NA,0,1,0,0,0,1
Australia,AUS,1960,0.959025,0,0.6931471805599453,0.836,NA,NA,0,1,0,0,0,1
Australia,AUS,1961,0.959025,0,0.6931471805599453,0.836,NA,NA,0,1,0,0,0,1
Australia,AUS,1962,0.959025,0,0.6931471805599453,0.834,NA,NA,0,1,0,0,0,1
Australia,AUS,1963,0.959025,0,0.6931471805599453,0.843,NA,NA,0,1,0,0,0,1
Australia,AUS,1964,0.959025,0,0.6931471805599453,0.841,NA,NA,0,1,0,0,0,1
Australia,AUS,1965,0.959025,0,0.6931471805599453,0.841,NA,NA,0,1,0,0,0,1
Australia,AUS,1966,0.959025,0,0.6931471805599453,0.841,NA,NA,0,1,0,0,0,1
Australia,AUS,1967,0.959025,0,0.6931471805599453,0.847,NA,NA,0,1,0,0,0,1
Australia,AUS,1968,0.959025,0,0.6931471805599453,0.847,NA,NA,0,1,0,0,0,1
Australia,AUS,1969,0.959025,0,0.6931471805599453,0.847,NA,NA,0,1,0,0,0,1
Australia,AUS,1970,0.959025,0,0.6931471805599453,0.858,NA,NA,0,1,0,0,0,1
Australia,AUS,1971,0.959025,0,0.6931471805599453,0.858,NA,NA,0,1,0,0,0,1
Australia,AUS,1972,0.959025,0,0.6931471805599453,0.859,NA,NA,0,1,0,0,0,1
Australia,AUS,1973,0.959025,0,0.6931471805599453,0.874,NA,NA,0,1,0,0,0,1
Australia,AUS,1974,0.959025,0,0.6931471805599453,0.871,NA,NA,0,1,0,0,0,1
Australia,AUS,1975,0.962425,0,0.6931471805599453,0.869,NA,NA,0,1,0,0,0,1
Australia,AUS,1976,0.962425,0,0.6931471805599453,0.865,NA,NA,0,1,0,0,0,1
Australia,AUS,1977,0.962425,0,0.6931471805599453,0.865,NA,NA,0,1,0,0,0,1
Australia,AUS,1978,0.962425,0,0.6931471805599453,0.868,NA,NA,0,1,0,0,0,1
Australia,AUS,1979,0.962425,0,0.6931471805599453,0.868,NA,NA,0,1,0,0,0,1
Australia,AUS,1980,0.962825,0,0.6931471805599453,0.876,NA,NA,0,1,0,0,0,1
Australia,AUS,1981,0.962825,0,0.6931471805599453,0.877,NA,NA,0,1,0,0,0,1
Australia,AUS,1982,0.962825,0,0.6931471805599453,0.877,NA,NA,0,1,0,0,0,1
Australia,AUS,1983,0.962825,0,0.6931471805599453,0.873,NA,NA,0,1,0,0,0,1
Australia,AUS,1984,0.962825,0,0.6931471805599453,0.879,NA,NA,0,1,0,0,0,1
Australia,AUS,1985,0.962825,0,0.6931471805599453,0.886,NA,NA,0,1,0,0,0,1
Australia,AUS,1986,0.962825,0,0.6931471805599453,0.886,NA,NA,0,1,0,0,0,1
Australia,AUS,1987,0.962825,0,0.6931471805599453,0.885,NA,NA,0,1,0,0,0,1
Australia,AUS,1988,0.962825,0,0.6931471805599453,0.884,NA,NA,0,1,0,0,0,1
Australia,AUS,1989,0.962825,0,0.6931471805599453,0.884,NA,NA,0,1,0,0,0,1
Australia,AUS,1990,0.962825,0,0.6931471805599453,0.89,NA,NA,0,1,0,0,0,1
Australia,AUS,1991,0.962825,0,0.6931471805599453,0.891,NA,NA,0,1,0,0,0,1
Australia,AUS,1992,0.962825,0,0.6931471805599453,0.891,NA,NA,0,1,0,0,0,1
Australia,AUS,1993,0.962825,0,0.6931471805599453,0.889,NA,NA,0,1,0,0,0,1
Australia,AUS,1994,0.962825,0,0.6931471805599453,0.889,NA,NA,0,1,0,0,0,1
Australia,AUS,1995,0.962825,0,0.6931471805599453,0.889,NA,NA,0,1,0,0,0,1
Australia,AUS,1996,0.962825,0,0.6931471805599453,0.889,NA,NA,0,1,0,0,0,1
Australia,AUS,1997,0.962825,0,0.6931471805599453,0.886,NA,NA,0,1,0,0,0,1
Australia,AUS,1998,0.962825,0,0.6931471805599453,0.885,NA,NA,0,1,0,0,0,1
Australia,AUS,1999,0.962825,0,0.6931471805599453,0.884,NA,NA,0,1,0,0,0,1
Australia,AUS,2000,0.962825,0,0.6931471805599453,0.883,NA,NA,0,1,0,0,0,1
Australia,AUS,2001,0.962825,0,0.6931471805599453,0.882,NA,NA,0,1,0,0,0,1
Australia,AUS,2002,0.962825,0,0.6931471805599453,0.876,NA,NA,0,1,0,0,0,1
Australia,AUS,2003,0.962825,0,0.6931471805599453,0.876,NA,NA,0,1,0,0,0,1
Australia,AUS,2004,0.962825,0,0.6931471805599453,0.877,NA,NA,0,1,0,0,0,1
Australia,AUS,2005,0.962825,0,0.6931471805599453,0.877,NA,NA,0,1,0,0,0,1
Australia,AUS,2006,0.962825,0,0.6931471805599453,0.877,NA,NA,0,1,0,0,0,1
Australia,AUS,2007,0.962825,0,0.6931471805599453,0.881,NA,NA,0,1,0,0,0,1
Australia,AUS,2008,0.962825,0,0.6931471805599453,0.89,NA,NA,0,1,0,0,0,1
Australia,AUS,2009,0.962825,0,0.6931471805599453,0.89,NA,NA,0,1,0,0,0,1
Australia,AUS,2010,0.957,0,0.6931471805599453,0.898,NA,NA,0,1,0,0,0,1
Australia,AUS,2011,0.957,0,0.6931471805599453,0.903,NA,NA,0,1,0,0,0,1
Australia,AUS,2012,0.957,0,0.6931471805599453,0.903,NA,NA,0,1,0,0,0,1
Australia,AUS,2013,0.943175,0,0.6931471805599453,0.863,NA,NA,0,1,0,0,0,1
Australia,AUS,2014,0.943975,0,0.6931471805599453,0.857,NA,NA,0,1,0,0,0,1
Australia,AUS,2015,0.934825,0,0.6931471805599453,0.872,NA,NA,0,1,0,0,0,1
Australia,AUS,2016,0.9439,0,0.6931471805599453,0.872,NA,NA,0,1,0,0,0,1
Australia,AUS,2017,0.942125,0,0.6931471805599453,0.868,NA,NA,0,1,0,0,0,1
Australia,AUS,2018,0.941125,0,0.6931471805599453,0.858,NA,NA,0,1,0,0,0,1
Australia,AUS,2019,0.941325,0,0.6931471805599453,0.825,NA,NA,0,1,0,0,0,1
Australia,AUS,2020,0.924525,0,0.6931471805599453,0.843,NA,NA,0,1,0,0,0,1
Australia,AUS,2021,0.937,0,0.6931471805599453,0.832,NA,NA,0,1,0,0,0,1
Australia,AUS,2022,0.9342,0,0.6931471805599453,0.851,NA,NA,0,1,0,0,0,1
Australia,AUS,2023,0.9344,0,0.6931471805599453,0.855,NA,NA,0,1,0,0,0,1
Australia,AUS,2024,0.9344,0,0.6931471805599453,0.857,NA,NA,0,1,0,0,0,1
Botswana,BWA,1940,0.6332,0,0,0.033,0,NA,1,0,0,0,1,0
Botswana,BWA,1941,0.646275,0,0,0.033,0,NA,1,0,0,0,1,0
Botswana,BWA,1942,0.646275,0,0,0.033,0,NA,1,0,0,0,1,0
Botswana,BWA,1943,0.646275,0,0,0.031,0,NA,1,0,0,0,1,0
Botswana,BWA,1944,0.646275,0,0,0.031,0,NA,1,0,0,0,1,0
Botswana,BWA,1945,0.646275,0,0,0.031,0,NA,1,0,0,0,1,0
Botswana,BWA,1946,0.683475,0,0,0.033,0,NA,1,0,0,0,1,0
Botswana,BWA,1947,0.683475,0,0,0.033,0,NA,1,0,0,0,1,0
Botswana,BWA,1948,0.683475,0,0,0.033,0,NA,1,0,0,0,1,0
Botswana,BWA,1949,0.683475,0,0,0.034,0,NA,1,0,0,0,1,0
Botswana,BWA,1950,0.683475,0,0,0.034,0,NA,1,0,0,0,1,0
Botswana,BWA,1951,0.683475,0,0,0.036,0,NA,1,0,0,0,1,0
Botswana,BWA,1952,0.683475,0,0,0.036,0,NA,1,0,0,0,1,0
Botswana,BWA,1953,0.683475,0,0,0.036,0,NA,1,0,0,0,1,0
Botswana,BWA,1954,0.683475,0,0,0.036,0,NA,1,0,0,0,1,0
Botswana,BWA,1955,0.683475,0,0,0.036,0,NA,1,0,0,0,1,0
Botswana,BWA,1956,0.683475,0,0,0.036,0,NA,1,0,0,0,1,0
Botswana,BWA,1957,0.683475,0,0,0.043,0,NA,1,0,0,0,1,0
Botswana,BWA,1958,0.683475,0,0,0.043,0,NA,1,0,0,0,1,0
Botswana,BWA,1959,0.683475,0,0,0.055,0,NA,1,0,0,0,1,0
Botswana,BWA,1960,0.682275,0,0,0.078,0,NA,1,0,0,0,1,0
Botswana,BWA,1961,0.69385,0,0,0.183,0,NA,1,0,0,0,1,0
Botswana,BWA,1962,0.69385,0,0,0.219,0,NA,1,0,0,0,1,0
Botswana,BWA,1963,0.69385,0,0,0.219,0,NA,1,0,0,0,1,0
Botswana,BWA,1964,0.69385,0,0,0.219,0,NA,1,0,0,0,1,0
Botswana,BWA,1965,0.69385,0,0,0.273,0,NA,1,0,0,0,1,0
Botswana,BWA,1966,0.78325,0,0,0.405,0,NA,1,0,0,0,1,0
Botswana,BWA,1967,0.78605,1,0.6931471805599453,0.596,4.204692619390966,NA,1,0,0,0,1,0
Botswana,BWA,1968,0.78605,0,0.6931471805599453,0.596,4.219507705176107,NA,1,0,0,0,1,0
Botswana,BWA,1969,0.78605,0,0.6931471805599453,0.603,4.23410650459726,NA,1,0,0,0,1,0
Botswana,BWA,1970,0.78605,0,0.6931471805599453,0.628,4.248495242049359,NA,1,0,0,0,1,0
Botswana,BWA,1971,0.78905,0,0.6931471805599453,0.628,4.2626798770413155,NA,1,0,0,0,1,0
Botswana,BWA,1972,0.78905,0,0.6931471805599453,0.628,4.276666119016055,NA,1,0,0,0,1,0
Botswana,BWA,1973,0.78905,0,0.6931471805599453,0.628,4.290459441148391,NA,1,0,0,0,1,0
Botswana,BWA,1974,0.78905,0,0.6931471805599453,0.629,4.304065093204169,NA,1,0,0,0,1,0
Botswana,BWA,1975,0.78905,0,0.6931471805599453,0.627,4.31748811353631,NA,1,0,0,0,1,0
Botswana,BWA,1976,0.78905,0,0.6931471805599453,0.625,4.330733340286331,NA,1,0,0,0,1,0
Botswana,BWA,1977,0.78905,0,0.6931471805599453,0.625,4.343805421853684,NA,1,0,0,0,1,0
Botswana,BWA,1978,0.78905,0,0.6931471805599453,0.625,4.356708826689592,NA,1,0,0,0,1,0
Botswana,BWA,1979,0.78905,0,0.6931471805599453,0.626,4.3694478524670215,NA,1,0,0,0,1,0
Botswana,BWA,1980,0.78905,0,0.6931471805599453,0.631,4.382026634673881,NA,1,0,0,0,1,0
Botswana,BWA,1981,0.79025,0,0.6931471805599453,0.632,4.394449154672439,NA,1,0,0,0,1,0
Botswana,BWA,1982,0.79025,0,0.6931471805599453,0.641,4.406719247264253,NA,1,0,0,0,1,0
Botswana,BWA,1983,0.79025,0,0.6931471805599453,0.641,4.418840607796598,NA,1,0,0,0,1,0
Botswana,BWA,1984,0.79025,0,0.6931471805599453,0.655,4.430816798843313,NA,1,0,0,0,1,0
Botswana,BWA,1985,0.79025,0,0.6931471805599453,0.661,4.442651256490317,NA,1,0,0,0,1,0
Botswana,BWA,1986,0.79105,0,0.6931471805599453,0.661,4.454347296253507,NA,1,0,0,0,1,0
Botswana,BWA,1987,0.79105,0,0.6931471805599453,0.661,4.465908118654584,NA,1,0,0,0,1,0
Botswana,BWA,1988,0.79105,0,0.6931471805599453,0.666,4.477336814478207,NA,1,0,0,0,1,0
Botswana,BWA,1989,0.79105,0,0.6931471805599453,0.666,4.48863636973214,NA,1,0,0,0,1,0
Botswana,BWA,1990,0.79105,0,0.6931471805599453,0.687,4.499809670330265,NA,1,0,0,0,1,0
Botswana,BWA,1991,0.79105,0,0.6931471805599453,0.687,4.51085950651685,NA,1,0,0,0,1,0
Botswana,BWA,1992,0.79105,0,0.6931471805599453,0.687,4.5217885770490405,NA,1,0,0,0,1,0
Botswana,BWA,1993,0.79105,0,0.6931471805599453,0.687,4.532599493153256,NA,1,0,0,0,1,0
Botswana,BWA,1994,0.79105,0,0.6931471805599453,0.679,4.543294782270004,NA,1,0,0,0,1,0
Botswana,BWA,1995,0.80505,0,0.6931471805599453,0.683,4.553876891600541,NA,1,0,0,0,1,0
Botswana,BWA,1996,0.80505,0,0.6931471805599453,0.683,4.564348191467836,NA,1,0,0,0,1,0
Botswana,BWA,1997,0.80505,0,0.6931471805599453,0.7,4.574710978503383,NA,1,0,0,0,1,0
Botswana,BWA,1998,0.80785,0,0.6931471805599453,0.705,4.584967478670572,NA,1,0,0,0,1,0
Botswana,BWA,1999,0.83175,0,0.6931471805599453,0.702,4.584967478670572,NA,1,0,0,0,1,0
Botswana,BWA,2000,0.83055,0,0.6931471805599453,0.701,4.59511985013459,NA,1,0,0,0,1,0
Botswana,BWA,2001,0.83055,0,0.6931471805599453,0.701,4.605170185988092,NA,1,0,0,0,1,0
Botswana,BWA,2002,0.83055,0,0.6931471805599453,0.701,4.61512051684126,NA,1,0,0,0,1,0
Botswana,BWA,2003,0.83055,0,0.6931471805599453,0.701,4.624972813284271,NA,1,0,0,0,1,0
Botswana,BWA,2004,0.83055,0,0.6931471805599453,0.71,4.634728988229636,NA,1,0,0,0,1,0
Botswana,BWA,2005,0.83055,0,0.6931471805599453,0.717,4.6443908991413725,NA,1,0,0,0,1,0
Botswana,BWA,2006,0.83055,0,0.6931471805599453,0.71,4.653960350157523,NA,1,0,0,0,1,0
Botswana,BWA,2007,0.8257,0,0.6931471805599453,0.714,4.663439094112067,NA,1,0,0,0,1,0
Botswana,BWA,2008,0.8225,0,0.6931471805599453,0.713,4.672828834461906,NA,1,0,0,0,1,0
Botswana,BWA,2009,0.814925,0,0.6931471805599453,0.713,4.68213122712422,NA,1,0,0,0,1,0
Botswana,BWA,2010,0.82905,0,0.6931471805599453,0.717,4.6913478822291435,NA,1,0,0,0,1,0
Botswana,BWA,2011,0.82905,0,0.6931471805599453,0.715,4.700480365792417,NA,1,0,0,0,1,0
Botswana,BWA,2012,0.82545,0,0.6931471805599453,0.715,4.709530201312334,NA,1,0,0,0,1,0
Botswana,BWA,2013,0.816225,0,0.6931471805599453,0.71,4.718498871295094,NA,1,0,0,0,1,0
Botswana,BWA,2014,0.81035,0,0.6931471805599453,0.707,4.727387818712341,NA,1,0,0,0,1,0
Botswana,BWA,2015,0.806575,0,0.6931471805599453,0.69,4.736198448394496,NA,1,0,0,0,1,0
Botswana,BWA,2016,0.806575,0,0.6931471805599453,0.69,4.74493212836325,NA,1,0,0,0,1,0
Botswana,BWA,2017,0.792875,0,0.6931471805599453,0.676,4.7535901911063645,NA,1,0,0,0,1,0
Botswana,BWA,2018,0.798425,0,0.6931471805599453,0.673,4.762173934797756,NA,1,0,0,0,1,0
Botswana,BWA,2019,0.80805,0,0.6931471805599453,0.654,4.770684624465665,NA,1,0,0,0,1,0
Botswana,BWA,2020,0.831575,0,0.6931471805599453,0.586,4.77912349311153,NA,1,0,0,0,1,0
Botswana,BWA,2021,0.77295,0,0.6931471805599453,0.59,4.77912349311153,NA,1,0,0,0,1,0
Botswana,BWA,2022,0.728725,0,0.6931471805599453,0.569,4.787491742782046,NA,1,0,0,0,1,0
Botswana,BWA,2023,0.70195,0,0.6931471805599453,0.556,4.795790545596741,NA,1,0,0,0,1,0
Botswana,BWA,2024,0.72985,0,0.6931471805599453,0.594,4.804021044733257,NA,1,0,0,0,1,0
Burundi,BDI,1940,0.33275,0,0,0.023,0,NA,1,0,0,0,1,0
Burundi,BDI,1941,0.33275,0,0,0.023,0,NA,1,0,0,0,1,0
Burundi,BDI,1942,0.33275,0,0,0.023,0,NA,1,0,0,0,1,0
Burundi,BDI,1943,0.33275,0,0,0.023,0,NA,1,0,0,0,1,0
Burundi,BDI,1944,0.33275,0,0,0.023,0,NA,1,0,0,0,1,0
Burundi,BDI,1945,0.33275,0,0,0.023,0,NA,1,0,0,0,1,0
Burundi,BDI,1946,0.33275,0,0,0.023,0,NA,1,0,0,0,1,0
Burundi,BDI,1947,0.33215,0,0,0.023,0,NA,1,0,0,0,1,0
Burundi,BDI,1948,0.33215,0,0,0.023,0,NA,1,0,0,0,1,0
Burundi,BDI,1949,0.33215,0,0,0.023,0,NA,1,0,0,0,1,0
Burundi,BDI,1950,0.33215,0,0,0.023,0,NA,1,0,0,0,1,0
Burundi,BDI,1951,0.33475,0,0,0.023,0,NA,1,0,0,0,1,0
Burundi,BDI,1952,0.33475,0,0,0.023,0,NA,1,0,0,0,1,0
Burundi,BDI,1953,0.33475,0,0,0.038,0,NA,1,0,0,0,1,0
Burundi,BDI,1954,0.33475,0,0,0.038,0,NA,1,0,0,0,1,0
Burundi,BDI,1955,0.33475,0,0,0.038,0,NA,1,0,0,0,1,0
Burundi,BDI,1956,0.33475,0,0,0.038,0,NA,1,0,0,0,1,0
Burundi,BDI,1957,0.33475,0,0,0.045,0,NA,1,0,0,0,1,0
Burundi,BDI,1958,0.33475,0,0,0.052,0,NA,1,0,0,0,1,0
Burundi,BDI,1959,0.33475,0,0,0.063,0,NA,1,0,0,0,1,0
Burundi,BDI,1960,0.33475,0,0,0.108,0,NA,1,0,0,0,1,0
Burundi,BDI,1961,0.33315,0,0,0.126,0,NA,1,0,0,0,1,0
Burundi,BDI,1962,0.3759,0,0,0.187,0,NA,1,0,0,0,1,0
Burundi,BDI,1963,0.366575,0,0,0.192,0,NA,1,0,0,0,1,0
Burundi,BDI,1964,0.364975,0,0,0.192,0,NA,1,0,0,0,1,0
Burundi,BDI,1965,0.364975,0,0,0.18,0,NA,1,0,0,0,1,0
Burundi,BDI,1966,0.371175,0,0,0.124,0,NA,1,0,0,0,1,0
Burundi,BDI,1967,0.371175,0,0,0.085,0,NA,1,0,0,0,1,0
Burundi,BDI,1968,0.371175,0,0,0.085,0,NA,1,0,0,0,1,0
Burundi,BDI,1969,0.371175,0,0,0.084,0,NA,1,0,0,0,1,0
Burundi,BDI,1970,0.3871,0,0,0.083,0,NA,1,0,0,0,1,0
Burundi,BDI,1971,0.3871,0,0,0.083,0,NA,1,0,0,0,1,0
Burundi,BDI,1972,0.370075,0,0,0.083,0,NA,1,0,0,0,1,0
Burundi,BDI,1973,0.370075,0,0,0.083,0,NA,1,0,0,0,1,0
Burundi,BDI,1974,0.370075,0,0,0.083,0,NA,1,0,0,0,1,0
Burundi,BDI,1975,0.370075,0,0,0.083,0,NA,1,0,0,0,1,0
Burundi,BDI,1976,0.488925,0,0,0.08,0,NA,1,0,0,0,1,0
Burundi,BDI,1977,0.50655,0,0,0.081,0,NA,1,0,0,0,1,0
Burundi,BDI,1978,0.50855,0,0,0.081,0,NA,1,0,0,0,1,0
Burundi,BDI,1979,0.50855,0,0,0.083,0,NA,1,0,0,0,1,0
Burundi,BDI,1980,0.50855,0,0,0.084,0,NA,1,0,0,0,1,0
Burundi,BDI,1981,0.50855,0,0,0.09,0,NA,1,0,0,0,1,0
Burundi,BDI,1982,0.50855,0,0,0.137,0,NA,1,0,0,0,1,0
Burundi,BDI,1983,0.52575,0,0,0.138,0,NA,1,0,0,0,1,0
Burundi,BDI,1984,0.52575,0,0,0.137,0,NA,1,0,0,0,1,0
Burundi,BDI,1985,0.52575,0,0,0.193,0,NA,1,0,0,0,1,0
Burundi,BDI,1986,0.52575,0,0,0.193,0,NA,1,0,0,0,1,0
Burundi,BDI,1987,0.542825,0,0,0.159,0,NA,1,0,0,0,1,0
Burundi,BDI,1988,0.540675,0,0,0.088,0,NA,1,0,0,0,1,0
Burundi,BDI,1989,0.540675,0,0,0.089,0,NA,1,0,0,0,1,0
Burundi,BDI,1990,0.543975,0,0,0.089,0,NA,1,0,0,0,1,0
Burundi,BDI,1991,0.543975,0,0,0.089,0,NA,1,0,0,0,1,0
Burundi,BDI,1992,0.515775,0,0,0.165,0,NA,1,0,0,0,1,0
Burundi,BDI,1993,0.484775,0,0,0.275,0,NA,1,0,0,0,1,0
Burundi,BDI,1994,0.467575,0,0,0.238,0,NA,1,0,0,0,1,0
Burundi,BDI,1995,0.467575,0,0,0.254,0,NA,1,0,0,0,1,0
Burundi,BDI,1996,0.467575,0,0,0.225,0,NA,1,0,0,0,1,0
Burundi,BDI,1997,0.467575,0,0,0.188,0,NA,1,0,0,0,1,0
Burundi,BDI,1998,0.467575,0,0,0.184,0,NA,1,0,0,0,1,0
Burundi,BDI,1999,0.467575,0,0,0.186,0,NA,1,0,0,0,1,0
Burundi,BDI,2000,0.466775,0,0,0.185,0,NA,1,0,0,0,1,0
Burundi,BDI,2001,0.466775,0,0,0.188,0,NA,1,0,0,0,1,0
Burundi,BDI,2002,0.466775,0,0,0.202,0,NA,1,0,0,0,1,0
Burundi,BDI,2003,0.466775,0,0,0.208,0,NA,1,0,0,0,1,0
Burundi,BDI,2004,0.463175,0,0,0.209,0,NA,1,0,0,0,1,0
Burundi,BDI,2005,0.297825,0,0,0.299,0,NA,1,0,0,0,1,0
Burundi,BDI,2006,0.274925,0,0,0.415,0,NA,1,0,0,0,1,0
Burundi,BDI,2007,0.267275,0,0,0.412,0,NA,1,0,0,0,1,0
Burundi,BDI,2008,0.270775,0,0,0.404,0,NA,1,0,0,0,1,0
Burundi,BDI,2009,0.269975,0,0,0.394,0,NA,1,0,0,0,1,0
Burundi,BDI,2010,0.25575,0,0,0.321,0,NA,1,0,0,0,1,0
Burundi,BDI,2011,0.260275,0,0,0.285,0,NA,1,0,0,0,1,0
Burundi,BDI,2012,0.259875,0,0,0.285,0,NA,1,0,0,0,1,0
Burundi,BDI,2013,0.232225,0,0,0.279,0,NA,1,0,0,0,1,0
Burundi,BDI,2014,0.220875,0,0,0.271,0,NA,1,0,0,0,1,0
Burundi,BDI,2015,0.201075,0,0,0.197,0,NA,1,0,0,0,1,0
Burundi,BDI,2016,0.163525,0,0,0.165,0,NA,1,0,0,0,1,0
Burundi,BDI,2017,0.18275,0,0,0.157,0,NA,1,0,0,0,1,0
Burundi,BDI,2018,0.1399,0,0,0.157,0,NA,1,0,0,0,1,0
Burundi,BDI,2019,0.211525,0,0,0.158,0,NA,1,0,0,0,1,0
Burundi,BDI,2020,0.2242,0,0,0.168,0,NA,1,0,0,0,1,0
Burundi,BDI,2021,0.269,0,0,0.181,0,NA,1,0,0,0,1,0
Burundi,BDI,2022,0.315775,0,0,0.19,0,NA,1,0,0,0,1,0
Burundi,BDI,2023,0.2661,0,0,0.187,0,NA,1,0,0,0,1,0
Burundi,BDI,2024,0.283025,0,0,0.175,0,NA,1,0,0,0,1,0
Cape Verde,CPV,1940,0.20225,0,0,0.016,0,NA,1,0,0,0,1,0
Cape Verde,CPV,1941,0.20225,0,0,0.016,0,NA,1,0,0,0,1,0
Cape Verde,CPV,1942,0.20225,0,0,0.016,0,NA,1,0,0,0,1,0
Cape Verde,CPV,1943,0.20225,0,0,0.016,0,NA,1,0,0,0,1,0
Cape Verde,CPV,1944,0.20225,0,0,0.016,0,NA,1,0,0,0,1,0
Cape Verde,CPV,1945,0.20225,0,0,0.016,0,NA,1,0,0,0,1,0
Cape Verde,CPV,1946,0.20225,0,0,0.016,0,NA,1,0,0,0,1,0
Cape Verde,CPV,1947,0.20225,0,0,0.016,0,NA,1,0,0,0,1,0
Cape Verde,CPV,1948,0.20225,0,0,0.016,0,NA,1,0,0,0,1,0
Cape Verde,CPV,1949,0.20225,0,0,0.016,0,NA,1,0,0,0,1,0
Cape Verde,CPV,1950,0.20225,0,0,0.02,0,NA,1,0,0,0,1,0
Cape Verde,CPV,1951,0.20225,0,0,0.02,0,NA,1,0,0,0,1,0
Cape Verde,CPV,1952,0.20225,0,0,0.02,0,NA,1,0,0,0,1,0
Cape Verde,CPV,1953,0.20225,0,0,0.02,0,NA,1,0,0,0,1,0
Cape Verde,CPV,1954,0.20225,0,0,0.02,0,NA,1,0,0,0,1,0
Cape Verde,CPV,1955,0.20225,0,0,0.02,0,NA,1,0,0,0,1,0
Cape Verde,CPV,1956,0.20225,0,0,0.02,0,NA,1,0,0,0,1,0
Cape Verde,CPV,1957,0.20225,0,0,0.02,0,NA,1,0,0,0,1,0
Cape Verde,CPV,1958,0.20225,0,0,0.02,0,NA,1,0,0,0,1,0
Cape Verde,CPV,1959,0.20225,0,0,0.02,0,NA,1,0,0,0,1,0
Cape Verde,CPV,1960,0.20225,0,0,0.02,0,NA,1,0,0,0,1,0
Cape Verde,CPV,1961,0.20225,0,0,0.02,0,NA,1,0,0,0,1,0
Cape Verde,CPV,1962,0.20225,0,0,0.02,0,NA,1,0,0,0,1,0
Cape Verde,CPV,1963,0.20225,0,0,0.02,0,NA,1,0,0,0,1,0
Cape Verde,CPV,1964,0.20225,0,0,0.02,0,NA,1,0,0,0,1,0
Cape Verde,CPV,1965,0.20225,0,0,0.02,0,NA,1,0,0,0,1,0
Cape Verde,CPV,1966,0.20225,0,0,0.02,0,NA,1,0,0,0,1,0
Cape Verde,CPV,1967,0.20225,0,0,0.02,0,NA,1,0,0,0,1,0
Cape Verde,CPV,1968,0.20225,0,0,0.02,0,NA,1,0,0,0,1,0
Cape Verde,CPV,1969,0.20225,0,0,0.02,0,NA,1,0,0,0,1,0
Cape Verde,CPV,1970,0.20465,0,0,0.02,0,NA,1,0,0,0,1,0
Cape Verde,CPV,1971,0.20465,0,0,0.023,0,NA,1,0,0,0,1,0
Cape Verde,CPV,1972,0.20465,0,0,0.038,0,NA,1,0,0,0,1,0
Cape Verde,CPV,1973,0.20465,0,0,0.038,0,NA,1,0,0,0,1,0
Cape Verde,CPV,1974,0.20605,0,0,0.038,0,NA,1,0,0,0,1,0
Cape Verde,CPV,1975,0.4876,0,0,0.195,0,NA,1,0,0,0,1,0
Cape Verde,CPV,1976,0.674425,0,0,0.157,0,NA,1,0,0,0,1,0
Cape Verde,CPV,1977,0.674425,0,0,0.157,0,NA,1,0,0,0,1,0
Cape Verde,CPV,1978,0.674425,0,0,0.157,0,NA,1,0,0,0,1,0
Cape Verde,CPV,1979,0.674425,0,0,0.157,0,NA,1,0,0,0,1,0
Cape Verde,CPV,1980,0.674425,0,0,0.166,0,NA,1,0,0,0,1,0
Cape Verde,CPV,1981,0.674425,0,0,0.3,0,NA,1,0,0,0,1,0
Cape Verde,CPV,1982,0.674425,0,0,0.3,0,NA,1,0,0,0,1,0
Cape Verde,CPV,1983,0.674425,0,0,0.3,0,NA,1,0,0,0,1,0
Cape Verde,CPV,1984,0.674425,0,0,0.3,0,NA,1,0,0,0,1,0
Cape Verde,CPV,1985,0.674425,0,0,0.301,0,NA,1,0,0,0,1,0
Cape Verde,CPV,1986,0.674425,0,0,0.312,0,NA,1,0,0,0,1,0
Cape Verde,CPV,1987,0.674425,0,0,0.313,0,NA,1,0,0,0,1,0
Cape Verde,CPV,1988,0.707825,0,0,0.321,0,NA,1,0,0,0,1,0
Cape Verde,CPV,1989,0.707825,0,0,0.321,0,NA,1,0,0,0,1,0
Cape Verde,CPV,1990,0.718275,0,0,0.333,0,NA,1,0,0,0,1,0
Cape Verde,CPV,1991,0.746475,1,0.6931471805599453,0.663,4.48863636973214,NA,1,0,0,0,1,0
Cape Verde,CPV,1992,0.747675,0,0.6931471805599453,0.719,4.499809670330265,NA,1,0,0,0,1,0
Cape Verde,CPV,1993,0.746875,0,0.6931471805599453,0.719,4.51085950651685,NA,1,0,0,0,1,0
Cape Verde,CPV,1994,0.746875,0,0.6931471805599453,0.719,4.5217885770490405,NA,1,0,0,0,1,0
Cape Verde,CPV,1995,0.746875,0,0.6931471805599453,0.731,4.532599493153256,NA,1,0,0,0,1,0
Cape Verde,CPV,1996,0.746875,0,0.6931471805599453,0.773,4.543294782270004,NA,1,0,0,0,1,0
Cape Verde,CPV,1997,0.746875,0,0.6931471805599453,0.774,4.553876891600541,NA,1,0,0,0,1,0
Cape Verde,CPV,1998,0.746875,0,0.6931471805599453,0.774,4.564348191467836,NA,1,0,0,0,1,0
Cape Verde,CPV,1999,0.746875,0,0.6931471805599453,0.774,4.574710978503383,NA,1,0,0,0,1,0
Cape Verde,CPV,2000,0.746875,0,0.6931471805599453,0.765,4.584967478670572,NA,1,0,0,0,1,0
Cape Verde,CPV,2001,0.747475,0,0.6931471805599453,0.762,4.59511985013459,NA,1,0,0,0,1,0
Cape Verde,CPV,2002,0.747475,0,0.6931471805599453,0.769,4.605170185988092,NA,1,0,0,0,1,0
Cape Verde,CPV,2003,0.747475,0,0.6931471805599453,0.769,4.61512051684126,NA,1,0,0,0,1,0
Cape Verde,CPV,2004,0.747475,0,0.6931471805599453,0.769,4.624972813284271,NA,1,0,0,0,1,0
Cape Verde,CPV,2005,0.753675,0,0.6931471805599453,0.769,4.634728988229636,NA,1,0,0,0,1,0
Cape Verde,CPV,2006,0.753675,0,0.6931471805599453,0.778,4.6443908991413725,NA,1,0,0,0,1,0
Cape Verde,CPV,2007,0.753675,0,0.6931471805599453,0.782,4.653960350157523,NA,1,0,0,0,1,0
Cape Verde,CPV,2008,0.753675,0,0.6931471805599453,0.785,4.663439094112067,NA,1,0,0,0,1,0
Cape Verde,CPV,2009,0.753675,0,0.6931471805599453,0.785,4.672828834461906,NA,1,0,0,0,1,0
Cape Verde,CPV,2010,0.753675,0,0.6931471805599453,0.782,4.68213122712422,NA,1,0,0,0,1,0
Cape Verde,CPV,2011,0.753675,0,0.6931471805599453,0.792,4.6913478822291435,NA,1,0,0,0,1,0
Cape Verde,CPV,2012,0.753675,0,0.6931471805599453,0.793,4.700480365792417,NA,1,0,0,0,1,0
Cape Verde,CPV,2013,0.74725,0,0.6931471805599453,0.803,4.709530201312334,NA,1,0,0,0,1,0
Cape Verde,CPV,2014,0.74605,0,0.6931471805599453,0.803,4.718498871295094,NA,1,0,0,0,1,0
Cape Verde,CPV,2015,0.7414,0,0.6931471805599453,0.802,4.727387818712341,NA,1,0,0,0,1,0
Cape Verde,CPV,2016,0.743075,0,0.6931471805599453,0.803,4.736198448394496,NA,1,0,0,0,1,0
Cape Verde,CPV,2017,0.73835,0,0.6931471805599453,0.798,4.74493212836325,NA,1,0,0,0,1,0
Cape Verde,CPV,2018,0.71575,0,0.6931471805599453,0.782,4.7535901911063645,NA,1,0,0,0,1,0
Cape Verde,CPV,2019,0.71495,0,0.6931471805599453,0.79,4.762173934797756,NA,1,0,0,0,1,0
Cape Verde,CPV,2020,0.71595,0,0.6931471805599453,0.794,4.770684624465665,NA,1,0,0,0,1,0
Cape Verde,CPV,2021,0.70675,0,0.6931471805599453,0.778,4.77912349311153,NA,1,0,0,0,1,0
Cape Verde,CPV,2022,0.70375,0,0.6931471805599453,0.761,4.787491742782046,NA,1,0,0,0,1,0
Cape Verde,CPV,2023,0.695225,0,0.6931471805599453,0.757,4.795790545596741,NA,1,0,0,0,1,0
Cape Verde,CPV,2024,0.695225,0,0.6931471805599453,0.757,4.804021044733257,NA,1,0,0,0,1,0
Central African Republic,CAF,1940,0.402675,0,0,0.025,0,NA,1,0,0,0,1,0
Central African Republic,CAF,1941,0.402675,0,0,0.025,0,NA,1,0,0,0,1,0
Central African Republic,CAF,1942,0.402675,0,0,0.025,0,NA,1,0,0,0,1,0
Central African Republic,CAF,1943,0.402675,0,0,0.025,0,NA,1,0,0,0,1,0
Central African Republic,CAF,1944,0.402675,0,0,0.025,0,NA,1,0,0,0,1,0
Central African Republic,CAF,1945,0.402675,0,0,0.026,0,NA,1,0,0,0,1,0
Central African Republic,CAF,1946,0.436075,0,0,0.062,0,NA,1,0,0,0,1,0
Central African Republic,CAF,1947,0.442875,0,0,0.109,0,NA,1,0,0,0,1,0
Central African Republic,CAF,1948,0.442875,0,0,0.109,0,NA,1,0,0,0,1,0
Central African Republic,CAF,1949,0.442875,0,0,0.109,0,NA,1,0,0,0,1,0
Central African Republic,CAF,1950,0.442875,0,0,0.127,0,NA,1,0,0,0,1,0
Central African Republic,CAF,1951,0.451675,0,0,0.127,0,NA,1,0,0,0,1,0
Central African Republic,CAF,1952,0.451675,0,0,0.139,0,NA,1,0,0,0,1,0
Central African Republic,CAF,1953,0.451675,0,0,0.14,0,NA,1,0,0,0,1,0
Central African Republic,CAF,1954,0.451675,0,0,0.14,0,NA,1,0,0,0,1,0
Central African Republic,CAF,1955,0.451675,0,0,0.14,0,NA,1,0,0,0,1,0
Central African Republic,CAF,1956,0.451675,0,0,0.148,0,NA,1,0,0,0,1,0
Central African Republic,CAF,1957,0.452875,0,0,0.213,0,NA,1,0,0,0,1,0
Central African Republic,CAF,1958,0.391675,0,0,0.215,0,NA,1,0,0,0,1,0
Central African Republic,CAF,1959,0.389075,0,0,0.218,0,NA,1,0,0,0,1,0
Central African Republic,CAF,1960,0.3296,0,0,0.218,0,NA,1,0,0,0,1,0
Central African Republic,CAF,1961,0.3373,0,0,0.26,0,NA,1,0,0,0,1,0
Central African Republic,CAF,1962,0.3469,0,0,0.254,0,NA,1,0,0,0,1,0
Central African Republic,CAF,1963,0.3469,0,0,0.218,0,NA,1,0,0,0,1,0
Central African Republic,CAF,1964,0.3469,0,0,0.178,0,NA,1,0,0,0,1,0
Central African Republic,CAF,1965,0.333775,0,0,0.179,0,NA,1,0,0,0,1,0
Central African Republic,CAF,1966,0.25205,0,0,0.092,0,NA,1,0,0,0,1,0
Central African Republic,CAF,1967,0.25205,0,0,0.092,0,NA,1,0,0,0,1,0
Central African Republic,CAF,1968,0.25205,0,0,0.092,0,NA,1,0,0,0,1,0
Central African Republic,CAF,1969,0.25205,0,0,0.092,0,NA,1,0,0,0,1,0
Central African Republic,CAF,1970,0.25165,0,0,0.091,0,NA,1,0,0,0,1,0
Central African Republic,CAF,1971,0.25165,0,0,0.091,0,NA,1,0,0,0,1,0
Central African Republic,CAF,1972,0.233625,0,0,0.091,0,NA,1,0,0,0,1,0
Central African Republic,CAF,1973,0.2139,0,0,0.091,0,NA,1,0,0,0,1,0
Central African Republic,CAF,1974,0.2139,0,0,0.091,0,NA,1,0,0,0,1,0
Central African Republic,CAF,1975,0.2139,0,0,0.091,0,NA,1,0,0,0,1,0
Central African Republic,CAF,1976,0.2127,0,0,0.091,0,NA,1,0,0,0,1,0
Central African Republic,CAF,1977,0.1963,0,0,0.088,0,NA,1,0,0,0,1,0
Central African Republic,CAF,1978,0.19895,0,0,0.088,0,NA,1,0,0,0,1,0
Central African Republic,CAF,1979,0.24315,0,0,0.091,0,NA,1,0,0,0,1,0
Central African Republic,CAF,1980,0.30045,0,0,0.164,0,NA,1,0,0,0,1,0
Central African Republic,CAF,1981,0.33195,0,0,0.185,0,NA,1,0,0,0,1,0
Central African Republic,CAF,1982,0.317975,0,0,0.107,0,NA,1,0,0,0,1,0
Central African Republic,CAF,1983,0.323775,0,0,0.107,0,NA,1,0,0,0,1,0
Central African Republic,CAF,1984,0.323775,0,0,0.107,0,NA,1,0,0,0,1,0
Central African Republic,CAF,1985,0.323775,0,0,0.107,0,NA,1,0,0,0,1,0
Central African Republic,CAF,1986,0.31885,0,0,0.12,0,NA,1,0,0,0,1,0
Central African Republic,CAF,1987,0.31885,0,0,0.18,0,NA,1,0,0,0,1,0
Central African Republic,CAF,1988,0.31885,0,0,0.199,0,NA,1,0,0,0,1,0
Central African Republic,CAF,1989,0.31885,0,0,0.199,0,NA,1,0,0,0,1,0
Central African Republic,CAF,1990,0.31885,0,0,0.224,0,NA,1,0,0,0,1,0
Central African Republic,CAF,1991,0.31885,0,0,0.248,0,NA,1,0,0,0,1,0
Central African Republic,CAF,1992,0.31885,0,0,0.289,0,NA,1,0,0,0,1,0
Central African Republic,CAF,1993,0.32035,0,0,0.345,0,NA,1,0,0,0,1,0
Central African Republic,CAF,1994,0.34255,0,0,0.353,0,NA,1,0,0,0,1,0
Central African Republic,CAF,1995,0.34255,0,0,0.353,0,NA,1,0,0,0,1,0
Central African Republic,CAF,1996,0.34255,0,0,0.353,0,NA,1,0,0,0,1,0
Central African Republic,CAF,1997,0.34255,0,0,0.353,0,NA,1,0,0,0,1,0
Central African Republic,CAF,1998,0.34255,0,0,0.352,0,NA,1,0,0,0,1,0
Central African Republic,CAF,1999,0.34255,0,0,0.344,0,NA,1,0,0,0,1,0
Central African Republic,CAF,2000,0.345375,0,0,0.341,0,NA,1,0,0,0,1,0
Central African Republic,CAF,2001,0.345375,0,0,0.341,0,NA,1,0,0,0,1,0
Central African Republic,CAF,2002,0.345375,0,0,0.341,0,NA,1,0,0,0,1,0
Central African Republic,CAF,2003,0.323575,0,0,0.246,0,NA,1,0,0,0,1,0
Central African Republic,CAF,2004,0.2726,0,0,0.22,0,NA,1,0,0,0,1,0
Central African Republic,CAF,2005,0.2732,0,0,0.293,0,NA,1,0,0,0,1,0
Central African Republic,CAF,2006,0.2738,0,0,0.34,0,NA,1,0,0,0,1,0
Central African Republic,CAF,2007,0.2738,0,0,0.34,0,NA,1,0,0,0,1,0
Central African Republic,CAF,2008,0.2738,0,0,0.34,0,NA,1,0,0,0,1,0
Central African Republic,CAF,2009,0.2738,0,0,0.34,0,NA,1,0,0,0,1,0
Central African Republic,CAF,2010,0.26805,0,0,0.341,0,NA,1,0,0,0,1,0
Central African Republic,CAF,2011,0.260175,0,0,0.319,0,NA,1,0,0,0,1,0
Central African Republic,CAF,2012,0.252775,0,0,0.318,0,NA,1,0,0,0,1,0
Central African Republic,CAF,2013,0.2076,0,0,0.27,0,NA,1,0,0,0,1,0
Central African Republic,CAF,2014,0.246,0,0,0.281,0,NA,1,0,0,0,1,0
Central African Republic,CAF,2015,0.2532,0,0,0.283,0,NA,1,0,0,0,1,0
Central African Republic,CAF,2016,0.2808,0,0,0.395,0,NA,1,0,0,0,1,0
Central African Republic,CAF,2017,0.2883,0,0,0.395,0,NA,1,0,0,0,1,0
Central African Republic,CAF,2018,0.297025,0,0,0.406,0,NA,1,0,0,0,1,0
Central African Republic,CAF,2019,0.298425,0,0,0.379,0,NA,1,0,0,0,1,0
Central African Republic,CAF,2020,0.2432,0,0,0.377,0,NA,1,0,0,0,1,0
Central African Republic,CAF,2021,0.25285,0,0,0.34,0,NA,1,0,0,0,1,0
Central African Republic,CAF,2022,0.24865,0,0,0.328,0,NA,1,0,0,0,1,0
Central African Republic,CAF,2023,0.219475,0,0,0.305,0,NA,1,0,0,0,1,0
Central African Republic,CAF,2024,0.1996,0,0,0.302,0,NA,1,0,0,0,1,0
Chile,CHL,1940,0.710175,0,0,0.367,NA,NA,0,1,1,0,0,0
Chile,CHL,1941,0.710175,0,0,0.369,NA,NA,0,1,1,0,0,0
Chile,CHL,1942,0.706975,0,0,0.368,NA,NA,0,1,1,0,0,0
Chile,CHL,1943,0.703375,0,0,0.369,NA,NA,0,1,1,0,0,0
Chile,CHL,1944,0.703375,0,0,0.371,NA,NA,0,1,1,0,0,0
Chile,CHL,1945,0.703375,0,0,0.374,NA,NA,0,1,1,0,0,0
Chile,CHL,1946,0.6733,0,0,0.365,NA,NA,0,1,1,0,0,0
Chile,CHL,1947,0.65345,0,0,0.364,NA,NA,0,1,1,0,0,0
Chile,CHL,1948,0.65345,0,0,0.359,NA,NA,0,1,1,0,0,0
Chile,CHL,1949,0.65385,0,0,0.342,NA,NA,0,1,1,0,0,0
Chile,CHL,1950,0.65405,0,0,0.415,NA,NA,0,1,1,0,0,0
Chile,CHL,1951,0.65405,0,0,0.415,NA,NA,0,1,1,0,0,0
Chile,CHL,1952,0.65385,0,0,0.413,NA,NA,0,1,1,0,0,0
Chile,CHL,1953,0.65385,0,0,0.421,NA,NA,0,1,1,0,0,0
Chile,CHL,1954,0.65385,0,0,0.421,NA,NA,0,1,1,0,0,0
Chile,CHL,1955,0.65385,0,0,0.421,NA,NA,0,1,1,0,0,0
Chile,CHL,1956,0.65385,0,0,0.421,NA,NA,0,1,1,0,0,0
Chile,CHL,1957,0.66125,0,0,0.422,NA,NA,0,1,1,0,0,0
Chile,CHL,1958,0.66505,0,0,0.454,NA,NA,0,1,1,0,0,0
Chile,CHL,1959,0.709275,1,NA,0.52,NA,NA,0,1,1,0,0,0
Chile,CHL,1960,0.73945,0,NA,0.538,NA,NA,0,1,1,0,0,0
Chile,CHL,1961,0.73945,0,NA,0.548,NA,NA,0,1,1,0,0,0
Chile,CHL,1962,0.73945,0,NA,0.549,NA,NA,0,1,1,0,0,0
Chile,CHL,1963,0.755775,0,NA,0.557,NA,NA,0,1,1,0,0,0
Chile,CHL,1964,0.765775,0,NA,0.583,NA,NA,0,1,1,0,0,0
Chile,CHL,1965,0.765575,0,NA,0.586,NA,NA,0,1,1,0,0,0
Chile,CHL,1966,0.765575,0,NA,0.586,NA,NA,0,1,1,0,0,0
Chile,CHL,1967,0.765575,0,NA,0.586,NA,NA,0,1,1,0,0,0
Chile,CHL,1968,0.765575,0,NA,0.586,NA,NA,0,1,1,0,0,0
Chile,CHL,1969,0.765575,0,NA,0.588,NA,NA,0,1,1,0,0,0
Chile,CHL,1970,0.7378,0,NA,0.604,NA,NA,0,1,1,0,0,0
Chile,CHL,1971,0.7378,0,NA,0.701,NA,NA,0,1,1,0,0,0
Chile,CHL,1972,0.7378,0,NA,0.689,NA,NA,0,1,1,0,0,0
Chile,CHL,1973,0.497175,0,0,0.311,NA,NA,0,1,1,0,0,0
Chile,CHL,1974,0.385725,0,0,0.071,NA,NA,0,1,1,0,0,0
Chile,CHL,1975,0.387125,0,0,0.071,NA,NA,0,1,1,0,0,0
Chile,CHL,1976,0.387125,0,0,0.071,NA,NA,0,1,1,0,0,0
Chile,CHL,1977,0.387125,0,0,0.072,NA,NA,0,1,1,0,0,0
Chile,CHL,1978,0.387125,0,0,0.072,NA,NA,0,1,1,0,0,0
Chile,CHL,1979,0.387125,0,0,0.073,NA,NA,0,1,1,0,0,0
Chile,CHL,1980,0.4211,0,0,0.074,NA,NA,0,1,1,0,0,0
Chile,CHL,1981,0.4211,0,0,0.075,NA,NA,0,1,1,0,0,0
Chile,CHL,1982,0.428925,0,0,0.075,NA,NA,0,1,1,0,0,0
Chile,CHL,1983,0.428925,0,0,0.075,NA,NA,0,1,1,0,0,0
Chile,CHL,1984,0.428925,0,0,0.075,NA,NA,0,1,1,0,0,0
Chile,CHL,1985,0.430325,0,0,0.077,NA,NA,0,1,1,0,0,0
Chile,CHL,1986,0.430325,0,0,0.077,NA,NA,0,1,1,0,0,0
Chile,CHL,1987,0.430325,0,0,0.08,NA,NA,0,1,1,0,0,0
Chile,CHL,1988,0.430325,0,0,0.112,NA,NA,0,1,1,0,0,0
Chile,CHL,1989,0.488575,0,0,0.133,NA,NA,0,1,1,0,0,0
Chile,CHL,1990,0.81955,1,NA,0.723,NA,NA,0,1,1,0,0,0
Chile,CHL,1991,0.8453,0,NA,0.819,NA,NA,0,1,1,0,0,0
Chile,CHL,1992,0.8453,0,NA,0.819,NA,NA,0,1,1,0,0,0
Chile,CHL,1993,0.8453,0,NA,0.814,NA,NA,0,1,1,0,0,0
Chile,CHL,1994,0.8453,0,NA,0.853,NA,NA,0,1,1,0,0,0
Chile,CHL,1995,0.8453,0,NA,0.853,NA,NA,0,1,1,0,0,0
Chile,CHL,1996,0.8519,0,NA,0.853,NA,NA,0,1,1,0,0,0
Chile,CHL,1997,0.8519,0,NA,0.853,NA,NA,0,1,1,0,0,0
Chile,CHL,1998,0.8519,0,NA,0.853,NA,NA,0,1,1,0,0,0
Chile,CHL,1999,0.8519,0,NA,0.851,NA,NA,0,1,1,0,0,0
Chile,CHL,2000,0.8519,0,NA,0.879,NA,NA,0,1,1,0,0,0
Chile,CHL,2001,0.8519,0,NA,0.879,NA,NA,0,1,1,0,0,0
Chile,CHL,2002,0.8519,0,NA,0.879,NA,NA,0,1,1,0,0,0
Chile,CHL,2003,0.8519,0,NA,0.879,NA,NA,0,1,1,0,0,0
Chile,CHL,2004,0.8519,0,NA,0.879,NA,NA,0,1,1,0,0,0
Chile,CHL,2005,0.8519,0,NA,0.877,NA,NA,0,1,1,0,0,0
Chile,CHL,2006,0.8519,0,NA,0.893,NA,NA,0,1,1,0,0,0
Chile,CHL,2007,0.8519,0,NA,0.893,NA,NA,0,1,1,0,0,0
Chile,CHL,2008,0.85785,0,NA,0.893,NA,NA,0,1,1,0,0,0
Chile,CHL,2009,0.85785,0,NA,0.887,NA,NA,0,1,1,0,0,0
Chile,CHL,2010,0.86565,0,NA,0.887,NA,NA,0,1,1,0,0,0
Chile,CHL,2011,0.86565,0,NA,0.89,NA,NA,0,1,1,0,0,0
Chile,CHL,2012,0.86565,0,NA,0.894,NA,NA,0,1,1,0,0,0
Chile,CHL,2013,0.8549,0,NA,0.894,NA,NA,0,1,1,0,0,0
Chile,CHL,2014,0.8563,0,NA,0.894,NA,NA,0,1,1,0,0,0
Chile,CHL,2015,0.8527,0,NA,0.888,NA,NA,0,1,1,0,0,0
Chile,CHL,2016,0.8527,0,NA,0.888,NA,NA,0,1,1,0,0,0
Chile,CHL,2017,0.8527,0,NA,0.891,NA,NA,0,1,1,0,0,0
Chile,CHL,2018,0.8545,0,NA,0.871,NA,NA,0,1,1,0,0,0
Chile,CHL,2019,0.8241,0,NA,0.829,NA,NA,0,1,1,0,0,0
Chile,CHL,2020,0.8249,0,NA,0.835,NA,NA,0,1,1,0,0,0
Chile,CHL,2021,0.84215,0,NA,0.839,NA,NA,0,1,1,0,0,0
Chile,CHL,2022,0.85495,0,NA,0.838,NA,NA,0,1,1,0,0,0
Chile,CHL,2023,0.860625,0,NA,0.837,NA,NA,0,1,1,0,0,0
Chile,CHL,2024,0.846825,0,NA,0.844,NA,NA,0,1,1,0,0,0
Costa Rica,CRI,1940,0.6374,0,0,0.318,NA,NA,1,0,1,0,0,0
Costa Rica,CRI,1941,0.6374,0,0,0.319,NA,NA,1,0,1,0,0,0
Costa Rica,CRI,1942,0.6374,0,0,0.319,NA,NA,1,0,1,0,0,0
Costa Rica,CRI,1943,0.6374,0,0,0.318,NA,NA,1,0,1,0,0,0
Costa Rica,CRI,1944,0.6374,0,0,0.319,NA,NA,1,0,1,0,0,0
Costa Rica,CRI,1945,0.6374,0,0,0.32,NA,NA,1,0,1,0,0,0
Costa Rica,CRI,1946,0.6374,0,0,0.324,NA,NA,1,0,1,0,0,0
Costa Rica,CRI,1947,0.6374,0,0,0.324,NA,NA,1,0,1,0,0,0
Costa Rica,CRI,1948,0.6325,0,0,0.219,NA,NA,1,0,1,0,0,0
Costa Rica,CRI,1949,0.72735,0,0,0.27,NA,NA,1,0,1,0,0,0
Costa Rica,CRI,1950,0.783875,1,0.6931471805599453,0.56,NA,NA,1,0,1,0,0,0
Costa Rica,CRI,1951,0.783875,0,0.6931471805599453,0.578,NA,NA,1,0,1,0,0,0
Costa Rica,CRI,1952,0.783875,0,0.6931471805599453,0.58,NA,NA,1,0,1,0,0,0
Costa Rica,CRI,1953,0.783875,0,0.6931471805599453,0.653,NA,NA,1,0,1,0,0,0
Costa Rica,CRI,1954,0.78885,0,0.6931471805599453,0.724,NA,NA,1,0,1,0,0,0
Costa Rica,CRI,1955,0.78885,0,0.6931471805599453,0.724,NA,NA,1,0,1,0,0,0
Costa Rica,CRI,1956,0.78885,0,0.6931471805599453,0.724,NA,NA,1,0,1,0,0,0
Costa Rica,CRI,1957,0.78885,0,0.6931471805599453,0.724,NA,NA,1,0,1,0,0,0
Costa Rica,CRI,1958,0.78885,0,0.6931471805599453,0.727,NA,NA,1,0,1,0,0,0
Costa Rica,CRI,1959,0.78885,0,0.6931471805599453,0.734,NA,NA,1,0,1,0,0,0
Costa Rica,CRI,1960,0.8022,0,0.6931471805599453,0.726,NA,NA,1,0,1,0,0,0
Costa Rica,CRI,1961,0.8022,0,0.6931471805599453,0.726,NA,NA,1,0,1,0,0,0
Costa Rica,CRI,1962,0.8022,0,0.6931471805599453,0.724,NA,NA,1,0,1,0,0,0
Costa Rica,CRI,1963,0.8022,0,0.6931471805599453,0.724,NA,NA,1,0,1,0,0,0
Costa Rica,CRI,1964,0.8022,0,0.6931471805599453,0.724,NA,NA,1,0,1,0,0,0
Costa Rica,CRI,1965,0.8022,0,0.6931471805599453,0.724,NA,NA,1,0,1,0,0,0
Costa Rica,CRI,1966,0.8022,0,0.6931471805599453,0.728,NA,NA,1,0,1,0,0,0
Costa Rica,CRI,1967,0.8044,0,0.6931471805599453,0.728,NA,NA,1,0,1,0,0,0
Costa Rica,CRI,1968,0.8044,0,0.6931471805599453,0.728,NA,NA,1,0,1,0,0,0
Costa Rica,CRI,1969,0.8044,0,0.6931471805599453,0.728,NA,NA,1,0,1,0,0,0
Costa Rica,CRI,1970,0.8044,0,0.6931471805599453,0.742,NA,NA,1,0,1,0,0,0
Costa Rica,CRI,1971,0.8044,0,0.6931471805599453,0.747,NA,NA,1,0,1,0,0,0
Costa Rica,CRI,1972,0.8044,0,0.6931471805599453,0.747,NA,NA,1,0,1,0,0,0
Costa Rica,CRI,1973,0.8102,0,0.6931471805599453,0.747,NA,NA,1,0,1,0,0,0
Costa Rica,CRI,1974,0.8102,0,0.6931471805599453,0.744,NA,NA,1,0,1,0,0,0
Costa Rica,CRI,1975,0.8088,0,0.6931471805599453,0.798,NA,NA,1,0,1,0,0,0
Costa Rica,CRI,1976,0.8088,0,0.6931471805599453,0.806,NA,NA,1,0,1,0,0,0
Costa Rica,CRI,1977,0.8088,0,0.6931471805599453,0.81,NA,NA,1,0,1,0,0,0
Costa Rica,CRI,1978,0.8088,0,0.6931471805599453,0.826,NA,NA,1,0,1,0,0,0
Costa Rica,CRI,1979,0.8088,0,0.6931471805599453,0.826,NA,NA,1,0,1,0,0,0
Costa Rica,CRI,1980,0.8257,0,0.6931471805599453,0.843,NA,NA,1,0,1,0,0,0
Costa Rica,CRI,1981,0.8257,0,0.6931471805599453,0.843,NA,NA,1,0,1,0,0,0
Costa Rica,CRI,1982,0.8259,0,0.6931471805599453,0.862,NA,NA,1,0,1,0,0,0
Costa Rica,CRI,1983,0.8259,0,0.6931471805599453,0.863,NA,NA,1,0,1,0,0,0
Costa Rica,CRI,1984,0.8259,0,0.6931471805599453,0.863,NA,NA,1,0,1,0,0,0
Costa Rica,CRI,1985,0.8259,0,0.6931471805599453,0.863,NA,NA,1,0,1,0,0,0
Costa Rica,CRI,1986,0.8259,0,0.6931471805599453,0.868,NA,NA,1,0,1,0,0,0
Costa Rica,CRI,1987,0.8277,0,0.6931471805599453,0.868,NA,NA,1,0,1,0,0,0
Costa Rica,CRI,1988,0.8277,0,0.6931471805599453,0.877,NA,NA,1,0,1,0,0,0
Costa Rica,CRI,1989,0.8533,0,0.6931471805599453,0.877,NA,NA,1,0,1,0,0,0
Costa Rica,CRI,1990,0.871275,0,0.6931471805599453,0.894,NA,NA,1,0,1,0,0,0
Costa Rica,CRI,1991,0.883275,0,0.6931471805599453,0.895,NA,NA,1,0,1,0,0,0
Costa Rica,CRI,1992,0.883275,0,0.6931471805599453,0.895,NA,NA,1,0,1,0,0,0
Costa Rica,CRI,1993,0.883275,0,0.6931471805599453,0.895,NA,NA,1,0,1,0,0,0
Costa Rica,CRI,1994,0.883275,0,0.6931471805599453,0.896,NA,NA,1,0,1,0,0,0
Costa Rica,CRI,1995,0.883875,0,0.6931471805599453,0.896,NA,NA,1,0,1,0,0,0
Costa Rica,CRI,1996,0.883875,0,0.6931471805599453,0.897,NA,NA,1,0,1,0,0,0
Costa Rica,CRI,1997,0.884875,0,0.6931471805599453,0.897,NA,NA,1,0,1,0,0,0
Costa Rica,CRI,1998,0.885075,0,0.6931471805599453,0.894,NA,NA,1,0,1,0,0,0
Costa Rica,CRI,1999,0.885075,0,0.6931471805599453,0.894,NA,NA,1,0,1,0,0,0
Costa Rica,CRI,2000,0.885075,0,0.6931471805599453,0.895,NA,NA,1,0,1,0,0,0
Costa Rica,CRI,2001,0.885075,0,0.6931471805599453,0.895,NA,NA,1,0,1,0,0,0
Costa Rica,CRI,2002,0.885075,0,0.6931471805599453,0.896,NA,NA,1,0,1,0,0,0
Costa Rica,CRI,2003,0.885075,0,0.6931471805599453,0.896,NA,NA,1,0,1,0,0,0
Costa Rica,CRI,2004,0.885075,0,0.6931471805599453,0.894,NA,NA,1,0,1,0,0,0
Costa Rica,CRI,2005,0.8679,0,0.6931471805599453,0.894,NA,NA,1,0,1,0,0,0
Costa Rica,CRI,2006,0.8665,0,0.6931471805599453,0.905,NA,NA,1,0,1,0,0,0
Costa Rica,CRI,2007,0.8665,0,0.6931471805599453,0.908,NA,NA,1,0,1,0,0,0
Costa Rica,CRI,2008,0.8665,0,0.6931471805599453,0.908,NA,NA,1,0,1,0,0,0
Costa Rica,CRI,2009,0.8669,0,0.6931471805599453,0.908,NA,NA,1,0,1,0,0,0
Costa Rica,CRI,2010,0.8617,0,0.6931471805599453,0.911,NA,NA,1,0,1,0,0,0
Costa Rica,CRI,2011,0.8619,0,0.6931471805599453,0.911,NA,NA,1,0,1,0,0,0
Costa Rica,CRI,2012,0.8639,0,0.6931471805599453,0.909,NA,NA,1,0,1,0,0,0
Costa Rica,CRI,2013,0.8486,0,0.6931471805599453,0.908,NA,NA,1,0,1,0,0,0
Costa Rica,CRI,2014,0.865175,0,0.6931471805599453,0.905,NA,NA,1,0,1,0,0,0
Costa Rica,CRI,2015,0.86465,0,0.6931471805599453,0.905,NA,NA,1,0,1,0,0,0
Costa Rica,CRI,2016,0.8648,0,0.6931471805599453,0.904,NA,NA,1,0,1,0,0,0
Costa Rica,CRI,2017,0.8659,0,0.6931471805599453,0.899,NA,NA,1,0,1,0,0,0
Costa Rica,CRI,2018,0.8661,0,0.6931471805599453,0.892,NA,NA,1,0,1,0,0,0
Costa Rica,CRI,2019,0.8663,0,0.6931471805599453,0.896,NA,NA,1,0,1,0,0,0
Costa Rica,CRI,2020,0.86875,0,0.6931471805599453,0.898,NA,NA,1,0,1,0,0,0
Costa Rica,CRI,2021,0.86875,0,0.6931471805599453,0.895,NA,NA,1,0,1,0,0,0
Costa Rica,CRI,2022,0.86875,0,0.6931471805599453,0.865,NA,NA,1,0,1,0,0,0
Costa Rica,CRI,2023,0.86875,0,0.6931471805599453,0.859,NA,NA,1,0,1,0,0,0
Costa Rica,CRI,2024,0.86755,0,0.6931471805599453,0.859,NA,NA,1,0,1,0,0,0
Timor-Leste,TLS,1940,0.330791666666667,0,0,0.017,0,NA,1,0,0,0,0,1
Timor-Leste,TLS,1941,0.330791666666667,0,0,0.017,0,NA,1,0,0,0,0,1
Timor-Leste,TLS,1942,0.209416666666667,0,0,0.016,0,NA,1,0,0,0,0,1
Timor-Leste,TLS,1943,0.207416666666667,0,0,0.016,0,NA,1,0,0,0,0,1
Timor-Leste,TLS,1944,0.207416666666667,0,0,0.016,0,NA,1,0,0,0,0,1
Timor-Leste,TLS,1945,0.207416666666667,0,0,0.016,0,NA,1,0,0,0,0,1
Timor-Leste,TLS,1946,0.299875,0,0,0.017,0,NA,1,0,0,0,0,1
Timor-Leste,TLS,1947,0.299875,0,0,0.017,0,NA,1,0,0,0,0,1
Timor-Leste,TLS,1948,0.299875,0,0,0.017,0,NA,1,0,0,0,0,1
Timor-Leste,TLS,1949,0.299875,0,0,0.017,0,NA,1,0,0,0,0,1
Timor-Leste,TLS,1950,0.299875,0,0,0.017,0,NA,1,0,0,0,0,1
Timor-Leste,TLS,1951,0.299875,0,0,0.017,0,NA,1,0,0,0,0,1
Timor-Leste,TLS,1952,0.299875,0,0,0.017,0,NA,1,0,0,0,0,1
Timor-Leste,TLS,1953,0.299875,0,0,0.017,0,NA,1,0,0,0,0,1
Timor-Leste,TLS,1954,0.299875,0,0,0.017,0,NA,1,0,0,0,0,1
Timor-Leste,TLS,1955,0.299875,0,0,0.017,0,NA,1,0,0,0,0,1
Timor-Leste,TLS,1956,0.299875,0,0,0.017,0,NA,1,0,0,0,0,1
Timor-Leste,TLS,1957,0.299875,0,0,0.017,0,NA,1,0,0,0,0,1
Timor-Leste,TLS,1958,0.299875,0,0,0.017,0,NA,1,0,0,0,0,1
Timor-Leste,TLS,1959,0.299875,0,0,0.017,0,NA,1,0,0,0,0,1
Timor-Leste,TLS,1960,0.299875,0,0,0.018,0,NA,1,0,0,0,0,1
Timor-Leste,TLS,1961,0.299875,0,0,0.018,0,NA,1,0,0,0,0,1
Timor-Leste,TLS,1962,0.299875,0,0,0.018,0,NA,1,0,0,0,0,1
Timor-Leste,TLS,1963,0.299875,0,0,0.018,0,NA,1,0,0,0,0,1
Timor-Leste,TLS,1964,0.299875,0,0,0.018,0,NA,1,0,0,0,0,1
Timor-Leste,TLS,1965,0.299875,0,0,0.018,0,NA,1,0,0,0,0,1
Timor-Leste,TLS,1966,0.299875,0,0,0.018,0,NA,1,0,0,0,0,1
Timor-Leste,TLS,1967,0.299875,0,0,0.018,0,NA,1,0,0,0,0,1
Timor-Leste,TLS,1968,0.299875,0,0,0.018,0,NA,1,0,0,0,0,1
Timor-Leste,TLS,1969,0.299875,0,0,0.018,0,NA,1,0,0,0,0,1
Timor-Leste,TLS,1970,0.299875,0,0,0.018,0,NA,1,0,0,0,0,1
Timor-Leste,TLS,1971,0.299875,0,0,0.018,0,NA,1,0,0,0,0,1
Timor-Leste,TLS,1972,0.299875,0,0,0.018,0,NA,1,0,0,0,0,1
Timor-Leste,TLS,1973,0.299875,0,0,0.047,0,NA,1,0,0,0,0,1
Timor-Leste,TLS,1974,0.299875,0,0,0.054,0,NA,1,0,0,0,0,1
Timor-Leste,TLS,1975,0.219625,0,0,0.09,0,NA,1,0,0,0,0,1
Timor-Leste,TLS,1976,0.20275,0,0,0.022,0,NA,1,0,0,0,0,1
Timor-Leste,TLS,1977,0.20275,0,0,0.076,0,NA,1,0,0,0,0,1
Timor-Leste,TLS,1978,0.20275,0,0,0.076,0,NA,1,0,0,0,0,1
Timor-Leste,TLS,1979,0.20275,0,0,0.076,0,NA,1,0,0,0,0,1
Timor-Leste,TLS,1980,0.20275,0,0,0.076,0,NA,1,0,0,0,0,1
Timor-Leste,TLS,1981,0.20275,0,0,0.076,0,NA,1,0,0,0,0,1
Timor-Leste,TLS,1982,0.20275,0,0,0.076,0,NA,1,0,0,0,0,1
Timor-Leste,TLS,1983,0.20275,0,0,0.076,0,NA,1,0,0,0,0,1
Timor-Leste,TLS,1984,0.20275,0,0,0.076,0,NA,1,0,0,0,0,1
Timor-Leste,TLS,1985,0.20275,0,0,0.076,0,NA,1,0,0,0,0,1
Timor-Leste,TLS,1986,0.20275,0,0,0.076,0,NA,1,0,0,0,0,1
Timor-Leste,TLS,1987,0.20275,0,0,0.076,0,NA,1,0,0,0,0,1
Timor-Leste,TLS,1988,0.20275,0,0,0.076,0,NA,1,0,0,0,0,1
Timor-Leste,TLS,1989,0.223,0,0,0.076,0,NA,1,0,0,0,0,1
Timor-Leste,TLS,1990,0.223,0,0,0.078,0,NA,1,0,0,0,0,1
Timor-Leste,TLS,1991,0.223,0,0,0.078,0,NA,1,0,0,0,0,1
Timor-Leste,TLS,1992,0.223,0,0,0.078,0,NA,1,0,0,0,0,1
Timor-Leste,TLS,1993,0.223,0,0,0.078,0,NA,1,0,0,0,0,1
Timor-Leste,TLS,1994,0.223,0,0,0.078,0,NA,1,0,0,0,0,1
Timor-Leste,TLS,1995,0.223,0,0,0.078,0,NA,1,0,0,0,0,1
Timor-Leste,TLS,1996,0.223,0,0,0.078,0,NA,1,0,0,0,0,1
Timor-Leste,TLS,1997,0.223,0,0,0.078,0,NA,1,0,0,0,0,1
Timor-Leste,TLS,1998,0.223,0,0,0.091,0,NA,1,0,0,0,0,1
Timor-Leste,TLS,1999,0.301,0,0,0.111,0,NA,1,0,0,0,0,1
Timor-Leste,TLS,2000,0.682,0,0,0.224,0,NA,1,0,0,0,0,1
Timor-Leste,TLS,2001,0.641,0,0,0.291,0,NA,1,0,0,0,0,1
Timor-Leste,TLS,2002,0.614275,1,0.6931471805599453,0.567,4.624972813284271,NA,1,0,0,0,0,1
Timor-Leste,TLS,2003,0.603275,0,0.6931471805599453,0.582,4.634728988229636,NA,1,0,0,0,0,1
Timor-Leste,TLS,2004,0.603275,0,0.6931471805599453,0.582,4.6443908991413725,NA,1,0,0,0,0,1
Timor-Leste,TLS,2005,0.617275,0,0.6931471805599453,0.58,4.653960350157523,NA,1,0,0,0,0,1
Timor-Leste,TLS,2006,0.60925,0,0.6931471805599453,0.58,4.663439094112067,NA,1,0,0,0,0,1
Timor-Leste,TLS,2007,0.625725,0,0.6931471805599453,0.621,4.672828834461906,NA,1,0,0,0,0,1
Timor-Leste,TLS,2008,0.63125,0,0.6931471805599453,0.628,4.68213122712422,NA,1,0,0,0,0,1
Timor-Leste,TLS,2009,0.63005,0,0.6931471805599453,0.634,4.6913478822291435,NA,1,0,0,0,0,1
Timor-Leste,TLS,2010,0.63085,0,0.6931471805599453,0.636,4.700480365792417,NA,1,0,0,0,0,1
Timor-Leste,TLS,2011,0.63085,0,0.6931471805599453,0.636,4.709530201312334,NA,1,0,0,0,0,1
Timor-Leste,TLS,2012,0.63245,0,0.6931471805599453,0.656,4.718498871295094,NA,1,0,0,0,0,1
Timor-Leste,TLS,2013,0.6356,0,0.6931471805599453,0.655,4.727387818712341,NA,1,0,0,0,0,1
Timor-Leste,TLS,2014,0.601025,0,0.6931471805599453,0.639,4.736198448394496,NA,1,0,0,0,0,1
Timor-Leste,TLS,2015,0.591875,0,0.6931471805599453,0.644,4.74493212836325,NA,1,0,0,0,0,1
Timor-Leste,TLS,2016,0.608675,0,0.6931471805599453,0.626,4.7535901911063645,NA,1,0,0,0,0,1
Timor-Leste,TLS,2017,0.5931,0,0.6931471805599453,0.662,4.762173934797756,NA,1,0,0,0,0,1
Timor-Leste,TLS,2018,0.608525,0,0.6931471805599453,0.688,4.770684624465665,NA,1,0,0,0,0,1
Timor-Leste,TLS,2019,0.629,0,0.6931471805599453,0.699,4.77912349311153,NA,1,0,0,0,0,1
Timor-Leste,TLS,2020,0.6252,0,0.6931471805599453,0.677,4.787491742782046,NA,1,0,0,0,0,1
Timor-Leste,TLS,2021,0.647,0,0.6931471805599453,0.69,4.795790545596741,NA,1,0,0,0,0,1
Timor-Leste,TLS,2022,0.645,0,0.6931471805599453,0.705,4.804021044733257,NA,1,0,0,0,0,1
Timor-Leste,TLS,2023,0.6618,0,0.6931471805599453,0.712,4.812184355372417,NA,1,0,0,0,0,1
Timor-Leste,TLS,2024,0.655675,0,0.6931471805599453,0.733,4.820281565605037,NA,1,0,0,0,0,1
Ecuador,ECU,1940,0.254375,0,0,0.244,NA,NA,1,0,1,0,0,0
Ecuador,ECU,1941,0.253375,0,0,0.241,NA,NA,1,0,1,0,0,0
Ecuador,ECU,1942,0.253375,0,0,0.241,NA,NA,1,0,1,0,0,0
Ecuador,ECU,1943,0.253375,0,0,0.241,NA,NA,1,0,1,0,0,0
Ecuador,ECU,1944,0.274175,0,0,0.195,NA,NA,1,0,1,0,0,0
Ecuador,ECU,1945,0.275775,0,0,0.167,NA,NA,1,0,1,0,0,0
Ecuador,ECU,1946,0.234475,0,0,0.16,NA,NA,1,0,1,0,0,0
Ecuador,ECU,1947,0.235275,0,0,0.232,NA,NA,1,0,1,0,0,0
Ecuador,ECU,1948,0.304925,0,0,0.347,NA,NA,1,0,1,0,0,0
Ecuador,ECU,1949,0.314975,0,0,0.366,NA,NA,1,0,1,0,0,0
Ecuador,ECU,1950,0.314975,0,0,0.37,NA,NA,1,0,1,0,0,0
Ecuador,ECU,1951,0.314975,0,0,0.369,NA,NA,1,0,1,0,0,0
Ecuador,ECU,1952,0.311375,0,0,0.356,NA,NA,1,0,1,0,0,0
Ecuador,ECU,1953,0.311375,0,0,0.348,NA,NA,1,0,1,0,0,0
Ecuador,ECU,1954,0.311375,0,0,0.355,NA,NA,1,0,1,0,0,0
Ecuador,ECU,1955,0.311375,0,0,0.367,NA,NA,1,0,1,0,0,0
Ecuador,ECU,1956,0.314175,0,0,0.366,NA,NA,1,0,1,0,0,0
Ecuador,ECU,1957,0.314775,0,0,0.373,NA,NA,1,0,1,0,0,0
Ecuador,ECU,1958,0.316575,0,0,0.377,NA,NA,1,0,1,0,0,0
Ecuador,ECU,1959,0.316575,0,0,0.38,NA,NA,1,0,1,0,0,0
Ecuador,ECU,1960,0.312575,0,0,0.36,NA,NA,1,0,1,0,0,0
Ecuador,ECU,1961,0.308575,0,0,0.359,NA,NA,1,0,1,0,0,0
Ecuador,ECU,1962,0.310975,0,0,0.368,NA,NA,1,0,1,0,0,0
Ecuador,ECU,1963,0.26425,0,0,0.215,NA,NA,1,0,1,0,0,0
Ecuador,ECU,1964,0.26425,0,0,0.134,NA,NA,1,0,1,0,0,0
Ecuador,ECU,1965,0.272925,0,0,0.137,NA,NA,1,0,1,0,0,0
Ecuador,ECU,1966,0.29535,0,0,0.141,NA,NA,1,0,1,0,0,0
Ecuador,ECU,1967,0.2925,0,0,0.181,NA,NA,1,0,1,0,0,0
Ecuador,ECU,1968,0.2925,0,0,0.275,NA,NA,1,0,1,0,0,0
Ecuador,ECU,1969,0.2907,0,0,0.381,NA,NA,1,0,1,0,0,0
Ecuador,ECU,1970,0.2897,0,0,0.298,NA,NA,1,0,1,0,0,0
Ecuador,ECU,1971,0.2877,0,0,0.209,NA,NA,1,0,1,0,0,0
Ecuador,ECU,1972,0.293025,0,0,0.175,NA,NA,1,0,1,0,0,0
Ecuador,ECU,1973,0.27075,0,0,0.147,NA,NA,1,0,1,0,0,0
Ecuador,ECU,1974,0.26855,0,0,0.147,NA,NA,1,0,1,0,0,0
Ecuador,ECU,1975,0.26855,0,0,0.147,NA,NA,1,0,1,0,0,0
Ecuador,ECU,1976,0.27035,0,0,0.147,NA,NA,1,0,1,0,0,0
Ecuador,ECU,1977,0.29175,0,0,0.148,NA,NA,1,0,1,0,0,0
Ecuador,ECU,1978,0.30175,0,0,0.202,NA,NA,1,0,1,0,0,0
Ecuador,ECU,1979,0.44905,0,0,0.395,NA,NA,1,0,1,0,0,0
Ecuador,ECU,1980,0.497,1,0.6931471805599453,0.685,NA,NA,1,0,1,0,0,0
Ecuador,ECU,1981,0.505825,0,0.6931471805599453,0.685,NA,NA,1,0,1,0,0,0
Ecuador,ECU,1982,0.505825,0,0.6931471805599453,0.685,NA,NA,1,0,1,0,0,0
Ecuador,ECU,1983,0.505825,0,0.6931471805599453,0.685,NA,NA,1,0,1,0,0,0
Ecuador,ECU,1984,0.4881,0,0.6931471805599453,0.689,NA,NA,1,0,1,0,0,0
Ecuador,ECU,1985,0.4457,0,0.6931471805599453,0.677,NA,NA,1,0,1,0,0,0
Ecuador,ECU,1986,0.4457,0,0.6931471805599453,0.677,NA,NA,1,0,1,0,0,0
Ecuador,ECU,1987,0.4457,0,0.6931471805599453,0.677,NA,NA,1,0,1,0,0,0
Ecuador,ECU,1988,0.45145,0,0.6931471805599453,0.7,NA,NA,1,0,1,0,0,0
Ecuador,ECU,1989,0.499675,0,0.6931471805599453,0.723,NA,NA,1,0,1,0,0,0
Ecuador,ECU,1990,0.499675,0,0.6931471805599453,0.721,NA,NA,1,0,1,0,0,0
Ecuador,ECU,1991,0.499675,0,0.6931471805599453,0.719,NA,NA,1,0,1,0,0,0
Ecuador,ECU,1992,0.499675,0,0.6931471805599453,0.718,NA,NA,1,0,1,0,0,0
Ecuador,ECU,1993,0.478175,0,0.6931471805599453,0.711,NA,NA,1,0,1,0,0,0
Ecuador,ECU,1994,0.482175,0,0.6931471805599453,0.704,NA,NA,1,0,1,0,0,0
Ecuador,ECU,1995,0.472975,0,0.6931471805599453,0.706,NA,NA,1,0,1,0,0,0
Ecuador,ECU,1996,0.460675,0,0.6931471805599453,0.704,NA,NA,1,0,1,0,0,0
Ecuador,ECU,1997,0.414175,0,0.6931471805599453,0.703,NA,NA,1,0,1,0,0,0
Ecuador,ECU,1998,0.482375,0,0.6931471805599453,0.694,NA,NA,1,0,1,0,0,0
Ecuador,ECU,1999,0.479375,0,0.6931471805599453,0.691,NA,NA,1,0,1,0,0,0
Ecuador,ECU,2000,0.477775,0,0.6931471805599453,0.689,NA,NA,1,0,1,0,0,0
Ecuador,ECU,2001,0.477775,0,0.6931471805599453,0.689,NA,NA,1,0,1,0,0,0
Ecuador,ECU,2002,0.477775,0,0.6931471805599453,0.691,NA,NA,1,0,1,0,0,0
Ecuador,ECU,2003,0.476575,0,0.6931471805599453,0.7,NA,NA,1,0,1,0,0,0
Ecuador,ECU,2004,0.476375,0,0.6931471805599453,0.7,NA,NA,1,0,1,0,0,0
Ecuador,ECU,2005,0.483775,0,0.6931471805599453,0.7,NA,NA,1,0,1,0,0,0
Ecuador,ECU,2006,0.486375,0,0.6931471805599453,0.703,NA,NA,1,0,1,0,0,0
Ecuador,ECU,2007,0.508375,0,0.6931471805599453,0.671,NA,NA,1,0,1,0,0,0
Ecuador,ECU,2008,0.52345,0,0.6931471805599453,0.632,NA,NA,1,0,1,0,0,0
Ecuador,ECU,2009,0.53435,0,0.6931471805599453,0.612,NA,NA,1,0,1,0,0,0
Ecuador,ECU,2010,0.523975,0,0.6931471805599453,0.588,NA,NA,1,0,1,0,0,0
Ecuador,ECU,2011,0.521975,0,0.6931471805599453,0.587,NA,NA,1,0,1,0,0,0
Ecuador,ECU,2012,0.516175,0,0.6931471805599453,0.589,NA,NA,1,0,1,0,0,0
Ecuador,ECU,2013,0.502975,0,0.6931471805599453,0.541,NA,NA,1,0,1,0,0,0
Ecuador,ECU,2014,0.500575,0,0.6931471805599453,0.54,NA,NA,1,0,1,0,0,0
Ecuador,ECU,2015,0.500575,0,0.6931471805599453,0.534,NA,NA,1,0,1,0,0,0
Ecuador,ECU,2016,0.498775,0,0.6931471805599453,0.543,NA,NA,1,0,1,0,0,0
Ecuador,ECU,2017,0.530425,0,0.6931471805599453,0.555,NA,NA,1,0,1,0,0,0
Ecuador,ECU,2018,0.54255,0,0.6931471805599453,0.643,NA,NA,1,0,1,0,0,0
Ecuador,ECU,2019,0.5475,0,0.6931471805599453,0.618,NA,NA,1,0,1,0,0,0
Ecuador,ECU,2020,0.5417,0,0.6931471805599453,0.623,NA,NA,1,0,1,0,0,0
Ecuador,ECU,2021,0.5321,0,0.6931471805599453,0.628,NA,NA,1,0,1,0,0,0
Ecuador,ECU,2022,0.5281,0,0.6931471805599453,0.659,NA,NA,1,0,1,0,0,0
Ecuador,ECU,2023,0.48935,0,0.6931471805599453,0.639,NA,NA,1,0,1,0,0,0
Ecuador,ECU,2024,0.473425,0,0.6931471805599453,0.651,NA,NA,1,0,1,0,0,0
France,FRA,1940,0.574625,0,0,0.186,NA,NA,0,1,0,0,0,0
France,FRA,1941,0.573425,0,0,0.083,NA,NA,0,1,0,0,0,0
France,FRA,1942,0.573425,0,0,0.083,NA,NA,0,1,0,0,0,0
France,FRA,1943,0.573425,0,0,0.083,NA,NA,0,1,0,0,0,0
France,FRA,1944,0.573025,0,0,0.084,NA,NA,0,1,0,0,0,0
France,FRA,1945,0.8253,0,0,0.208,NA,NA,0,1,0,0,0,0
France,FRA,1946,0.8655,0,0,0.362,NA,NA,0,1,0,0,0,0
France,FRA,1947,0.8633,1,1.0986122886681096,0.701,NA,NA,0,1,0,0,0,0
France,FRA,1948,0.8633,0,1.0986122886681096,0.742,NA,NA,0,1,0,0,0,0
France,FRA,1949,0.8633,0,1.0986122886681096,0.742,NA,NA,0,1,0,0,0,0
France,FRA,1950,0.8633,0,1.0986122886681096,0.751,NA,NA,0,1,0,0,0,0
France,FRA,1951,0.8633,0,1.0986122886681096,0.751,NA,NA,0,1,0,0,0,0
France,FRA,1952,0.8633,0,1.0986122886681096,0.752,NA,NA,0,1,0,0,0,0
France,FRA,1953,0.8633,0,1.0986122886681096,0.752,NA,NA,0,1,0,0,0,0
France,FRA,1954,0.8633,0,1.0986122886681096,0.721,NA,NA,0,1,0,0,0,0
France,FRA,1955,0.8633,0,1.0986122886681096,0.737,NA,NA,0,1,0,0,0,0
France,FRA,1956,0.8633,0,1.0986122886681096,0.743,NA,NA,0,1,0,0,0,0
France,FRA,1957,0.8633,0,1.0986122886681096,0.751,NA,NA,0,1,0,0,0,0
France,FRA,1958,0.8632,0,1.0986122886681096,0.756,NA,NA,0,1,0,0,0,0
France,FRA,1959,0.882875,0,1.0986122886681096,0.748,NA,NA,0,1,0,0,0,0
France,FRA,1960,0.882875,0,1.0986122886681096,0.75,NA,NA,0,1,0,0,0,0
France,FRA,1961,0.882875,0,1.0986122886681096,0.75,NA,NA,0,1,0,0,0,0
France,FRA,1962,0.882875,0,1.0986122886681096,0.75,NA,NA,0,1,0,0,0,0
France,FRA,1963,0.882875,0,1.0986122886681096,0.774,NA,NA,0,1,0,0,0,0
France,FRA,1964,0.882875,0,1.0986122886681096,0.774,NA,NA,0,1,0,0,0,0
France,FRA,1965,0.882875,0,1.0986122886681096,0.774,NA,NA,0,1,0,0,0,0
France,FRA,1966,0.882875,0,1.0986122886681096,0.775,NA,NA,0,1,0,0,0,0
France,FRA,1967,0.882875,0,1.0986122886681096,0.782,NA,NA,0,1,0,0,0,0
France,FRA,1968,0.882875,0,1.0986122886681096,0.779,NA,NA,0,1,0,0,0,0
France,FRA,1969,0.919875,0,1.0986122886681096,0.807,NA,NA,0,1,0,0,0,0
France,FRA,1970,0.920275,0,1.0986122886681096,0.832,NA,NA,0,1,0,0,0,0
France,FRA,1971,0.920275,0,1.0986122886681096,0.836,NA,NA,0,1,0,0,0,0
France,FRA,1972,0.920275,0,1.0986122886681096,0.83,NA,NA,0,1,0,0,0,0
France,FRA,1973,0.920275,0,1.0986122886681096,0.841,NA,NA,0,1,0,0,0,0
France,FRA,1974,0.920275,0,1.0986122886681096,0.844,NA,NA,0,1,0,0,0,0
France,FRA,1975,0.920275,0,1.0986122886681096,0.853,NA,NA,0,1,0,0,0,0
France,FRA,1976,0.922275,0,1.0986122886681096,0.853,NA,NA,0,1,0,0,0,0
France,FRA,1977,0.922275,0,1.0986122886681096,0.853,NA,NA,0,1,0,0,0,0
France,FRA,1978,0.922275,0,1.0986122886681096,0.855,NA,NA,0,1,0,0,0,0
France,FRA,1979,0.922275,0,1.0986122886681096,0.855,NA,NA,0,1,0,0,0,0
France,FRA,1980,0.922275,0,1.0986122886681096,0.855,NA,NA,0,1,0,0,0,0
France,FRA,1981,0.923275,0,1.0986122886681096,0.864,NA,NA,0,1,0,0,0,0
France,FRA,1982,0.923275,0,1.0986122886681096,0.868,NA,NA,0,1,0,0,0,0
France,FRA,1983,0.923275,0,1.0986122886681096,0.868,NA,NA,0,1,0,0,0,0
France,FRA,1984,0.923275,0,1.0986122886681096,0.868,NA,NA,0,1,0,0,0,0
France,FRA,1985,0.923275,0,1.0986122886681096,0.868,NA,NA,0,1,0,0,0,0
France,FRA,1986,0.923275,0,1.0986122886681096,0.868,NA,NA,0,1,0,0,0,0
France,FRA,1987,0.923275,0,1.0986122886681096,0.868,NA,NA,0,1,0,0,0,0
France,FRA,1988,0.923275,0,1.0986122886681096,0.876,NA,NA,0,1,0,0,0,0
France,FRA,1989,0.923275,0,1.0986122886681096,0.877,NA,NA,0,1,0,0,0,0
France,FRA,1990,0.923275,0,1.0986122886681096,0.877,NA,NA,0,1,0,0,0,0
France,FRA,1991,0.923275,0,1.0986122886681096,0.877,NA,NA,0,1,0,0,0,0
France,FRA,1992,0.928275,0,1.0986122886681096,0.877,NA,NA,0,1,0,0,0,0
France,FRA,1993,0.927275,0,1.0986122886681096,0.876,NA,NA,0,1,0,0,0,0
France,FRA,1994,0.927875,0,1.0986122886681096,0.876,NA,NA,0,1,0,0,0,0
France,FRA,1995,0.927875,0,1.0986122886681096,0.871,NA,NA,0,1,0,0,0,0
France,FRA,1996,0.927875,0,1.0986122886681096,0.874,NA,NA,0,1,0,0,0,0
France,FRA,1997,0.927875,0,1.0986122886681096,0.876,NA,NA,0,1,0,0,0,0
France,FRA,1998,0.927875,0,1.0986122886681096,0.877,NA,NA,0,1,0,0,0,0
France,FRA,1999,0.927875,0,1.0986122886681096,0.877,NA,NA,0,1,0,0,0,0
France,FRA,2000,0.927875,0,1.0986122886681096,0.877,NA,NA,0,1,0,0,0,0
France,FRA,2001,0.927875,0,1.0986122886681096,0.877,NA,NA,0,1,0,0,0,0
France,FRA,2002,0.927875,0,1.0986122886681096,0.875,NA,NA,0,1,0,0,0,0
France,FRA,2003,0.927875,0,1.0986122886681096,0.874,NA,NA,0,1,0,0,0,0
France,FRA,2004,0.927875,0,1.0986122886681096,0.874,NA,NA,0,1,0,0,0,0
France,FRA,2005,0.928675,0,1.0986122886681096,0.874,NA,NA,0,1,0,0,0,0
France,FRA,2006,0.928675,0,1.0986122886681096,0.874,NA,NA,0,1,0,0,0,0
France,FRA,2007,0.928675,0,1.0986122886681096,0.878,NA,NA,0,1,0,0,0,0
France,FRA,2008,0.928675,0,1.0986122886681096,0.886,NA,NA,0,1,0,0,0,0
France,FRA,2009,0.928875,0,1.0986122886681096,0.886,NA,NA,0,1,0,0,0,0
France,FRA,2010,0.928875,0,1.0986122886681096,0.886,NA,NA,0,1,0,0,0,0
France,FRA,2011,0.928875,0,1.0986122886681096,0.889,NA,NA,0,1,0,0,0,0
France,FRA,2012,0.928875,0,1.0986122886681096,0.891,NA,NA,0,1,0,0,0,0
France,FRA,2013,0.928675,0,1.0986122886681096,0.892,NA,NA,0,1,0,0,0,0
France,FRA,2014,0.928675,0,1.0986122886681096,0.891,NA,NA,0,1,0,0,0,0
France,FRA,2015,0.928675,0,1.0986122886681096,0.885,NA,NA,0,1,0,0,0,0
France,FRA,2016,0.928675,0,1.0986122886681096,0.885,NA,NA,0,1,0,0,0,0
France,FRA,2017,0.928675,0,1.0986122886681096,0.887,NA,NA,0,1,0,0,0,0
France,FRA,2018,0.90035,0,1.0986122886681096,0.875,NA,NA,0,1,0,0,0,0
France,FRA,2019,0.90035,0,1.0986122886681096,0.867,NA,NA,0,1,0,0,0,0
France,FRA,2020,0.90035,0,1.0986122886681096,0.866,NA,NA,0,1,0,0,0,0
France,FRA,2021,0.88715,0,1.0986122886681096,0.867,NA,NA,0,1,0,0,0,0
France,FRA,2022,0.885625,0,1.0986122886681096,0.878,NA,NA,0,1,0,0,0,0
France,FRA,2023,0.891825,0,1.0986122886681096,0.876,NA,NA,0,1,0,0,0,0
France,FRA,2024,0.890825,0,1.0986122886681096,0.866,NA,NA,0,1,0,0,0,0
Germany,DEU,1940,0.31625,0,0,0.072,NA,NA,0,1,0,0,0,0
Germany,DEU,1941,0.31625,0,0,0.072,NA,NA,0,1,0,0,0,0
Germany,DEU,1942,0.31625,0,0,0.072,NA,NA,0,1,0,0,0,0
Germany,DEU,1943,0.31625,0,0,0.072,NA,NA,0,1,0,0,0,0
Germany,DEU,1944,0.31625,0,0,0.072,NA,NA,0,1,0,0,0,0
Germany,DEU,1949,0.9476,1,1.0986122886681096,0.802,NA,NA,0,1,0,0,0,0
Germany,DEU,1950,0.9456,0,1.0986122886681096,0.82,NA,NA,0,1,0,0,0,0
Germany,DEU,1951,0.954725,0,1.0986122886681096,0.82,NA,NA,0,1,0,0,0,0
Germany,DEU,1952,0.954725,0,1.0986122886681096,0.801,NA,NA,0,1,0,0,0,0
Germany,DEU,1953,0.954725,0,1.0986122886681096,0.818,NA,NA,0,1,0,0,0,0
Germany,DEU,1954,0.954925,0,1.0986122886681096,0.835,NA,NA,0,1,0,0,0,0
Germany,DEU,1955,0.956125,0,1.0986122886681096,0.835,NA,NA,0,1,0,0,0,0
Germany,DEU,1956,0.956125,0,1.0986122886681096,0.827,NA,NA,0,1,0,0,0,0
Germany,DEU,1957,0.957525,0,1.0986122886681096,0.837,NA,NA,0,1,0,0,0,0
Germany,DEU,1958,0.959125,0,1.0986122886681096,0.836,NA,NA,0,1,0,0,0,0
Germany,DEU,1959,0.959125,0,1.0986122886681096,0.836,NA,NA,0,1,0,0,0,0
Germany,DEU,1960,0.959125,0,1.0986122886681096,0.836,NA,NA,0,1,0,0,0,0
Germany,DEU,1961,0.959125,0,1.0986122886681096,0.839,NA,NA,0,1,0,0,0,0
Germany,DEU,1962,0.959125,0,1.0986122886681096,0.842,NA,NA,0,1,0,0,0,0
Germany,DEU,1963,0.959125,0,1.0986122886681096,0.847,NA,NA,0,1,0,0,0,0
Germany,DEU,1964,0.959125,0,1.0986122886681096,0.847,NA,NA,0,1,0,0,0,0
Germany,DEU,1965,0.959125,0,1.0986122886681096,0.85,NA,NA,0,1,0,0,0,0
Germany,DEU,1966,0.959125,0,1.0986122886681096,0.851,NA,NA,0,1,0,0,0,0
Germany,DEU,1967,0.959125,0,1.0986122886681096,0.851,NA,NA,0,1,0,0,0,0
Germany,DEU,1968,0.96905,0,1.0986122886681096,0.851,NA,NA,0,1,0,0,0,0
Germany,DEU,1969,0.96905,0,1.0986122886681096,0.852,NA,NA,0,1,0,0,0,0
Germany,DEU,1970,0.97165,0,1.0986122886681096,0.86,NA,NA,0,1,0,0,0,0
Germany,DEU,1971,0.97165,0,1.0986122886681096,0.861,NA,NA,0,1,0,0,0,0
Germany,DEU,1972,0.97165,0,1.0986122886681096,0.861,NA,NA,0,1,0,0,0,0
Germany,DEU,1973,0.97165,0,1.0986122886681096,0.86,NA,NA,0,1,0,0,0,0
Germany,DEU,1974,0.97165,0,1.0986122886681096,0.86,NA,NA,0,1,0,0,0,0
Germany,DEU,1975,0.97165,0,1.0986122886681096,0.86,NA,NA,0,1,0,0,0,0
Germany,DEU,1976,0.97165,0,1.0986122886681096,0.859,NA,NA,0,1,0,0,0,0
Germany,DEU,1977,0.97165,0,1.0986122886681096,0.858,NA,NA,0,1,0,0,0,0
Germany,DEU,1978,0.97305,0,1.0986122886681096,0.862,NA,NA,0,1,0,0,0,0
Germany,DEU,1979,0.97305,0,1.0986122886681096,0.865,NA,NA,0,1,0,0,0,0
Germany,DEU,1980,0.9769,0,1.0986122886681096,0.868,NA,NA,0,1,0,0,0,0
Germany,DEU,1981,0.9769,0,1.0986122886681096,0.869,NA,NA,0,1,0,0,0,0
Germany,DEU,1982,0.9769,0,1.0986122886681096,0.869,NA,NA,0,1,0,0,0,0
Germany,DEU,1983,0.9769,0,1.0986122886681096,0.87,NA,NA,0,1,0,0,0,0
Germany,DEU,1984,0.9769,0,1.0986122886681096,0.87,NA,NA,0,1,0,0,0,0
Germany,DEU,1985,0.9769,0,1.0986122886681096,0.87,NA,NA,0,1,0,0,0,0
Germany,DEU,1986,0.9769,0,1.0986122886681096,0.87,NA,NA,0,1,0,0,0,0
Germany,DEU,1987,0.9769,0,1.0986122886681096,0.87,NA,NA,0,1,0,0,0,0
Germany,DEU,1988,0.9769,0,1.0986122886681096,0.87,NA,NA,0,1,0,0,0,0
Germany,DEU,1989,0.9769,0,1.0986122886681096,0.87,NA,NA,0,1,0,0,0,0
Germany,DEU,1990,0.986475,0,1.0986122886681096,0.895,NA,NA,0,1,0,0,0,0
Germany,DEU,1991,0.986475,0,1.0986122886681096,0.896,NA,NA,0,1,0,0,0,0
Germany,DEU,1992,0.986475,0,1.0986122886681096,0.896,NA,NA,0,1,0,0,0,0
Germany,DEU,1993,0.986475,0,1.0986122886681096,0.896,NA,NA,0,1,0,0,0,0
Germany,DEU,1994,0.986475,0,1.0986122886681096,0.896,NA,NA,0,1,0,0,0,0
Germany,DEU,1995,0.986475,0,1.0986122886681096,0.896,NA,NA,0,1,0,0,0,0
Germany,DEU,1996,0.986475,0,1.0986122886681096,0.896,NA,NA,0,1,0,0,0,0
Germany,DEU,1997,0.986475,0,1.0986122886681096,0.896,NA,NA,0,1,0,0,0,0
Germany,DEU,1998,0.986475,0,1.0986122886681096,0.896,NA,NA,0,1,0,0,0,0
Germany,DEU,1999,0.986475,0,1.0986122886681096,0.895,NA,NA,0,1,0,0,0,0
Germany,DEU,2000,0.986475,0,1.0986122886681096,0.895,NA,NA,0,1,0,0,0,0
Germany,DEU,2001,0.986475,0,1.0986122886681096,0.895,NA,NA,0,1,0,0,0,0
Germany,DEU,2002,0.986475,0,1.0986122886681096,0.896,NA,NA,0,1,0,0,0,0
Germany,DEU,2003,0.986475,0,1.0986122886681096,0.897,NA,NA,0,1,0,0,0,0
Germany,DEU,2004,0.986475,0,1.0986122886681096,0.897,NA,NA,0,1,0,0,0,0
Germany,DEU,2005,0.986475,0,1.0986122886681096,0.897,NA,NA,0,1,0,0,0,0
Germany,DEU,2006,0.986475,0,1.0986122886681096,0.906,NA,NA,0,1,0,0,0,0
Germany,DEU,2007,0.986475,0,1.0986122886681096,0.906,NA,NA,0,1,0,0,0,0
Germany,DEU,2008,0.986475,0,1.0986122886681096,0.906,NA,NA,0,1,0,0,0,0
Germany,DEU,2009,0.986475,0,1.0986122886681096,0.901,NA,NA,0,1,0,0,0,0
Germany,DEU,2010,0.986475,0,1.0986122886681096,0.899,NA,NA,0,1,0,0,0,0
Germany,DEU,2011,0.986475,0,1.0986122886681096,0.903,NA,NA,0,1,0,0,0,0
Germany,DEU,2012,0.986475,0,1.0986122886681096,0.902,NA,NA,0,1,0,0,0,0
Germany,DEU,2013,0.9826,0,1.0986122886681096,0.895,NA,NA,0,1,0,0,0,0
Germany,DEU,2014,0.9826,0,1.0986122886681096,0.888,NA,NA,0,1,0,0,0,0
Germany,DEU,2015,0.9826,0,1.0986122886681096,0.885,NA,NA,0,1,0,0,0,0
Germany,DEU,2016,0.9822,0,1.0986122886681096,0.888,NA,NA,0,1,0,0,0,0
Germany,DEU,2017,0.9818,0,1.0986122886681096,0.888,NA,NA,0,1,0,0,0,0
Germany,DEU,2018,0.9806,0,1.0986122886681096,0.88,NA,NA,0,1,0,0,0,0
Germany,DEU,2019,0.9806,0,1.0986122886681096,0.882,NA,NA,0,1,0,0,0,0
Germany,DEU,2020,0.9806,0,1.0986122886681096,0.872,NA,NA,0,1,0,0,0,0
Germany,DEU,2021,0.9806,0,1.0986122886681096,0.864,NA,NA,0,1,0,0,0,0
Germany,DEU,2022,0.9806,0,1.0986122886681096,0.854,NA,NA,0,1,0,0,0,0
Germany,DEU,2023,0.9808,0,1.0986122886681096,0.854,NA,NA,0,1,0,0,0,0
Germany,DEU,2024,0.9808,0,1.0986122886681096,0.839,NA,NA,0,1,0,0,0,0
Guatemala,GTM,1940,0.216025,0,0,0.098,NA,NA,1,0,1,0,0,0
Guatemala,GTM,1941,0.216025,0,0,0.098,NA,NA,1,0,1,0,0,0
Guatemala,GTM,1942,0.216025,0,0,0.098,NA,NA,1,0,1,0,0,0
Guatemala,GTM,1943,0.216025,0,0,0.098,NA,NA,1,0,1,0,0,0
Guatemala,GTM,1944,0.2953,0,0,0.137,NA,NA,1,0,1,0,0,0
Guatemala,GTM,1945,0.458525,0,0,0.291,NA,NA,1,0,1,0,0,0
Guatemala,GTM,1946,0.436925,0,0,0.361,NA,NA,1,0,1,0,0,0
Guatemala,GTM,1947,0.436925,0,0,0.39,NA,NA,1,0,1,0,0,0
Guatemala,GTM,1948,0.436925,0,0,0.391,NA,NA,1,0,1,0,0,0
Guatemala,GTM,1949,0.436925,0,0,0.387,NA,NA,1,0,1,0,0,0
Guatemala,GTM,1950,0.436925,0,0,0.387,NA,NA,1,0,1,0,0,0
Guatemala,GTM,1951,0.436925,0,0,0.385,NA,NA,1,0,1,0,0,0
Guatemala,GTM,1952,0.427625,0,0,0.382,NA,NA,1,0,1,0,0,0
Guatemala,GTM,1953,0.425425,0,0,0.376,NA,NA,1,0,1,0,0,0
Guatemala,GTM,1954,0.370975,0,0,0.245,NA,NA,1,0,1,0,0,0
Guatemala,GTM,1955,0.173675,0,0,0.079,NA,NA,1,0,1,0,0,0
Guatemala,GTM,1956,0.174475,0,0,0.086,NA,NA,1,0,1,0,0,0
Guatemala,GTM,1957,0.165275,0,0,0.101,NA,NA,1,0,1,0,0,0
Guatemala,GTM,1958,0.17835,0,0,0.153,NA,NA,1,0,1,0,0,0
Guatemala,GTM,1959,0.17995,0,0,0.155,NA,NA,1,0,1,0,0,0
Guatemala,GTM,1960,0.160075,0,0,0.154,NA,NA,1,0,1,0,0,0
Guatemala,GTM,1961,0.160075,0,0,0.157,NA,NA,1,0,1,0,0,0
Guatemala,GTM,1962,0.163075,0,0,0.155,NA,NA,1,0,1,0,0,0
Guatemala,GTM,1963,0.180475,0,0,0.101,NA,NA,1,0,1,0,0,0
Guatemala,GTM,1964,0.181875,0,0,0.087,NA,NA,1,0,1,0,0,0
Guatemala,GTM,1965,0.181875,0,0,0.084,NA,NA,1,0,1,0,0,0
Guatemala,GTM,1966,0.184475,0,0,0.128,NA,NA,1,0,1,0,0,0
Guatemala,GTM,1967,0.21625,0,0,0.184,NA,NA,1,0,1,0,0,0
Guatemala,GTM,1968,0.208925,0,0,0.183,NA,NA,1,0,1,0,0,0
Guatemala,GTM,1969,0.208925,0,0,0.183,NA,NA,1,0,1,0,0,0
Guatemala,GTM,1970,0.194425,0,0,0.176,NA,NA,1,0,1,0,0,0
Guatemala,GTM,1971,0.190375,0,0,0.171,NA,NA,1,0,1,0,0,0
Guatemala,GTM,1972,0.190375,0,0,0.171,NA,NA,1,0,1,0,0,0
Guatemala,GTM,1973,0.183225,0,0,0.172,NA,NA,1,0,1,0,0,0
Guatemala,GTM,1974,0.1764,0,0,0.173,NA,NA,1,0,1,0,0,0
Guatemala,GTM,1975,0.187025,0,0,0.174,NA,NA,1,0,1,0,0,0
Guatemala,GTM,1976,0.187025,0,0,0.172,NA,NA,1,0,1,0,0,0
Guatemala,GTM,1977,0.171675,0,0,0.169,NA,NA,1,0,1,0,0,0
Guatemala,GTM,1978,0.1272,0,0,0.165,NA,NA,1,0,1,0,0,0
Guatemala,GTM,1979,0.12285,0,0,0.163,NA,NA,1,0,1,0,0,0
Guatemala,GTM,1980,0.12045,0,0,0.163,NA,NA,1,0,1,0,0,0
Guatemala,GTM,1981,0.12625,0,0,0.163,NA,NA,1,0,1,0,0,0
Guatemala,GTM,1982,0.114775,0,0,0.11,NA,NA,1,0,1,0,0,0
Guatemala,GTM,1983,0.140875,0,0,0.095,NA,NA,1,0,1,0,0,0
Guatemala,GTM,1984,0.1515,0,0,0.126,NA,NA,1,0,1,0,0,0
Guatemala,GTM,1985,0.175975,0,0,0.15,NA,NA,1,0,1,0,0,0
Guatemala,GTM,1986,0.198625,0,0,0.343,NA,NA,1,0,1,0,0,0
Guatemala,GTM,1987,0.265075,0,0,0.367,NA,NA,1,0,1,0,0,0
Guatemala,GTM,1988,0.265075,0,0,0.367,NA,NA,1,0,1,0,0,0
Guatemala,GTM,1989,0.265075,0,0,0.367,NA,NA,1,0,1,0,0,0
Guatemala,GTM,1990,0.270375,0,0,0.369,NA,NA,1,0,1,0,0,0
Guatemala,GTM,1991,0.256375,0,0,0.386,NA,NA,1,0,1,0,0,0
Guatemala,GTM,1992,0.256375,0,0,0.386,NA,NA,1,0,1,0,0,0
Guatemala,GTM,1993,0.276375,0,0,0.388,NA,NA,1,0,1,0,0,0
Guatemala,GTM,1994,0.282875,0,0,0.402,NA,NA,1,0,1,0,0,0
Guatemala,GTM,1995,0.285875,0,0,0.414,NA,NA,1,0,1,0,0,0
Guatemala,GTM,1996,0.322075,0,0,0.452,NA,NA,1,0,1,0,0,0
Guatemala,GTM,1997,0.353175,0,0,0.491,NA,NA,1,0,1,0,0,0
Guatemala,GTM,1998,0.356175,0,0,0.491,NA,NA,1,0,1,0,0,0
Guatemala,GTM,1999,0.351175,0,0,0.493,NA,NA,1,0,1,0,0,0
Guatemala,GTM,2000,0.34935,1,NA,0.546,NA,NA,1,0,1,0,0,0
Guatemala,GTM,2001,0.35435,0,NA,0.546,NA,NA,1,0,1,0,0,0
Guatemala,GTM,2002,0.35535,0,NA,0.546,NA,NA,1,0,1,0,0,0
Guatemala,GTM,2003,0.35535,0,NA,0.548,NA,NA,1,0,1,0,0,0
Guatemala,GTM,2004,0.38055,0,NA,0.562,NA,NA,1,0,1,0,0,0
Guatemala,GTM,2005,0.38055,0,NA,0.562,NA,NA,1,0,1,0,0,0
Guatemala,GTM,2006,0.38055,0,NA,0.562,NA,NA,1,0,1,0,0,0
Guatemala,GTM,2007,0.38055,0,NA,0.568,NA,NA,1,0,1,0,0,0
Guatemala,GTM,2008,0.3914,0,NA,0.588,NA,NA,1,0,1,0,0,0
Guatemala,GTM,2009,0.3932,0,NA,0.588,NA,NA,1,0,1,0,0,0
Guatemala,GTM,2010,0.3914,0,NA,0.583,NA,NA,1,0,1,0,0,0
Guatemala,GTM,2011,0.392,0,NA,0.583,NA,NA,1,0,1,0,0,0
Guatemala,GTM,2012,0.3938,0,NA,0.578,NA,NA,1,0,1,0,0,0
Guatemala,GTM,2013,0.4049,0,NA,0.573,NA,NA,1,0,1,0,0,0
Guatemala,GTM,2014,0.4059,0,NA,0.58,NA,NA,1,0,1,0,0,0
Guatemala,GTM,2015,0.41415,0,NA,0.595,NA,NA,1,0,1,0,0,0
Guatemala,GTM,2016,0.447225,0,NA,0.626,NA,NA,1,0,1,0,0,0
Guatemala,GTM,2017,0.443225,0,NA,0.629,NA,NA,1,0,1,0,0,0
Guatemala,GTM,2018,0.3794,0,NA,0.599,NA,NA,1,0,1,0,0,0
Guatemala,GTM,2019,0.3856,0,NA,0.604,NA,NA,1,0,1,0,0,0
Guatemala,GTM,2020,0.38955,0,NA,0.587,NA,NA,1,0,1,0,0,0
Guatemala,GTM,2021,0.378,0,NA,0.549,NA,NA,1,0,1,0,0,0
Guatemala,GTM,2022,0.343425,0,NA,0.507,NA,NA,1,0,1,0,0,0
Guatemala,GTM,2023,0.3318,0,NA,0.505,NA,NA,1,0,1,0,0,0
Guatemala,GTM,2024,0.444375,0,NA,0.597,NA,NA,1,0,1,0,0,0
Iran,IRN,1940,0.379275,0,0,0.114,NA,NA,1,0,0,0,1,0
Iran,IRN,1941,0.4097,0,0,0.101,NA,NA,1,0,0,0,1,0
Iran,IRN,1942,0.4796,0,0,0.123,NA,NA,1,0,0,0,1,0
Iran,IRN,1943,0.4796,0,0,0.13,NA,NA,1,0,0,0,1,0
Iran,IRN,1944,0.4796,0,0,0.161,NA,NA,1,0,0,0,1,0
Iran,IRN,1945,0.4796,0,0,0.164,NA,NA,1,0,0,0,1,0
Iran,IRN,1946,0.4796,0,0,0.163,NA,NA,1,0,0,0,1,0
Iran,IRN,1947,0.4796,0,0,0.163,NA,NA,1,0,0,0,1,0
Iran,IRN,1948,0.4796,0,0,0.161,NA,NA,1,0,0,0,1,0
Iran,IRN,1949,0.4796,0,0,0.161,NA,NA,1,0,0,0,1,0
Iran,IRN,1950,0.51585,0,0,0.157,NA,NA,1,0,0,0,1,0
Iran,IRN,1951,0.528025,0,0,0.186,NA,NA,1,0,0,0,1,0
Iran,IRN,1952,0.529625,0,0,0.206,NA,NA,1,0,0,0,1,0
Iran,IRN,1953,0.50755,0,0,0.118,NA,NA,1,0,0,0,1,0
Iran,IRN,1954,0.48405,0,0,0.058,NA,NA,1,0,0,0,1,0
Iran,IRN,1955,0.48305,0,0,0.102,NA,NA,1,0,0,0,1,0
Iran,IRN,1956,0.48305,0,0,0.058,NA,NA,1,0,0,0,1,0
Iran,IRN,1957,0.48305,0,0,0.059,NA,NA,1,0,0,0,1,0
Iran,IRN,1958,0.48305,0,0,0.059,NA,NA,1,0,0,0,1,0
Iran,IRN,1959,0.48305,0,0,0.059,NA,NA,1,0,0,0,1,0
Iran,IRN,1960,0.50125,0,0,0.061,NA,NA,1,0,0,0,1,0
Iran,IRN,1961,0.50125,0,0,0.061,NA,NA,1,0,0,0,1,0
Iran,IRN,1962,0.53665,0,0,0.06,NA,NA,1,0,0,0,1,0
Iran,IRN,1963,0.54085,0,0,0.061,NA,NA,1,0,0,0,1,0
Iran,IRN,1964,0.54085,0,0,0.111,NA,NA,1,0,0,0,1,0
Iran,IRN,1965,0.54085,0,0,0.112,NA,NA,1,0,0,0,1,0
Iran,IRN,1966,0.54085,0,0,0.112,NA,NA,1,0,0,0,1,0
Iran,IRN,1967,0.54085,0,0,0.113,NA,NA,1,0,0,0,1,0
Iran,IRN,1968,0.559175,0,0,0.114,NA,NA,1,0,0,0,1,0
Iran,IRN,1969,0.559175,0,0,0.114,NA,NA,1,0,0,0,1,0
Iran,IRN,1970,0.559175,0,0,0.115,NA,NA,1,0,0,0,1,0
Iran,IRN,1971,0.559175,0,0,0.115,NA,NA,1,0,0,0,1,0
Iran,IRN,1972,0.559175,0,0,0.114,NA,NA,1,0,0,0,1,0
Iran,IRN,1973,0.559175,0,0,0.114,NA,NA,1,0,0,0,1,0
Iran,IRN,1974,0.559175,0,0,0.114,NA,NA,1,0,0,0,1,0
Iran,IRN,1975,0.559175,0,0,0.109,NA,NA,1,0,0,0,1,0
Iran,IRN,1976,0.559175,0,0,0.108,NA,NA,1,0,0,0,1,0
Iran,IRN,1977,0.561775,0,0,0.108,NA,NA,1,0,0,0,1,0
Iran,IRN,1978,0.561775,0,0,0.111,NA,NA,1,0,0,0,1,0
Iran,IRN,1979,0.468125,0,0,0.161,NA,NA,1,0,0,0,1,0
Iran,IRN,1980,0.349875,0,0,0.168,NA,NA,1,0,0,0,1,0
Iran,IRN,1981,0.319525,0,0,0.123,NA,NA,1,0,0,0,1,0
Iran,IRN,1982,0.319525,0,0,0.107,NA,NA,1,0,0,0,1,0
Iran,IRN,1983,0.313725,0,0,0.105,NA,NA,1,0,0,0,1,0
Iran,IRN,1984,0.343575,0,0,0.108,NA,NA,1,0,0,0,1,0
Iran,IRN,1985,0.359975,0,0,0.109,NA,NA,1,0,0,0,1,0
Iran,IRN,1986,0.359975,0,0,0.111,NA,NA,1,0,0,0,1,0
Iran,IRN,1987,0.359175,0,0,0.172,NA,NA,1,0,0,0,1,0
Iran,IRN,1988,0.359175,0,0,0.178,NA,NA,1,0,0,0,1,0
Iran,IRN,1989,0.370375,0,0,0.169,NA,NA,1,0,0,0,1,0
Iran,IRN,1990,0.418575,0,0,0.16,NA,NA,1,0,0,0,1,0
Iran,IRN,1991,0.418575,0,0,0.161,NA,NA,1,0,0,0,1,0
Iran,IRN,1992,0.418575,0,0,0.16,NA,NA,1,0,0,0,1,0
Iran,IRN,1993,0.418575,0,0,0.163,NA,NA,1,0,0,0,1,0
Iran,IRN,1994,0.442075,0,0,0.165,NA,NA,1,0,0,0,1,0
Iran,IRN,1995,0.442075,0,0,0.168,NA,NA,1,0,0,0,1,0
Iran,IRN,1996,0.44435,0,0,0.175,NA,NA,1,0,0,0,1,0
Iran,IRN,1997,0.4868,0,0,0.222,NA,NA,1,0,0,0,1,0
Iran,IRN,1998,0.507675,0,0,0.233,NA,NA,1,0,0,0,1,0
Iran,IRN,1999,0.508875,0,0,0.236,NA,NA,1,0,0,0,1,0
Iran,IRN,2000,0.4821,0,0,0.237,NA,NA,1,0,0,0,1,0
Iran,IRN,2001,0.4821,0,0,0.234,NA,NA,1,0,0,0,1,0
Iran,IRN,2002,0.4821,0,0,0.232,NA,NA,1,0,0,0,1,0
Iran,IRN,2003,0.4821,0,0,0.232,NA,NA,1,0,0,0,1,0
Iran,IRN,2004,0.4684,0,0,0.208,NA,NA,1,0,0,0,1,0
Iran,IRN,2005,0.4016,0,0,0.178,NA,NA,1,0,0,0,1,0
Iran,IRN,2006,0.396625,0,0,0.174,NA,NA,1,0,0,0,1,0
Iran,IRN,2007,0.396625,0,0,0.174,NA,NA,1,0,0,0,1,0
Iran,IRN,2008,0.396625,0,0,0.168,NA,NA,1,0,0,0,1,0
Iran,IRN,2009,0.38655,0,0,0.159,NA,NA,1,0,0,0,1,0
Iran,IRN,2010,0.37115,0,0,0.145,NA,NA,1,0,0,0,1,0
Iran,IRN,2011,0.3742,0,0,0.146,NA,NA,1,0,0,0,1,0
Iran,IRN,2012,0.3742,0,0,0.159,NA,NA,1,0,0,0,1,0
Iran,IRN,2013,0.389275,0,0,0.175,NA,NA,1,0,0,0,1,0
Iran,IRN,2014,0.389075,0,0,0.185,NA,NA,1,0,0,0,1,0
Iran,IRN,2015,0.403625,0,0,0.188,NA,NA,1,0,0,0,1,0
Iran,IRN,2016,0.40985,0,0,0.188,NA,NA,1,0,0,0,1,0
Iran,IRN,2017,0.405525,0,0,0.187,NA,NA,1,0,0,0,1,0
Iran,IRN,2018,0.3961,0,0,0.183,NA,NA,1,0,0,0,1,0
Iran,IRN,2019,0.3977,0,0,0.182,NA,NA,1,0,0,0,1,0
Iran,IRN,2020,0.38215,0,0,0.166,NA,NA,1,0,0,0,1,0
Iran,IRN,2021,0.349075,0,0,0.158,NA,NA,1,0,0,0,1,0
Iran,IRN,2022,0.3351,0,0,0.151,NA,NA,1,0,0,0,1,0
Iran,IRN,2023,0.340375,0,0,0.154,NA,NA,1,0,0,0,1,0
Iran,IRN,2024,0.37545,0,0,0.167,NA,NA,1,0,0,0,1,0
Iraq,IRQ,1940,0.4492,0,0,0.145,0,NA,1,0,0,0,1,0
Iraq,IRQ,1941,0.4468,0,0,0.138,0,NA,1,0,0,0,1,0
Iraq,IRQ,1942,0.4468,0,0,0.137,0,NA,1,0,0,0,1,0
Iraq,IRQ,1943,0.4468,0,0,0.137,0,NA,1,0,0,0,1,0
Iraq,IRQ,1944,0.4468,0,0,0.137,0,NA,1,0,0,0,1,0
Iraq,IRQ,1945,0.442425,0,0,0.136,0,NA,1,0,0,0,1,0
Iraq,IRQ,1946,0.440825,0,0,0.139,0,NA,1,0,0,0,1,0
Iraq,IRQ,1947,0.440825,0,0,0.142,0,NA,1,0,0,0,1,0
Iraq,IRQ,1948,0.440825,0,0,0.142,0,NA,1,0,0,0,1,0
Iraq,IRQ,1949,0.440825,0,0,0.144,0,NA,1,0,0,0,1,0
Iraq,IRQ,1950,0.440425,0,0,0.144,0,NA,1,0,0,0,1,0
Iraq,IRQ,1951,0.440425,0,0,0.145,0,NA,1,0,0,0,1,0
Iraq,IRQ,1952,0.440425,0,0,0.145,0,NA,1,0,0,0,1,0
Iraq,IRQ,1953,0.440425,0,0,0.177,0,NA,1,0,0,0,1,0
Iraq,IRQ,1954,0.4336,0,0,0.178,0,NA,1,0,0,0,1,0
Iraq,IRQ,1955,0.4336,0,0,0.211,0,NA,1,0,0,0,1,0
Iraq,IRQ,1956,0.4336,0,0,0.211,0,NA,1,0,0,0,1,0
Iraq,IRQ,1957,0.4336,0,0,0.211,0,NA,1,0,0,0,1,0
Iraq,IRQ,1958,0.3862,0,0,0.155,0,NA,1,0,0,0,1,0
Iraq,IRQ,1959,0.397025,0,0,0.098,0,NA,1,0,0,0,1,0
Iraq,IRQ,1960,0.404025,0,0,0.099,0,NA,1,0,0,0,1,0
Iraq,IRQ,1961,0.392825,0,0,0.091,0,NA,1,0,0,0,1,0
Iraq,IRQ,1962,0.392825,0,0,0.092,0,NA,1,0,0,0,1,0
Iraq,IRQ,1963,0.339775,0,0,0.068,0,NA,1,0,0,0,1,0
Iraq,IRQ,1964,0.34435,0,0,0.069,0,NA,1,0,0,0,1,0
Iraq,IRQ,1965,0.35435,0,0,0.071,0,NA,1,0,0,0,1,0
Iraq,IRQ,1966,0.35435,0,0,0.077,0,NA,1,0,0,0,1,0
Iraq,IRQ,1967,0.35835,0,0,0.08,0,NA,1,0,0,0,1,0
Iraq,IRQ,1968,0.35055,0,0,0.056,0,NA,1,0,0,0,1,0
Iraq,IRQ,1969,0.34555,0,0,0.052,0,NA,1,0,0,0,1,0
Iraq,IRQ,1970,0.33655,0,0,0.051,0,NA,1,0,0,0,1,0
Iraq,IRQ,1971,0.34035,0,0,0.051,0,NA,1,0,0,0,1,0
Iraq,IRQ,1972,0.34035,0,0,0.051,0,NA,1,0,0,0,1,0
Iraq,IRQ,1973,0.34035,0,0,0.052,0,NA,1,0,0,0,1,0
Iraq,IRQ,1974,0.34035,0,0,0.053,0,NA,1,0,0,0,1,0
Iraq,IRQ,1975,0.34035,0,0,0.052,0,NA,1,0,0,0,1,0
Iraq,IRQ,1976,0.34035,0,0,0.052,0,NA,1,0,0,0,1,0
Iraq,IRQ,1977,0.33635,0,0,0.05,0,NA,1,0,0,0,1,0
Iraq,IRQ,1978,0.33635,0,0,0.05,0,NA,1,0,0,0,1,0
Iraq,IRQ,1979,0.32775,0,0,0.046,0,NA,1,0,0,0,1,0
Iraq,IRQ,1980,0.2766,0,0,0.047,0,NA,1,0,0,0,1,0
Iraq,IRQ,1981,0.2766,0,0,0.082,0,NA,1,0,0,0,1,0
Iraq,IRQ,1982,0.2766,0,0,0.082,0,NA,1,0,0,0,1,0
Iraq,IRQ,1983,0.2766,0,0,0.082,0,NA,1,0,0,0,1,0
Iraq,IRQ,1984,0.2766,0,0,0.081,0,NA,1,0,0,0,1,0
Iraq,IRQ,1985,0.2766,0,0,0.08,0,NA,1,0,0,0,1,0
Iraq,IRQ,1986,0.2766,0,0,0.08,0,NA,1,0,0,0,1,0
Iraq,IRQ,1987,0.2766,0,0,0.08,0,NA,1,0,0,0,1,0
Iraq,IRQ,1988,0.2766,0,0,0.081,0,NA,1,0,0,0,1,0
Iraq,IRQ,1989,0.2766,0,0,0.081,0,NA,1,0,0,0,1,0
Iraq,IRQ,1990,0.269425,0,0,0.081,0,NA,1,0,0,0,1,0
Iraq,IRQ,1991,0.226525,0,0,0.08,0,NA,1,0,0,0,1,0
Iraq,IRQ,1992,0.226525,0,0,0.08,0,NA,1,0,0,0,1,0
Iraq,IRQ,1993,0.226525,0,0,0.082,0,NA,1,0,0,0,1,0
Iraq,IRQ,1994,0.226525,0,0,0.082,0,NA,1,0,0,0,1,0
Iraq,IRQ,1995,0.226525,0,0,0.096,0,NA,1,0,0,0,1,0
Iraq,IRQ,1996,0.226525,0,0,0.146,0,NA,1,0,0,0,1,0
Iraq,IRQ,1997,0.226525,0,0,0.146,0,NA,1,0,0,0,1,0
Iraq,IRQ,1998,0.226525,0,0,0.146,0,NA,1,0,0,0,1,0
Iraq,IRQ,1999,0.226525,0,0,0.146,0,NA,1,0,0,0,1,0
Iraq,IRQ,2000,0.2288,0,0,0.146,0,NA,1,0,0,0,1,0
Iraq,IRQ,2001,0.2288,0,0,0.147,0,NA,1,0,0,0,1,0
Iraq,IRQ,2002,0.224,0,0,0.147,0,NA,1,0,0,0,1,0
Iraq,IRQ,2003,0.27555,0,0,0.183,0,NA,1,0,0,0,1,0
Iraq,IRQ,2004,0.293775,0,0,0.214,0,NA,1,0,0,0,1,0
Iraq,IRQ,2005,0.285975,0,0,0.24,0,NA,1,0,0,0,1,0
Iraq,IRQ,2006,0.286175,0,0,0.403,0,NA,1,0,0,0,1,0
Iraq,IRQ,2007,0.286175,0,0,0.433,0,NA,1,0,0,0,1,0
Iraq,IRQ,2008,0.287175,0,0,0.431,0,NA,1,0,0,0,1,0
Iraq,IRQ,2009,0.289975,0,0,0.431,0,NA,1,0,0,0,1,0
Iraq,IRQ,2010,0.292775,0,0,0.421,0,NA,1,0,0,0,1,0
Iraq,IRQ,2011,0.2837,0,0,0.415,0,NA,1,0,0,0,1,0
Iraq,IRQ,2012,0.2837,0,0,0.414,0,NA,1,0,0,0,1,0
Iraq,IRQ,2013,0.263525,0,0,0.415,0,NA,1,0,0,0,1,0
Iraq,IRQ,2014,0.268525,0,0,0.402,0,NA,1,0,0,0,1,0
Iraq,IRQ,2015,0.2807,0,0,0.392,0,NA,1,0,0,0,1,0
Iraq,IRQ,2016,0.302175,0,0,0.393,0,NA,1,0,0,0,1,0
Iraq,IRQ,2017,0.293075,0,0,0.371,0,NA,1,0,0,0,1,0
Iraq,IRQ,2018,0.3088,0,0,0.402,0,NA,1,0,0,0,1,0
Iraq,IRQ,2019,0.291,0,0,0.391,0,NA,1,0,0,0,1,0
Iraq,IRQ,2020,0.2858,0,0,0.371,0,NA,1,0,0,0,1,0
Iraq,IRQ,2021,0.33525,0,0,0.371,0,NA,1,0,0,0,1,0
Iraq,IRQ,2022,0.33405,0,0,0.372,0,NA,1,0,0,0,1,0
Iraq,IRQ,2023,0.34805,0,0,0.356,0,NA,1,0,0,0,1,0
Iraq,IRQ,2024,0.34745,0,0,0.351,0,NA,1,0,0,0,1,0
Ireland,IRL,1940,0.861125,0,0.6931471805599453,0.745,2.995732273553991,NA,0,1,0,0,0,0
Ireland,IRL,1941,0.861125,0,0.6931471805599453,0.745,3.044522437723423,NA,0,1,0,0,0,0
Ireland,IRL,1942,0.861125,0,0.6931471805599453,0.745,3.091042453358316,NA,0,1,0,0,0,0
Ireland,IRL,1943,0.861125,0,0.6931471805599453,0.747,3.1354942159291497,NA,0,1,0,0,0,0
Ireland,IRL,1944,0.861125,0,0.6931471805599453,0.749,3.1780538303479458,NA,0,1,0,0,0,0
Ireland,IRL,1945,0.861125,0,0.6931471805599453,0.758,3.2188758248682006,NA,0,1,0,0,0,0
Ireland,IRL,1946,0.861125,0,0.6931471805599453,0.774,3.258096538021482,NA,0,1,0,0,0,0
Ireland,IRL,1947,0.861125,0,0.6931471805599453,0.774,3.295836866004329,NA,0,1,0,0,0,0
Ireland,IRL,1948,0.860325,0,0.6931471805599453,0.772,3.332204510175204,NA,0,1,0,0,0,0
Ireland,IRL,1949,0.860925,0,0.6931471805599453,0.776,3.367295829986474,NA,0,1,0,0,0,0
Ireland,IRL,1950,0.862125,0,0.6931471805599453,0.776,3.4011973816621555,NA,0,1,0,0,0,0
Ireland,IRL,1951,0.860925,0,0.6931471805599453,0.782,3.4339872044851463,NA,0,1,0,0,0,0
Ireland,IRL,1952,0.862325,0,0.6931471805599453,0.783,3.4657359027997265,NA,0,1,0,0,0,0
Ireland,IRL,1953,0.862325,0,0.6931471805599453,0.783,3.4965075614664802,NA,0,1,0,0,0,0
Ireland,IRL,1954,0.862325,0,0.6931471805599453,0.786,3.5263605246161616,NA,0,1,0,0,0,0
Ireland,IRL,1955,0.862325,0,0.6931471805599453,0.786,3.5553480614894135,NA,0,1,0,0,0,0
Ireland,IRL,1956,0.862325,0,0.6931471805599453,0.786,3.58351893845611,NA,0,1,0,0,0,0
Ireland,IRL,1957,0.862325,0,0.6931471805599453,0.785,3.6109179126442243,NA,0,1,0,0,0,0
Ireland,IRL,1958,0.862325,0,0.6931471805599453,0.785,3.6375861597263857,NA,0,1,0,0,0,0
Ireland,IRL,1959,0.861725,0,0.6931471805599453,0.788,3.6635616461296463,NA,0,1,0,0,0,0
Ireland,IRL,1960,0.861725,0,0.6931471805599453,0.796,3.6888794541139363,NA,0,1,0,0,0,0
Ireland,IRL,1961,0.861725,0,0.6931471805599453,0.8,3.713572066704308,NA,0,1,0,0,0,0
Ireland,IRL,1962,0.861725,0,0.6931471805599453,0.809,3.7376696182833684,NA,0,1,0,0,0,0
Ireland,IRL,1963,0.861725,0,0.6931471805599453,0.809,3.7612001156935624,NA,0,1,0,0,0,0
Ireland,IRL,1964,0.861525,0,0.6931471805599453,0.815,3.784189633918261,NA,0,1,0,0,0,0
Ireland,IRL,1965,0.861525,0,0.6931471805599453,0.816,3.8066624897703196,NA,0,1,0,0,0,0
Ireland,IRL,1966,0.861125,0,0.6931471805599453,0.816,3.828641396489095,NA,0,1,0,0,0,0
Ireland,IRL,1967,0.860525,0,0.6931471805599453,0.815,3.8501476017100584,NA,0,1,0,0,0,0
Ireland,IRL,1968,0.860525,0,0.6931471805599453,0.815,3.8712010109078907,NA,0,1,0,0,0,0
Ireland,IRL,1969,0.860525,0,0.6931471805599453,0.819,3.8918202981106265,NA,0,1,0,0,0,0
Ireland,IRL,1970,0.860525,0,0.6931471805599453,0.823,3.912023005428146,NA,0,1,0,0,0,0
Ireland,IRL,1971,0.860525,0,0.6931471805599453,0.823,3.9318256327243257,NA,0,1,0,0,0,0
Ireland,IRL,1972,0.860525,0,0.6931471805599453,0.823,3.9512437185814275,NA,0,1,0,0,0,0
Ireland,IRL,1973,0.860525,0,0.6931471805599453,0.823,3.970291913552122,NA,0,1,0,0,0,0
Ireland,IRL,1974,0.860525,0,0.6931471805599453,0.834,3.9889840465642745,NA,0,1,0,0,0,0
Ireland,IRL,1975,0.860525,0,0.6931471805599453,0.834,4.007333185232471,NA,0,1,0,0,0,0
Ireland,IRL,1976,0.860525,0,0.6931471805599453,0.834,4.02535169073515,NA,0,1,0,0,0,0
Ireland,IRL,1977,0.860525,0,0.6931471805599453,0.831,4.04305126783455,NA,0,1,0,0,0,0
Ireland,IRL,1978,0.860525,0,0.6931471805599453,0.828,4.060443010546419,NA,0,1,0,0,0,0
Ireland,IRL,1979,0.860325,0,0.6931471805599453,0.828,4.07753744390572,NA,0,1,0,0,0,0
Ireland,IRL,1980,0.859725,0,0.6931471805599453,0.827,4.0943445622221,NA,0,1,0,0,0,0
Ireland,IRL,1981,0.881575,0,0.6931471805599453,0.837,4.110873864173311,NA,0,1,0,0,0,0
Ireland,IRL,1982,0.880575,0,0.6931471805599453,0.838,4.127134385045092,NA,0,1,0,0,0,0
Ireland,IRL,1983,0.881175,0,0.6931471805599453,0.836,4.143134726391533,NA,0,1,0,0,0,0
Ireland,IRL,1984,0.881175,0,0.6931471805599453,0.836,4.1588830833596715,NA,0,1,0,0,0,0
Ireland,IRL,1985,0.881175,0,0.6931471805599453,0.84,4.174387269895637,NA,0,1,0,0,0,0
Ireland,IRL,1986,0.881175,0,0.6931471805599453,0.84,4.189654742026425,NA,0,1,0,0,0,0
Ireland,IRL,1987,0.881175,0,0.6931471805599453,0.849,4.204692619390966,NA,0,1,0,0,0,0
Ireland,IRL,1988,0.881175,0,0.6931471805599453,0.851,4.219507705176107,NA,0,1,0,0,0,0
Ireland,IRL,1989,0.881175,0,0.6931471805599453,0.849,4.23410650459726,NA,0,1,0,0,0,0
Ireland,IRL,1990,0.880775,0,0.6931471805599453,0.857,4.248495242049359,NA,0,1,0,0,0,0
Ireland,IRL,1991,0.881375,0,0.6931471805599453,0.871,4.2626798770413155,NA,0,1,0,0,0,0
Ireland,IRL,1992,0.881975,0,0.6931471805599453,0.872,4.276666119016055,NA,0,1,0,0,0,0
Ireland,IRL,1993,0.881975,0,0.6931471805599453,0.872,4.290459441148391,NA,0,1,0,0,0,0
Ireland,IRL,1994,0.881975,0,0.6931471805599453,0.872,4.304065093204169,NA,0,1,0,0,0,0
Ireland,IRL,1995,0.881975,0,0.6931471805599453,0.873,4.31748811353631,NA,0,1,0,0,0,0
Ireland,IRL,1996,0.883175,0,0.6931471805599453,0.878,4.330733340286331,NA,0,1,0,0,0,0
Ireland,IRL,1997,0.883175,0,0.6931471805599453,0.88,4.343805421853684,NA,0,1,0,0,0,0
Ireland,IRL,1998,0.887975,0,0.6931471805599453,0.882,4.356708826689592,NA,0,1,0,0,0,0
Ireland,IRL,1999,0.888575,0,0.6931471805599453,0.882,4.3694478524670215,NA,0,1,0,0,0,0
Ireland,IRL,2000,0.888775,0,0.6931471805599453,0.886,4.382026634673881,NA,0,1,0,0,0,0
Ireland,IRL,2001,0.888775,0,0.6931471805599453,0.886,4.394449154672439,NA,0,1,0,0,0,0
Ireland,IRL,2002,0.888775,0,0.6931471805599453,0.887,4.406719247264253,NA,0,1,0,0,0,0
Ireland,IRL,2003,0.888775,0,0.6931471805599453,0.887,4.418840607796598,NA,0,1,0,0,0,0
Ireland,IRL,2004,0.888775,0,0.6931471805599453,0.887,4.430816798843313,NA,0,1,0,0,0,0
Ireland,IRL,2005,0.888775,0,0.6931471805599453,0.887,4.442651256490317,NA,0,1,0,0,0,0
Ireland,IRL,2006,0.888775,0,0.6931471805599453,0.887,4.454347296253507,NA,0,1,0,0,0,0
Ireland,IRL,2007,0.888775,0,0.6931471805599453,0.896,4.465908118654584,NA,0,1,0,0,0,0
Ireland,IRL,2008,0.888575,0,0.6931471805599453,0.901,4.477336814478207,NA,0,1,0,0,0,0
Ireland,IRL,2009,0.890375,0,0.6931471805599453,0.901,4.48863636973214,NA,0,1,0,0,0,0
Ireland,IRL,2010,0.890975,0,0.6931471805599453,0.901,4.499809670330265,NA,0,1,0,0,0,0
Ireland,IRL,2011,0.891775,0,0.6931471805599453,0.897,4.51085950651685,NA,0,1,0,0,0,0
Ireland,IRL,2012,0.891775,0,0.6931471805599453,0.898,4.5217885770490405,NA,0,1,0,0,0,0
Ireland,IRL,2013,0.89965,0,0.6931471805599453,0.896,4.532599493153256,NA,0,1,0,0,0,0
Ireland,IRL,2014,0.89965,0,0.6931471805599453,0.896,4.543294782270004,NA,0,1,0,0,0,0
Ireland,IRL,2015,0.9034,0,0.6931471805599453,0.896,4.553876891600541,NA,0,1,0,0,0,0
Ireland,IRL,2016,0.9034,0,0.6931471805599453,0.89,4.564348191467836,NA,0,1,0,0,0,0
Ireland,IRL,2017,0.913425,0,0.6931471805599453,0.889,4.574710978503383,NA,0,1,0,0,0,0
Ireland,IRL,2018,0.92615,0,0.6931471805599453,0.893,4.584967478670572,NA,0,1,0,0,0,0
Ireland,IRL,2019,0.92615,0,0.6931471805599453,0.892,4.59511985013459,NA,0,1,0,0,0,0
Ireland,IRL,2020,0.92595,0,0.6931471805599453,0.893,4.605170185988092,NA,0,1,0,0,0,0
Ireland,IRL,2021,0.92595,0,0.6931471805599453,0.901,4.61512051684126,NA,0,1,0,0,0,0
Ireland,IRL,2022,0.92595,0,0.6931471805599453,0.89,4.624972813284271,NA,0,1,0,0,0,0
Ireland,IRL,2023,0.92615,0,0.6931471805599453,0.895,4.634728988229636,NA,0,1,0,0,0,0
Ireland,IRL,2024,0.92615,0,0.6931471805599453,0.895,4.6443908991413725,NA,0,1,0,0,0,0
Italy,ITA,1940,0.3796,0,0,0.055,NA,NA,0,1,0,0,0,0
Italy,ITA,1941,0.3796,0,0,0.055,NA,NA,0,1,0,0,0,0
Italy,ITA,1942,0.3796,0,0,0.055,NA,NA,0,1,0,0,0,0
Italy,ITA,1943,0.37455,0,0,0.054,NA,NA,0,1,0,0,0,0
Italy,ITA,1944,0.495025,0,0,0.101,NA,NA,0,1,0,0,0,0
Italy,ITA,1945,0.521625,0,0,0.134,NA,NA,0,1,0,0,0,0
Italy,ITA,1946,0.692925,0,0,0.43,NA,NA,0,1,0,0,0,0
Italy,ITA,1947,0.740525,1,NA,0.633,NA,NA,0,1,0,0,0,0
Italy,ITA,1948,0.762025,0,NA,0.622,NA,NA,0,1,0,0,0,0
Italy,ITA,1949,0.762025,0,NA,0.671,NA,NA,0,1,0,0,0,0
Italy,ITA,1950,0.762025,0,NA,0.671,NA,NA,0,1,0,0,0,0
Italy,ITA,1951,0.762025,0,NA,0.671,NA,NA,0,1,0,0,0,0
Italy,ITA,1952,0.762025,0,NA,0.671,NA,NA,0,1,0,0,0,0
Italy,ITA,1953,0.762025,0,NA,0.681,NA,NA,0,1,0,0,0,0
Italy,ITA,1954,0.762025,0,NA,0.688,NA,NA,0,1,0,0,0,0
Italy,ITA,1955,0.762025,0,NA,0.688,NA,NA,0,1,0,0,0,0
Italy,ITA,1956,0.766825,0,NA,0.706,NA,NA,0,1,0,0,0,0
Italy,ITA,1957,0.766825,0,NA,0.706,NA,NA,0,1,0,0,0,0
Italy,ITA,1958,0.766825,0,NA,0.71,NA,NA,0,1,0,0,0,0
Italy,ITA,1959,0.766225,0,NA,0.713,NA,NA,0,1,0,0,0,0
Italy,ITA,1960,0.767625,0,NA,0.729,NA,NA,0,1,0,0,0,0
Italy,ITA,1961,0.767625,0,NA,0.73,NA,NA,0,1,0,0,0,0
Italy,ITA,1962,0.767625,0,NA,0.73,NA,NA,0,1,0,0,0,0
Italy,ITA,1963,0.778825,0,NA,0.728,NA,NA,0,1,0,0,0,0
Italy,ITA,1964,0.778825,0,NA,0.728,NA,NA,0,1,0,0,0,0
Italy,ITA,1965,0.778825,0,NA,0.728,NA,NA,0,1,0,0,0,0
Italy,ITA,1966,0.778825,0,NA,0.728,NA,NA,0,1,0,0,0,0
Italy,ITA,1967,0.778825,0,NA,0.728,NA,NA,0,1,0,0,0,0
Italy,ITA,1968,0.779625,0,NA,0.73,NA,NA,0,1,0,0,0,0
Italy,ITA,1969,0.774725,0,NA,0.741,NA,NA,0,1,0,0,0,0
Italy,ITA,1970,0.783525,0,NA,0.752,NA,NA,0,1,0,0,0,0
Italy,ITA,1971,0.787325,0,NA,0.75,NA,NA,0,1,0,0,0,0
Italy,ITA,1972,0.787325,0,NA,0.752,NA,NA,0,1,0,0,0,0
Italy,ITA,1973,0.784325,0,NA,0.749,NA,NA,0,1,0,0,0,0
Italy,ITA,1974,0.784325,0,NA,0.749,NA,NA,0,1,0,0,0,0
Italy,ITA,1975,0.784925,0,NA,0.755,NA,NA,0,1,0,0,0,0
Italy,ITA,1976,0.789125,0,NA,0.764,NA,NA,0,1,0,0,0,0
Italy,ITA,1977,0.789125,0,NA,0.766,NA,NA,0,1,0,0,0,0
Italy,ITA,1978,0.789125,0,NA,0.766,NA,NA,0,1,0,0,0,0
Italy,ITA,1979,0.789525,0,NA,0.767,NA,NA,0,1,0,0,0,0
Italy,ITA,1980,0.787225,0,NA,0.798,NA,NA,0,1,0,0,0,0
Italy,ITA,1981,0.791225,0,NA,0.809,NA,NA,0,1,0,0,0,0
Italy,ITA,1982,0.795725,0,NA,0.809,NA,NA,0,1,0,0,0,0
Italy,ITA,1983,0.795725,0,NA,0.81,NA,NA,0,1,0,0,0,0
Italy,ITA,1984,0.795725,0,NA,0.825,NA,NA,0,1,0,0,0,0
Italy,ITA,1985,0.795725,0,NA,0.825,NA,NA,0,1,0,0,0,0
Italy,ITA,1986,0.795725,0,NA,0.825,NA,NA,0,1,0,0,0,0
Italy,ITA,1987,0.797325,0,NA,0.824,NA,NA,0,1,0,0,0,0
Italy,ITA,1988,0.797325,0,NA,0.823,NA,NA,0,1,0,0,0,0
Italy,ITA,1989,0.789125,0,NA,0.823,NA,NA,0,1,0,0,0,0
Italy,ITA,1990,0.790125,0,NA,0.823,NA,NA,0,1,0,0,0,0
Italy,ITA,1991,0.79485,0,NA,0.828,NA,NA,0,1,0,0,0,0
Italy,ITA,1992,0.79665,0,NA,0.836,NA,NA,0,1,0,0,0,0
Italy,ITA,1993,0.80055,0,NA,0.839,NA,NA,0,1,0,0,0,0
Italy,ITA,1994,0.79675,0,NA,0.836,NA,NA,0,1,0,0,0,0
Italy,ITA,1995,0.79795,0,NA,0.834,NA,NA,0,1,0,0,0,0
Italy,ITA,1996,0.81735,0,NA,0.839,NA,NA,0,1,0,0,0,0
Italy,ITA,1997,0.81735,0,NA,0.846,NA,NA,0,1,0,0,0,0
Italy,ITA,1998,0.81735,0,NA,0.846,NA,NA,0,1,0,0,0,0
Italy,ITA,1999,0.81735,0,NA,0.846,NA,NA,0,1,0,0,0,0
Italy,ITA,2000,0.80975,0,NA,0.841,NA,NA,0,1,0,0,0,0
Italy,ITA,2001,0.80575,0,NA,0.834,NA,NA,0,1,0,0,0,0
Italy,ITA,2002,0.80715,0,NA,0.841,NA,NA,0,1,0,0,0,0
Italy,ITA,2003,0.80695,0,NA,0.841,NA,NA,0,1,0,0,0,0
Italy,ITA,2004,0.80695,0,NA,0.841,NA,NA,0,1,0,0,0,0
Italy,ITA,2005,0.80695,0,NA,0.846,NA,NA,0,1,0,0,0,0
Italy,ITA,2006,0.81575,0,NA,0.855,NA,NA,0,1,0,0,0,0
Italy,ITA,2007,0.81595,0,NA,0.866,NA,NA,0,1,0,0,0,0
Italy,ITA,2008,0.80615,0,NA,0.857,NA,NA,0,1,0,0,0,0
Italy,ITA,2009,0.80595,0,NA,0.854,NA,NA,0,1,0,0,0,0
Italy,ITA,2010,0.81295,0,NA,0.856,NA,NA,0,1,0,0,0,0
Italy,ITA,2011,0.81975,0,NA,0.86,NA,NA,0,1,0,0,0,0
Italy,ITA,2012,0.81955,0,NA,0.869,NA,NA,0,1,0,0,0,0
Italy,ITA,2013,0.81375,0,NA,0.864,NA,NA,0,1,0,0,0,0
Italy,ITA,2014,0.81375,0,NA,0.865,NA,NA,0,1,0,0,0,0
Italy,ITA,2015,0.81375,0,NA,0.865,NA,NA,0,1,0,0,0,0
Italy,ITA,2016,0.81375,0,NA,0.872,NA,NA,0,1,0,0,0,0
Italy,ITA,2017,0.81655,0,NA,0.87,NA,NA,0,1,0,0,0,0
Italy,ITA,2018,0.81515,0,NA,0.869,NA,NA,0,1,0,0,0,0
Italy,ITA,2019,0.81515,0,NA,0.86,NA,NA,0,1,0,0,0,0
Italy,ITA,2020,0.81415,0,NA,0.866,NA,NA,0,1,0,0,0,0
Italy,ITA,2021,0.81555,0,NA,0.865,NA,NA,0,1,0,0,0,0
Italy,ITA,2022,0.81555,0,NA,0.848,NA,NA,0,1,0,0,0,0
Italy,ITA,2023,0.81175,0,NA,0.816,NA,NA,0,1,0,0,0,0
Italy,ITA,2024,0.81595,0,NA,0.803,NA,NA,0,1,0,0,0,0
Jordan,JOR,1940,0.5485,0,0,0.097,0,NA,1,0,0,0,1,0
Jordan,JOR,1941,0.5485,0,0,0.097,0,NA,1,0,0,0,1,0
Jordan,JOR,1942,0.5485,0,0,0.097,0,NA,1,0,0,0,1,0
Jordan,JOR,1943,0.5485,0,0,0.097,0,NA,1,0,0,0,1,0
Jordan,JOR,1944,0.5485,0,0,0.097,0,NA,1,0,0,0,1,0
Jordan,JOR,1945,0.5485,0,0,0.097,0,NA,1,0,0,0,1,0
Jordan,JOR,1946,0.5571,0,0,0.099,0,NA,1,0,0,0,1,0
Jordan,JOR,1947,0.56415,0,0,0.106,0,NA,1,0,0,0,1,0
Jordan,JOR,1948,0.566925,0,0,0.128,0,NA,1,0,0,0,1,0
Jordan,JOR,1949,0.566925,0,0,0.128,0,NA,1,0,0,0,1,0
Jordan,JOR,1950,0.586225,0,0,0.127,0,NA,1,0,0,0,1,0
Jordan,JOR,1951,0.583025,0,0,0.131,0,NA,1,0,0,0,1,0
Jordan,JOR,1952,0.583025,0,0,0.17,0,NA,1,0,0,0,1,0
Jordan,JOR,1953,0.589625,0,0,0.169,0,NA,1,0,0,0,1,0
Jordan,JOR,1954,0.589625,0,0,0.155,0,NA,1,0,0,0,1,0
Jordan,JOR,1955,0.589625,0,0,0.161,0,NA,1,0,0,0,1,0
Jordan,JOR,1956,0.583425,0,0,0.163,0,NA,1,0,0,0,1,0
Jordan,JOR,1957,0.584225,0,0,0.141,0,NA,1,0,0,0,1,0
Jordan,JOR,1958,0.511625,0,0,0.14,0,NA,1,0,0,0,1,0
Jordan,JOR,1959,0.511625,0,0,0.14,0,NA,1,0,0,0,1,0
Jordan,JOR,1960,0.511625,0,0,0.14,0,NA,1,0,0,0,1,0
Jordan,JOR,1961,0.511625,0,0,0.137,0,NA,1,0,0,0,1,0
Jordan,JOR,1962,0.5922,0,0,0.125,0,NA,1,0,0,0,1,0
Jordan,JOR,1963,0.5922,0,0,0.123,0,NA,1,0,0,0,1,0
Jordan,JOR,1964,0.5779,0,0,0.123,0,NA,1,0,0,0,1,0
Jordan,JOR,1965,0.593275,0,0,0.123,0,NA,1,0,0,0,1,0
Jordan,JOR,1966,0.593275,0,0,0.123,0,NA,1,0,0,0,1,0
Jordan,JOR,1967,0.542875,0,0,0.125,0,NA,1,0,0,0,1,0
Jordan,JOR,1968,0.5343,0,0,0.123,0,NA,1,0,0,0,1,0
Jordan,JOR,1969,0.5343,0,0,0.123,0,NA,1,0,0,0,1,0
Jordan,JOR,1970,0.55455,0,0,0.124,0,NA,1,0,0,0,1,0
Jordan,JOR,1971,0.591725,0,0,0.12,0,NA,1,0,0,0,1,0
Jordan,JOR,1972,0.531125,0,0,0.12,0,NA,1,0,0,0,1,0
Jordan,JOR,1973,0.531125,0,0,0.12,0,NA,1,0,0,0,1,0
Jordan,JOR,1974,0.531125,0,0,0.12,0,NA,1,0,0,0,1,0
Jordan,JOR,1975,0.531125,0,0,0.127,0,NA,1,0,0,0,1,0
Jordan,JOR,1976,0.531125,0,0,0.127,0,NA,1,0,0,0,1,0
Jordan,JOR,1977,0.531125,0,0,0.127,0,NA,1,0,0,0,1,0
Jordan,JOR,1978,0.531125,0,0,0.127,0,NA,1,0,0,0,1,0
Jordan,JOR,1979,0.531125,0,0,0.127,0,NA,1,0,0,0,1,0
Jordan,JOR,1980,0.58525,0,0,0.126,0,NA,1,0,0,0,1,0
Jordan,JOR,1981,0.58525,0,0,0.126,0,NA,1,0,0,0,1,0
Jordan,JOR,1982,0.58525,0,0,0.126,0,NA,1,0,0,0,1,0
Jordan,JOR,1983,0.58525,0,0,0.126,0,NA,1,0,0,0,1,0
Jordan,JOR,1984,0.58525,0,0,0.126,0,NA,1,0,0,0,1,0
Jordan,JOR,1985,0.58525,0,0,0.126,0,NA,1,0,0,0,1,0
Jordan,JOR,1986,0.58525,0,0,0.126,0,NA,1,0,0,0,1,0
Jordan,JOR,1987,0.58525,0,0,0.126,0,NA,1,0,0,0,1,0
Jordan,JOR,1988,0.58525,0,0,0.129,0,NA,1,0,0,0,1,0
Jordan,JOR,1989,0.58525,0,0,0.146,0,NA,1,0,0,0,1,0
Jordan,JOR,1990,0.61045,0,0,0.218,0,NA,1,0,0,0,1,0
Jordan,JOR,1991,0.61045,0,0,0.22,0,NA,1,0,0,0,1,0
Jordan,JOR,1992,0.61045,0,0,0.227,0,NA,1,0,0,0,1,0
Jordan,JOR,1993,0.61045,0,0,0.236,0,NA,1,0,0,0,1,0
Jordan,JOR,1994,0.61045,0,0,0.229,0,NA,1,0,0,0,1,0
Jordan,JOR,1995,0.61045,0,0,0.229,0,NA,1,0,0,0,1,0
Jordan,JOR,1996,0.61045,0,0,0.229,0,NA,1,0,0,0,1,0
Jordan,JOR,1997,0.61045,0,0,0.226,0,NA,1,0,0,0,1,0
Jordan,JOR,1998,0.61045,0,0,0.224,0,NA,1,0,0,0,1,0
Jordan,JOR,1999,0.62105,0,0,0.225,0,NA,1,0,0,0,1,0
Jordan,JOR,2000,0.61985,0,0,0.187,0,NA,1,0,0,0,1,0
Jordan,JOR,2001,0.58365,0,0,0.187,0,NA,1,0,0,0,1,0
Jordan,JOR,2002,0.58365,0,0,0.187,0,NA,1,0,0,0,1,0
Jordan,JOR,2003,0.58365,0,0,0.21,0,NA,1,0,0,0,1,0
Jordan,JOR,2004,0.58365,0,0,0.23,0,NA,1,0,0,0,1,0
Jordan,JOR,2005,0.565325,0,0,0.23,0,NA,1,0,0,0,1,0
Jordan,JOR,2006,0.565325,0,0,0.232,0,NA,1,0,0,0,1,0
Jordan,JOR,2007,0.565325,0,0,0.232,0,NA,1,0,0,0,1,0
Jordan,JOR,2008,0.565325,0,0,0.232,0,NA,1,0,0,0,1,0
Jordan,JOR,2009,0.565325,0,0,0.234,0,NA,1,0,0,0,1,0
Jordan,JOR,2010,0.58345,0,0,0.24,0,NA,1,0,0,0,1,0
Jordan,JOR,2011,0.58285,0,0,0.247,0,NA,1,0,0,0,1,0
Jordan,JOR,2012,0.58345,0,0,0.248,0,NA,1,0,0,0,1,0
Jordan,JOR,2013,0.584325,0,0,0.256,0,NA,1,0,0,0,1,0
Jordan,JOR,2014,0.586325,0,0,0.258,0,NA,1,0,0,0,1,0
Jordan,JOR,2015,0.586325,0,0,0.258,0,NA,1,0,0,0,1,0
Jordan,JOR,2016,0.598075,0,0,0.24,0,NA,1,0,0,0,1,0
Jordan,JOR,2017,0.604075,0,0,0.262,0,NA,1,0,0,0,1,0
Jordan,JOR,2018,0.615275,0,0,0.262,0,NA,1,0,0,0,1,0
Jordan,JOR,2019,0.613275,0,0,0.261,0,NA,1,0,0,0,1,0
Jordan,JOR,2020,0.614875,0,0,0.257,0,NA,1,0,0,0,1,0
Jordan,JOR,2021,0.65065,0,0,0.257,0,NA,1,0,0,0,1,0
Jordan,JOR,2022,0.65545,0,0,0.256,0,NA,1,0,0,0,1,0
Jordan,JOR,2023,0.65085,0,0,0.251,0,NA,1,0,0,0,1,0
Jordan,JOR,2024,0.69225,0,0,0.273,0,NA,1,0,0,0,1,0
Latvia,LVA,1990,0.6868,1,1.0986122886681096,0.556,2.9444389791664403,NA,0,1,0,0,0,0
Latvia,LVA,1991,0.757475,0,1.0986122886681096,0.595,2.995732273553991,NA,0,1,0,0,0,0
Latvia,LVA,1992,0.763075,0,1.0986122886681096,0.678,3.044522437723423,NA,0,1,0,0,0,0
Latvia,LVA,1993,0.784475,0,1.0986122886681096,0.744,3.091042453358316,NA,0,1,0,0,0,0
Latvia,LVA,1994,0.783675,0,1.0986122886681096,0.798,3.1354942159291497,NA,0,1,0,0,0,0
Latvia,LVA,1995,0.787475,0,1.0986122886681096,0.8,3.1780538303479458,NA,0,1,0,0,0,0
Latvia,LVA,1996,0.792075,0,1.0986122886681096,0.797,3.2188758248682006,NA,0,1,0,0,0,0
Latvia,LVA,1997,0.792875,0,1.0986122886681096,0.813,3.258096538021482,NA,0,1,0,0,0,0
Latvia,LVA,1998,0.793475,0,1.0986122886681096,0.813,3.295836866004329,NA,0,1,0,0,0,0
Latvia,LVA,1999,0.796275,0,1.0986122886681096,0.817,3.332204510175204,NA,0,1,0,0,0,0
Latvia,LVA,2000,0.802775,0,1.0986122886681096,0.817,3.367295829986474,NA,0,1,0,0,0,0
Latvia,LVA,2001,0.802775,0,1.0986122886681096,0.817,3.4011973816621555,NA,0,1,0,0,0,0
Latvia,LVA,2002,0.808575,0,1.0986122886681096,0.813,3.4339872044851463,NA,0,1,0,0,0,0
Latvia,LVA,2003,0.813375,0,1.0986122886681096,0.82,3.4657359027997265,NA,0,1,0,0,0,0
Latvia,LVA,2004,0.825275,0,1.0986122886681096,0.82,3.4965075614664802,NA,0,1,0,0,0,0
Latvia,LVA,2005,0.827875,0,1.0986122886681096,0.82,3.5263605246161616,NA,0,1,0,0,0,0
Latvia,LVA,2006,0.828425,0,1.0986122886681096,0.811,3.5553480614894135,NA,0,1,0,0,0,0
Latvia,LVA,2007,0.8334,0,1.0986122886681096,0.789,3.58351893845611,NA,0,1,0,0,0,0
Latvia,LVA,2008,0.836,0,1.0986122886681096,0.79,3.6109179126442243,NA,0,1,0,0,0,0
Latvia,LVA,2009,0.838825,0,1.0986122886681096,0.788,3.6109179126442243,NA,0,1,0,0,0,0
Latvia,LVA,2010,0.858425,0,1.0986122886681096,0.796,3.6375861597263857,NA,0,1,0,0,0,0
Latvia,LVA,2011,0.861375,0,1.0986122886681096,0.82,3.6635616461296463,NA,0,1,0,0,0,0
Latvia,LVA,2012,0.86875,0,1.0986122886681096,0.823,3.6888794541139363,NA,0,1,0,0,0,0
Latvia,LVA,2013,0.853975,0,1.0986122886681096,0.833,3.6888794541139363,NA,0,1,0,0,0,0
Latvia,LVA,2014,0.861175,0,1.0986122886681096,0.837,3.6888794541139363,NA,0,1,0,0,0,0
Latvia,LVA,2015,0.864375,0,1.0986122886681096,0.842,3.713572066704308,NA,0,1,0,0,0,0
Latvia,LVA,2016,0.831975,0,1.0986122886681096,0.841,3.713572066704308,NA,0,1,0,0,0,0
Latvia,LVA,2017,0.843625,0,1.0986122886681096,0.835,3.713572066704308,NA,0,1,0,0,0,0
Latvia,LVA,2018,0.844425,0,1.0986122886681096,0.834,3.7376696182833684,NA,0,1,0,0,0,0
Latvia,LVA,2019,0.84815,0,1.0986122886681096,0.835,3.7612001156935624,NA,0,1,0,0,0,0
Latvia,LVA,2020,0.84815,0,1.0986122886681096,0.827,3.784189633918261,NA,0,1,0,0,0,0
Latvia,LVA,2021,0.9046,0,1.0986122886681096,0.832,3.8066624897703196,NA,0,1,0,0,0,0
Latvia,LVA,2022,0.91825,0,1.0986122886681096,0.83,3.828641396489095,NA,0,1,0,0,0,0
Latvia,LVA,2023,0.91785,0,1.0986122886681096,0.847,3.8501476017100584,NA,0,1,0,0,0,0
Latvia,LVA,2024,0.92365,0,1.0986122886681096,0.838,3.8712010109078907,NA,0,1,0,0,0,0
Lesotho,LSO,1940,0.53365,0,0,0.045,0,NA,1,0,0,0,1,0
Lesotho,LSO,1941,0.53365,0,0,0.045,0,NA,1,0,0,0,1,0
Lesotho,LSO,1942,0.53365,0,0,0.045,0,NA,1,0,0,0,1,0
Lesotho,LSO,1943,0.53365,0,0,0.045,0,NA,1,0,0,0,1,0
Lesotho,LSO,1944,0.53365,0,0,0.045,0,NA,1,0,0,0,1,0
Lesotho,LSO,1945,0.53365,0,0,0.045,0,NA,1,0,0,0,1,0
Lesotho,LSO,1946,0.53365,0,0,0.045,0,NA,1,0,0,0,1,0
Lesotho,LSO,1947,0.53365,0,0,0.045,0,NA,1,0,0,0,1,0
Lesotho,LSO,1948,0.53365,0,0,0.045,0,NA,1,0,0,0,1,0
Lesotho,LSO,1949,0.53365,0,0,0.045,0,NA,1,0,0,0,1,0
Lesotho,LSO,1950,0.53365,0,0,0.054,0,NA,1,0,0,0,1,0
Lesotho,LSO,1951,0.53365,0,0,0.054,0,NA,1,0,0,0,1,0
Lesotho,LSO,1952,0.53365,0,0,0.074,0,NA,1,0,0,0,1,0
Lesotho,LSO,1953,0.53365,0,0,0.074,0,NA,1,0,0,0,1,0
Lesotho,LSO,1954,0.53365,0,0,0.074,0,NA,1,0,0,0,1,0
Lesotho,LSO,1955,0.53365,0,0,0.074,0,NA,1,0,0,0,1,0
Lesotho,LSO,1956,0.53365,0,0,0.074,0,NA,1,0,0,0,1,0
Lesotho,LSO,1957,0.53365,0,0,0.074,0,NA,1,0,0,0,1,0
Lesotho,LSO,1958,0.53365,0,0,0.074,0,NA,1,0,0,0,1,0
Lesotho,LSO,1959,0.53365,0,0,0.074,0,NA,1,0,0,0,1,0
Lesotho,LSO,1960,0.56,0,0,0.089,0,NA,1,0,0,0,1,0
Lesotho,LSO,1961,0.56135,0,0,0.089,0,NA,1,0,0,0,1,0
Lesotho,LSO,1962,0.56135,0,0,0.089,0,NA,1,0,0,0,1,0
Lesotho,LSO,1963,0.56135,0,0,0.089,0,NA,1,0,0,0,1,0
Lesotho,LSO,1964,0.56135,0,0,0.089,0,NA,1,0,0,0,1,0
Lesotho,LSO,1965,0.56135,0,0,0.209,0,NA,1,0,0,0,1,0
Lesotho,LSO,1966,0.62495,0,0,0.275,0,NA,1,0,0,0,1,0
Lesotho,LSO,1967,0.62155,0,0,0.36,0,NA,1,0,0,0,1,0
Lesotho,LSO,1968,0.62155,0,0,0.36,0,NA,1,0,0,0,1,0
Lesotho,LSO,1969,0.62655,0,0,0.188,0,NA,1,0,0,0,1,0
Lesotho,LSO,1970,0.416575,0,0,0.144,0,NA,1,0,0,0,1,0
Lesotho,LSO,1971,0.3957,0,0,0.115,0,NA,1,0,0,0,1,0
Lesotho,LSO,1972,0.3957,0,0,0.115,0,NA,1,0,0,0,1,0
Lesotho,LSO,1973,0.3957,0,0,0.115,0,NA,1,0,0,0,1,0
Lesotho,LSO,1974,0.3957,0,0,0.115,0,NA,1,0,0,0,1,0
Lesotho,LSO,1975,0.3957,0,0,0.115,0,NA,1,0,0,0,1,0
Lesotho,LSO,1976,0.3957,0,0,0.115,0,NA,1,0,0,0,1,0
Lesotho,LSO,1977,0.3957,0,0,0.115,0,NA,1,0,0,0,1,0
Lesotho,LSO,1978,0.3957,0,0,0.117,0,NA,1,0,0,0,1,0
Lesotho,LSO,1979,0.3957,0,0,0.123,0,NA,1,0,0,0,1,0
Lesotho,LSO,1980,0.417075,0,0,0.123,0,NA,1,0,0,0,1,0
Lesotho,LSO,1981,0.417075,0,0,0.123,0,NA,1,0,0,0,1,0
Lesotho,LSO,1982,0.414675,0,0,0.124,0,NA,1,0,0,0,1,0
Lesotho,LSO,1983,0.417875,0,0,0.122,0,NA,1,0,0,0,1,0
Lesotho,LSO,1984,0.417875,0,0,0.122,0,NA,1,0,0,0,1,0
Lesotho,LSO,1985,0.417875,0,0,0.125,0,NA,1,0,0,0,1,0
Lesotho,LSO,1986,0.422975,0,0,0.119,0,NA,1,0,0,0,1,0
Lesotho,LSO,1987,0.485225,0,0,0.128,0,NA,1,0,0,0,1,0
Lesotho,LSO,1988,0.485225,0,0,0.128,0,NA,1,0,0,0,1,0
Lesotho,LSO,1989,0.485225,0,0,0.128,0,NA,1,0,0,0,1,0
Lesotho,LSO,1990,0.484025,0,0,0.158,0,NA,1,0,0,0,1,0
Lesotho,LSO,1991,0.485225,0,0,0.158,0,NA,1,0,0,0,1,0
Lesotho,LSO,1992,0.485225,0,0,0.158,0,NA,1,0,0,0,1,0
Lesotho,LSO,1993,0.657725,1,0.6931471805599453,0.506,4.499809670330265,NA,1,0,0,0,1,0
Lesotho,LSO,1994,0.657525,0,0,0.473,0,NA,1,0,0,0,1,0
Lesotho,LSO,1995,0.660725,0,0,0.315,0,NA,1,0,0,0,1,0
Lesotho,LSO,1996,0.662725,0,0,0.315,0,NA,1,0,0,0,1,0
Lesotho,LSO,1997,0.662725,0,0,0.315,0,NA,1,0,0,0,1,0
Lesotho,LSO,1998,0.582325,0,0,0.374,0,NA,1,0,0,0,1,0
Lesotho,LSO,1999,0.582325,0,0,0.317,0,NA,1,0,0,0,1,0
Lesotho,LSO,2000,0.573225,0,0,0.317,0,NA,1,0,0,0,1,0
Lesotho,LSO,2001,0.573225,0,0,0.317,0,NA,1,0,0,0,1,0
Lesotho,LSO,2002,0.575625,1,1.0986122886681096,0.501,4.543294782270004,NA,1,0,0,0,1,0
Lesotho,LSO,2003,0.583025,0,1.0986122886681096,0.621,4.553876891600541,NA,1,0,0,0,1,0
Lesotho,LSO,2004,0.583025,0,1.0986122886681096,0.621,4.564348191467836,NA,1,0,0,0,1,0
Lesotho,LSO,2005,0.595425,0,1.0986122886681096,0.621,4.574710978503383,NA,1,0,0,0,1,0
Lesotho,LSO,2006,0.595425,0,1.0986122886681096,0.621,4.584967478670572,NA,1,0,0,0,1,0
Lesotho,LSO,2007,0.595425,0,1.0986122886681096,0.577,4.59511985013459,NA,1,0,0,0,1,0
Lesotho,LSO,2008,0.601475,0,1.0986122886681096,0.571,4.605170185988092,NA,1,0,0,0,1,0
Lesotho,LSO,2009,0.601475,0,1.0986122886681096,0.57,4.61512051684126,NA,1,0,0,0,1,0
Lesotho,LSO,2010,0.5988,0,1.0986122886681096,0.578,4.624972813284271,NA,1,0,0,0,1,0
Lesotho,LSO,2011,0.6032,0,1.0986122886681096,0.582,4.634728988229636,NA,1,0,0,0,1,0
Lesotho,LSO,2012,0.592425,0,1.0986122886681096,0.587,4.6443908991413725,NA,1,0,0,0,1,0
Lesotho,LSO,2013,0.630275,0,1.0986122886681096,0.621,4.653960350157523,NA,1,0,0,0,1,0
Lesotho,LSO,2014,0.630475,0,1.0986122886681096,0.623,4.663439094112067,NA,1,0,0,0,1,0
Lesotho,LSO,2015,0.5521,0,1.0986122886681096,0.597,4.672828834461906,NA,1,0,0,0,1,0
Lesotho,LSO,2016,0.569725,0,1.0986122886681096,0.582,4.68213122712422,NA,1,0,0,0,1,0
Lesotho,LSO,2017,0.596125,0,1.0986122886681096,0.506,4.6913478822291435,NA,1,0,0,0,1,0
Lesotho,LSO,2018,0.57015,0,1.0986122886681096,0.603,4.700480365792417,NA,1,0,0,0,1,0
Lesotho,LSO,2019,0.601,0,1.0986122886681096,0.627,4.709530201312334,NA,1,0,0,0,1,0
Lesotho,LSO,2020,0.630175,0,1.0986122886681096,0.635,4.718498871295094,NA,1,0,0,0,1,0
Lesotho,LSO,2021,0.6362,0,1.0986122886681096,0.622,4.727387818712341,NA,1,0,0,0,1,0
Lesotho,LSO,2022,0.638525,0,1.0986122886681096,0.659,4.736198448394496,NA,1,0,0,0,1,0
Lesotho,LSO,2023,0.61025,0,1.0986122886681096,0.675,4.74493212836325,NA,1,0,0,0,1,0
Lesotho,LSO,2024,0.60965,0,1.0986122886681096,0.658,4.7535901911063645,NA,1,0,0,0,1,0
Liberia,LBR,1940,0.39895,0,0,0.213,NA,NA,1,0,0,0,1,0
Liberia,LBR,1941,0.39895,0,0,0.213,NA,NA,1,0,0,0,1,0
Liberia,LBR,1942,0.39895,0,0,0.213,NA,NA,1,0,0,0,1,0
Liberia,LBR,1943,0.39895,0,0,0.209,NA,NA,1,0,0,0,1,0
Liberia,LBR,1944,0.347825,0,0,0.19,NA,NA,1,0,0,0,1,0
Liberia,LBR,1945,0.33105,0,0,0.179,NA,NA,1,0,0,0,1,0
Liberia,LBR,1946,0.33105,0,0,0.179,NA,NA,1,0,0,0,1,0
Liberia,LBR,1947,0.33105,0,0,0.179,NA,NA,1,0,0,0,1,0
Liberia,LBR,1948,0.33645,0,0,0.245,NA,NA,1,0,0,0,1,0
Liberia,LBR,1949,0.33645,0,0,0.245,NA,NA,1,0,0,0,1,0
Liberia,LBR,1950,0.33645,0,0,0.244,NA,NA,1,0,0,0,1,0
Liberia,LBR,1951,0.331875,0,0,0.205,NA,NA,1,0,0,0,1,0
Liberia,LBR,1952,0.331875,0,0,0.193,NA,NA,1,0,0,0,1,0
Liberia,LBR,1953,0.331875,0,0,0.193,NA,NA,1,0,0,0,1,0
Liberia,LBR,1954,0.331875,0,0,0.193,NA,NA,1,0,0,0,1,0
Liberia,LBR,1955,0.331875,0,0,0.187,NA,NA,1,0,0,0,1,0
Liberia,LBR,1956,0.331875,0,0,0.185,NA,NA,1,0,0,0,1,0
Liberia,LBR,1957,0.331875,0,0,0.185,NA,NA,1,0,0,0,1,0
Liberia,LBR,1958,0.331875,0,0,0.185,NA,NA,1,0,0,0,1,0
Liberia,LBR,1959,0.331875,0,0,0.188,NA,NA,1,0,0,0,1,0
Liberia,LBR,1960,0.331875,0,0,0.19,NA,NA,1,0,0,0,1,0
Liberia,LBR,1961,0.331875,0,0,0.19,NA,NA,1,0,0,0,1,0
Liberia,LBR,1962,0.331875,0,0,0.191,NA,NA,1,0,0,0,1,0
Liberia,LBR,1963,0.331875,0,0,0.189,NA,NA,1,0,0,0,1,0
Liberia,LBR,1964,0.331875,0,0,0.188,NA,NA,1,0,0,0,1,0
Liberia,LBR,1965,0.331875,0,0,0.188,NA,NA,1,0,0,0,1,0
Liberia,LBR,1966,0.331875,0,0,0.188,NA,NA,1,0,0,0,1,0
Liberia,LBR,1967,0.331875,0,0,0.188,NA,NA,1,0,0,0,1,0
Liberia,LBR,1968,0.331875,0,0,0.189,NA,NA,1,0,0,0,1,0
Liberia,LBR,1969,0.331875,0,0,0.189,NA,NA,1,0,0,0,1,0
Liberia,LBR,1970,0.331875,0,0,0.189,NA,NA,1,0,0,0,1,0
Liberia,LBR,1971,0.337625,0,0,0.197,NA,NA,1,0,0,0,1,0
Liberia,LBR,1972,0.337625,0,0,0.221,NA,NA,1,0,0,0,1,0
Liberia,LBR,1973,0.337625,0,0,0.221,NA,NA,1,0,0,0,1,0
Liberia,LBR,1974,0.337625,0,0,0.221,NA,NA,1,0,0,0,1,0
Liberia,LBR,1975,0.337625,0,0,0.221,NA,NA,1,0,0,0,1,0
Liberia,LBR,1976,0.337625,0,0,0.218,NA,NA,1,0,0,0,1,0
Liberia,LBR,1977,0.337625,0,0,0.218,NA,NA,1,0,0,0,1,0
Liberia,LBR,1978,0.337625,0,0,0.218,NA,NA,1,0,0,0,1,0
Liberia,LBR,1979,0.334575,0,0,0.218,NA,NA,1,0,0,0,1,0
Liberia,LBR,1980,0.242025,0,0,0.123,NA,NA,1,0,0,0,1,0
Liberia,LBR,1981,0.245925,0,0,0.092,NA,NA,1,0,0,0,1,0
Liberia,LBR,1982,0.245925,0,0,0.092,NA,NA,1,0,0,0,1,0
Liberia,LBR,1983,0.245925,0,0,0.092,NA,NA,1,0,0,0,1,0
Liberia,LBR,1984,0.245925,0,0,0.099,NA,NA,1,0,0,0,1,0
Liberia,LBR,1985,0.247725,0,0,0.121,NA,NA,1,0,0,0,1,0
Liberia,LBR,1986,0.248125,0,0,0.239,NA,NA,1,0,0,0,1,0
Liberia,LBR,1987,0.248125,0,0,0.24,NA,NA,1,0,0,0,1,0
Liberia,LBR,1988,0.248125,0,0,0.232,NA,NA,1,0,0,0,1,0
Liberia,LBR,1989,0.245125,0,0,0.221,NA,NA,1,0,0,0,1,0
Liberia,LBR,1990,0.171625,0,0,0.166,NA,NA,1,0,0,0,1,0
Liberia,LBR,1991,0.247675,0,0,0.2,NA,NA,1,0,0,0,1,0
Liberia,LBR,1992,0.247675,0,0,0.2,NA,NA,1,0,0,0,1,0
Liberia,LBR,1993,0.247675,0,0,0.205,NA,NA,1,0,0,0,1,0
Liberia,LBR,1994,0.23205,0,0,0.17,NA,NA,1,0,0,0,1,0
Liberia,LBR,1995,0.238525,0,0,0.166,NA,NA,1,0,0,0,1,0
Liberia,LBR,1996,0.197825,0,0,0.151,NA,NA,1,0,0,0,1,0
Liberia,LBR,1997,0.16585,0,0,0.241,NA,NA,1,0,0,0,1,0
Liberia,LBR,1998,0.16585,0,0,0.349,NA,NA,1,0,0,0,1,0
Liberia,LBR,1999,0.16585,0,0,0.341,NA,NA,1,0,0,0,1,0
Liberia,LBR,2000,0.16785,0,0,0.342,NA,NA,1,0,0,0,1,0
Liberia,LBR,2001,0.16785,0,0,0.341,NA,NA,1,0,0,0,1,0
Liberia,LBR,2002,0.16785,0,0,0.341,NA,NA,1,0,0,0,1,0
Liberia,LBR,2003,0.16785,0,0,0.306,NA,NA,1,0,0,0,1,0
Liberia,LBR,2004,0.3888,0,0,0.24,NA,NA,1,0,0,0,1,0
Liberia,LBR,2005,0.43245,0,0,0.277,NA,NA,1,0,0,0,1,0
Liberia,LBR,2006,0.4656,1,0.6931471805599453,0.65,NA,NA,1,0,0,0,1,0
Liberia,LBR,2007,0.4656,0,0.6931471805599453,0.662,NA,NA,1,0,0,0,1,0
Liberia,LBR,2008,0.4656,0,0.6931471805599453,0.662,NA,NA,1,0,0,0,1,0
Liberia,LBR,2009,0.4656,0,0.6931471805599453,0.662,NA,NA,1,0,0,0,1,0
Liberia,LBR,2010,0.4688,0,0.6931471805599453,0.648,NA,NA,1,0,0,0,1,0
Liberia,LBR,2011,0.4688,0,0.6931471805599453,0.645,NA,NA,1,0,0,0,1,0
Liberia,LBR,2012,0.4578,0,0.6931471805599453,0.64,NA,NA,1,0,0,0,1,0
Liberia,LBR,2013,0.4382,0,0.6931471805599453,0.613,NA,NA,1,0,0,0,1,0
Liberia,LBR,2014,0.4382,0,0.6931471805599453,0.61,NA,NA,1,0,0,0,1,0
Liberia,LBR,2015,0.4382,0,0.6931471805599453,0.609,NA,NA,1,0,0,0,1,0
Liberia,LBR,2016,0.4382,0,0.6931471805599453,0.616,NA,NA,1,0,0,0,1,0
Liberia,LBR,2017,0.4857,0,0.6931471805599453,0.617,NA,NA,1,0,0,0,1,0
Liberia,LBR,2018,0.450725,0,0.6931471805599453,0.619,NA,NA,1,0,0,0,1,0
Liberia,LBR,2019,0.41,0,0.6931471805599453,0.621,NA,NA,1,0,0,0,1,0
Liberia,LBR,2020,0.413925,0,0.6931471805599453,0.634,NA,NA,1,0,0,0,1,0
Liberia,LBR,2021,0.441725,0,0.6931471805599453,0.612,NA,NA,1,0,0,0,1,0
Liberia,LBR,2022,0.441725,0,0.6931471805599453,0.614,NA,NA,1,0,0,0,1,0
Liberia,LBR,2023,0.445325,0,0.6931471805599453,0.623,NA,NA,1,0,0,0,1,0
Liberia,LBR,2024,0.445325,0,0.6931471805599453,0.613,NA,NA,1,0,0,0,1,0
Malawi,MWI,1940,0.343225,0,0,0.01,0,NA,1,0,0,0,1,0
Malawi,MWI,1941,0.343225,0,0,0.01,0,NA,1,0,0,0,1,0
Malawi,MWI,1942,0.343225,0,0,0.01,0,NA,1,0,0,0,1,0
Malawi,MWI,1943,0.343225,0,0,0.01,0,NA,1,0,0,0,1,0
Malawi,MWI,1944,0.346975,0,0,0.012,0,NA,1,0,0,0,1,0
Malawi,MWI,1945,0.346975,0,0,0.012,0,NA,1,0,0,0,1,0
Malawi,MWI,1946,0.346975,0,0,0.012,0,NA,1,0,0,0,1,0
Malawi,MWI,1947,0.346975,0,0,0.012,0,NA,1,0,0,0,1,0
Malawi,MWI,1948,0.346975,0,0,0.012,0,NA,1,0,0,0,1,0
Malawi,MWI,1949,0.346975,0,0,0.012,0,NA,1,0,0,0,1,0
Malawi,MWI,1950,0.346975,0,0,0.012,0,NA,1,0,0,0,1,0
Malawi,MWI,1951,0.346975,0,0,0.012,0,NA,1,0,0,0,1,0
Malawi,MWI,1952,0.346975,0,0,0.012,0,NA,1,0,0,0,1,0
Malawi,MWI,1953,0.346975,0,0,0.012,0,NA,1,0,0,0,1,0
Malawi,MWI,1954,0.352375,0,0,0.012,0,NA,1,0,0,0,1,0
Malawi,MWI,1955,0.34565,0,0,0.013,0,NA,1,0,0,0,1,0
Malawi,MWI,1956,0.34565,0,0,0.013,0,NA,1,0,0,0,1,0
Malawi,MWI,1957,0.34565,0,0,0.013,0,NA,1,0,0,0,1,0
Malawi,MWI,1958,0.34565,0,0,0.014,0,NA,1,0,0,0,1,0
Malawi,MWI,1959,0.34565,0,0,0.016,0,NA,1,0,0,0,1,0
Malawi,MWI,1960,0.34565,0,0,0.041,0,NA,1,0,0,0,1,0
Malawi,MWI,1961,0.346175,0,0,0.118,0,NA,1,0,0,0,1,0
Malawi,MWI,1962,0.346175,0,0,0.175,0,NA,1,0,0,0,1,0
Malawi,MWI,1963,0.352175,0,0,0.237,0,NA,1,0,0,0,1,0
Malawi,MWI,1964,0.515675,0,0,0.274,0,NA,1,0,0,0,1,0
Malawi,MWI,1965,0.545875,0,0,0.237,0,NA,1,0,0,0,1,0
Malawi,MWI,1966,0.5411,0,0,0.21,0,NA,1,0,0,0,1,0
Malawi,MWI,1967,0.5365,0,0,0.209,0,NA,1,0,0,0,1,0
Malawi,MWI,1968,0.5365,0,0,0.209,0,NA,1,0,0,0,1,0
Malawi,MWI,1969,0.5367,0,0,0.209,0,NA,1,0,0,0,1,0
Malawi,MWI,1970,0.5367,0,0,0.209,0,NA,1,0,0,0,1,0
Malawi,MWI,1971,0.5373,0,0,0.209,0,NA,1,0,0,0,1,0
Malawi,MWI,1972,0.5373,0,0,0.209,0,NA,1,0,0,0,1,0
Malawi,MWI,1973,0.5373,0,0,0.209,0,NA,1,0,0,0,1,0
Malawi,MWI,1974,0.5373,0,0,0.209,0,NA,1,0,0,0,1,0
Malawi,MWI,1975,0.5373,0,0,0.209,0,NA,1,0,0,0,1,0
Malawi,MWI,1976,0.5373,0,0,0.181,0,NA,1,0,0,0,1,0
Malawi,MWI,1977,0.5373,0,0,0.163,0,NA,1,0,0,0,1,0
Malawi,MWI,1978,0.5373,0,0,0.165,0,NA,1,0,0,0,1,0
Malawi,MWI,1979,0.5373,0,0,0.168,0,NA,1,0,0,0,1,0
Malawi,MWI,1980,0.5373,0,0,0.168,0,NA,1,0,0,0,1,0
Malawi,MWI,1981,0.5373,0,0,0.168,0,NA,1,0,0,0,1,0
Malawi,MWI,1982,0.5373,0,0,0.168,0,NA,1,0,0,0,1,0
Malawi,MWI,1983,0.5373,0,0,0.167,0,NA,1,0,0,0,1,0
Malawi,MWI,1984,0.5373,0,0,0.167,0,NA,1,0,0,0,1,0
Malawi,MWI,1985,0.5373,0,0,0.167,0,NA,1,0,0,0,1,0
Malawi,MWI,1986,0.5373,0,0,0.167,0,NA,1,0,0,0,1,0
Malawi,MWI,1987,0.5373,0,0,0.167,0,NA,1,0,0,0,1,0
Malawi,MWI,1988,0.5373,0,0,0.166,0,NA,1,0,0,0,1,0
Malawi,MWI,1989,0.5373,0,0,0.166,0,NA,1,0,0,0,1,0
Malawi,MWI,1990,0.5373,0,0,0.166,0,NA,1,0,0,0,1,0
Malawi,MWI,1991,0.5305,0,0,0.166,0,NA,1,0,0,0,1,0
Malawi,MWI,1992,0.532425,0,0,0.188,0,NA,1,0,0,0,1,0
Malawi,MWI,1993,0.57545,0,0,0.251,0,NA,1,0,0,0,1,0
Malawi,MWI,1994,0.47,0,0,0.456,0,NA,1,0,0,0,1,0
Malawi,MWI,1995,0.559025,1,0.6931471805599453,0.558,4.553876891600541,NA,1,0,0,0,1,0
Malawi,MWI,1996,0.559025,0,0.6931471805599453,0.559,4.564348191467836,NA,1,0,0,0,1,0
Malawi,MWI,1997,0.553775,0,0.6931471805599453,0.559,4.574710978503383,NA,1,0,0,0,1,0
Malawi,MWI,1998,0.553775,0,0.6931471805599453,0.559,4.584967478670572,NA,1,0,0,0,1,0
Malawi,MWI,1999,0.553775,0,0.6931471805599453,0.507,4.59511985013459,NA,1,0,0,0,1,0
Malawi,MWI,2000,0.568575,0,0,0.475,0,NA,1,0,0,0,1,0
Malawi,MWI,2001,0.569375,0,0,0.475,0,NA,1,0,0,0,1,0
Malawi,MWI,2002,0.573975,0,0,0.475,0,NA,1,0,0,0,1,0
Malawi,MWI,2003,0.573975,0,0,0.475,0,NA,1,0,0,0,1,0
Malawi,MWI,2004,0.573975,0,0,0.458,0,NA,1,0,0,0,1,0
Malawi,MWI,2005,0.56695,0,0,0.446,0,NA,1,0,0,0,1,0
Malawi,MWI,2006,0.57035,0,0,0.441,0,NA,1,0,0,0,1,0
Malawi,MWI,2007,0.56815,0,0,0.443,0,NA,1,0,0,0,1,0
Malawi,MWI,2008,0.56855,0,0,0.443,0,NA,1,0,0,0,1,0
Malawi,MWI,2009,0.56815,0,0,0.496,0,NA,1,0,0,0,1,0
Malawi,MWI,2010,0.5388,1,1.0986122886681096,0.516,4.68213122712422,NA,1,0,0,0,1,0
Malawi,MWI,2011,0.5388,0,1.0986122886681096,0.514,4.6913478822291435,NA,1,0,0,0,1,0
Malawi,MWI,2012,0.5374,0,1.0986122886681096,0.534,4.700480365792417,NA,1,0,0,0,1,0
Malawi,MWI,2013,0.53245,0,1.0986122886681096,0.558,4.709530201312334,NA,1,0,0,0,1,0
Malawi,MWI,2014,0.54405,0,1.0986122886681096,0.543,4.718498871295094,NA,1,0,0,0,1,0
Malawi,MWI,2015,0.584,0,1.0986122886681096,0.538,4.727387818712341,NA,1,0,0,0,1,0
Malawi,MWI,2016,0.574025,0,1.0986122886681096,0.536,4.736198448394496,NA,1,0,0,0,1,0
Malawi,MWI,2017,0.61095,0,1.0986122886681096,0.546,4.74493212836325,NA,1,0,0,0,1,0
Malawi,MWI,2018,0.6022,0,1.0986122886681096,0.527,4.7535901911063645,NA,1,0,0,0,1,0
Malawi,MWI,2019,0.581175,0,0,0.476,0,NA,1,0,0,0,1,0
Malawi,MWI,2020,0.6498,1,1.3862943611198906,0.539,4.7535901911063645,NA,1,0,0,0,1,0
Malawi,MWI,2021,0.660175,0,1.3862943611198906,0.605,4.762173934797756,NA,1,0,0,0,1,0
Malawi,MWI,2022,0.623325,0,1.3862943611198906,0.614,4.770684624465665,NA,1,0,0,0,1,0
Malawi,MWI,2023,0.624875,0,1.3862943611198906,0.576,4.77912349311153,NA,1,0,0,0,1,0
Malawi,MWI,2024,0.574875,0,1.3862943611198906,0.58,4.787491742782046,NA,1,0,0,0,1,0
Maldives,MDV,1940,0.27825,0,0,0.14,0,NA,1,0,0,0,0,1
Maldives,MDV,1941,0.27825,0,0,0.13,0,NA,1,0,0,0,0,1
Maldives,MDV,1942,0.27825,0,0,0.13,0,NA,1,0,0,0,0,1
Maldives,MDV,1943,0.27825,0,0,0.13,0,NA,1,0,0,0,0,1
Maldives,MDV,1944,0.27825,0,0,0.13,0,NA,1,0,0,0,0,1
Maldives,MDV,1945,0.286425,0,0,0.13,0,NA,1,0,0,0,0,1
Maldives,MDV,1946,0.286425,0,0,0.13,0,NA,1,0,0,0,0,1
Maldives,MDV,1947,0.286425,0,0,0.13,0,NA,1,0,0,0,0,1
Maldives,MDV,1948,0.286425,0,0,0.13,0,NA,1,0,0,0,0,1
Maldives,MDV,1949,0.286425,0,0,0.13,0,NA,1,0,0,0,0,1
Maldives,MDV,1950,0.286425,0,0,0.13,0,NA,1,0,0,0,0,1
Maldives,MDV,1951,0.286425,0,0,0.13,0,NA,1,0,0,0,0,1
Maldives,MDV,1952,0.286425,0,0,0.13,0,NA,1,0,0,0,0,1
Maldives,MDV,1953,0.309025,0,0,0.129,0,NA,1,0,0,0,0,1
Maldives,MDV,1954,0.308825,0,0,0.129,0,NA,1,0,0,0,0,1
Maldives,MDV,1955,0.308825,0,0,0.13,0,NA,1,0,0,0,0,1
Maldives,MDV,1956,0.308825,0,0,0.13,0,NA,1,0,0,0,0,1
Maldives,MDV,1957,0.308825,0,0,0.13,0,NA,1,0,0,0,0,1
Maldives,MDV,1958,0.308825,0,0,0.13,0,NA,1,0,0,0,0,1
Maldives,MDV,1959,0.308825,0,0,0.13,0,NA,1,0,0,0,0,1
Maldives,MDV,1960,0.322375,0,0,0.13,0,NA,1,0,0,0,0,1
Maldives,MDV,1961,0.322375,0,0,0.13,0,NA,1,0,0,0,0,1
Maldives,MDV,1962,0.322375,0,0,0.131,0,NA,1,0,0,0,0,1
Maldives,MDV,1963,0.322375,0,0,0.13,0,NA,1,0,0,0,0,1
Maldives,MDV,1964,0.322375,0,0,0.13,0,NA,1,0,0,0,0,1
Maldives,MDV,1965,0.322375,0,0,0.13,0,NA,1,0,0,0,0,1
Maldives,MDV,1966,0.3118,0,0,0.129,0,NA,1,0,0,0,0,1
Maldives,MDV,1967,0.3118,0,0,0.129,0,NA,1,0,0,0,0,1
Maldives,MDV,1968,0.316025,0,0,0.142,0,NA,1,0,0,0,0,1
Maldives,MDV,1969,0.3242,0,0,0.171,0,NA,1,0,0,0,0,1
Maldives,MDV,1970,0.3242,0,0,0.168,0,NA,1,0,0,0,0,1
Maldives,MDV,1971,0.3242,0,0,0.168,0,NA,1,0,0,0,0,1
Maldives,MDV,1972,0.3242,0,0,0.168,0,NA,1,0,0,0,0,1
Maldives,MDV,1973,0.3242,0,0,0.169,0,NA,1,0,0,0,0,1
Maldives,MDV,1974,0.32775,0,0,0.169,0,NA,1,0,0,0,0,1
Maldives,MDV,1975,0.323975,0,0,0.171,0,NA,1,0,0,0,0,1
Maldives,MDV,1976,0.323975,0,0,0.171,0,NA,1,0,0,0,0,1
Maldives,MDV,1977,0.323975,0,0,0.171,0,NA,1,0,0,0,0,1
Maldives,MDV,1978,0.317575,0,0,0.163,0,NA,1,0,0,0,0,1
Maldives,MDV,1979,0.302775,0,0,0.155,0,NA,1,0,0,0,0,1
Maldives,MDV,1980,0.302775,0,0,0.154,0,NA,1,0,0,0,0,1
Maldives,MDV,1981,0.302775,0,0,0.154,0,NA,1,0,0,0,0,1
Maldives,MDV,1982,0.302775,0,0,0.154,0,NA,1,0,0,0,0,1
Maldives,MDV,1983,0.302775,0,0,0.154,0,NA,1,0,0,0,0,1
Maldives,MDV,1984,0.302775,0,0,0.153,0,NA,1,0,0,0,0,1
Maldives,MDV,1985,0.302775,0,0,0.156,0,NA,1,0,0,0,0,1
Maldives,MDV,1986,0.302775,0,0,0.156,0,NA,1,0,0,0,0,1
Maldives,MDV,1987,0.302775,0,0,0.156,0,NA,1,0,0,0,0,1
Maldives,MDV,1988,0.302775,0,0,0.155,0,NA,1,0,0,0,0,1
Maldives,MDV,1989,0.302775,0,0,0.155,0,NA,1,0,0,0,0,1
Maldives,MDV,1990,0.292775,0,0,0.166,0,NA,1,0,0,0,0,1
Maldives,MDV,1991,0.292775,0,0,0.159,0,NA,1,0,0,0,0,1
Maldives,MDV,1992,0.292775,0,0,0.159,0,NA,1,0,0,0,0,1
Maldives,MDV,1993,0.292775,0,0,0.16,0,NA,1,0,0,0,0,1
Maldives,MDV,1994,0.292775,0,0,0.159,0,NA,1,0,0,0,0,1
Maldives,MDV,1995,0.291575,0,0,0.16,0,NA,1,0,0,0,0,1
Maldives,MDV,1996,0.291575,0,0,0.16,0,NA,1,0,0,0,0,1
Maldives,MDV,1997,0.291575,0,0,0.16,0,NA,1,0,0,0,0,1
Maldives,MDV,1998,0.290975,0,0,0.16,0,NA,1,0,0,0,0,1
Maldives,MDV,1999,0.290975,0,0,0.157,0,NA,1,0,0,0,0,1
Maldives,MDV,2000,0.2822,0,0,0.16,0,NA,1,0,0,0,0,1
Maldives,MDV,2001,0.2822,0,0,0.161,0,NA,1,0,0,0,0,1
Maldives,MDV,2002,0.2822,0,0,0.162,0,NA,1,0,0,0,0,1
Maldives,MDV,2003,0.2836,0,0,0.171,0,NA,1,0,0,0,0,1
Maldives,MDV,2004,0.2886,0,0,0.175,0,NA,1,0,0,0,0,1
Maldives,MDV,2005,0.3324,0,0,0.283,0,NA,1,0,0,0,0,1
Maldives,MDV,2006,0.3524,0,0,0.299,0,NA,1,0,0,0,0,1
Maldives,MDV,2007,0.3524,0,0,0.304,0,NA,1,0,0,0,0,1
Maldives,MDV,2008,0.415525,0,0,0.456,0,NA,1,0,0,0,0,1
Maldives,MDV,2009,0.51985,1,0.6931471805599453,0.603,4.6913478822291435,NA,1,0,0,0,0,1
Maldives,MDV,2010,0.518075,0,0.6931471805599453,0.596,4.700480365792417,NA,1,0,0,0,0,1
Maldives,MDV,2011,0.518075,0,0.6931471805599453,0.597,4.709530201312334,NA,1,0,0,0,0,1
Maldives,MDV,2012,0.47235,0,0.6931471805599453,0.537,4.718498871295094,NA,1,0,0,0,0,1
Maldives,MDV,2013,0.3945,0,0,0.45,0,NA,1,0,0,0,0,1
Maldives,MDV,2014,0.38875,0,0,0.402,0,NA,1,0,0,0,0,1
Maldives,MDV,2015,0.357075,0,0,0.374,0,NA,1,0,0,0,0,1
Maldives,MDV,2016,0.37385,0,0,0.362,0,NA,1,0,0,0,0,1
Maldives,MDV,2017,0.369875,0,0,0.354,0,NA,1,0,0,0,0,1
Maldives,MDV,2018,0.379225,0,0,0.386,0,NA,1,0,0,0,0,1
Maldives,MDV,2019,0.59265,1,1.0986122886681096,0.568,4.762173934797756,NA,1,0,0,0,0,1
Maldives,MDV,2020,0.61145,0,1.0986122886681096,0.573,4.770684624465665,NA,1,0,0,0,0,1
Maldives,MDV,2021,0.61045,0,1.0986122886681096,0.577,4.77912349311153,NA,1,0,0,0,0,1
Maldives,MDV,2022,0.63105,0,1.0986122886681096,0.58,4.787491742782046,NA,1,0,0,0,0,1
Maldives,MDV,2023,0.650875,0,1.0986122886681096,0.591,4.795790545596741,NA,1,0,0,0,0,1
Maldives,MDV,2024,0.640725,0,1.0986122886681096,0.564,4.804021044733257,NA,1,0,0,0,0,1
Mongolia,MNG,1940,0.4695,0,0,0.082,0,NA,1,0,0,0,0,1
Mongolia,MNG,1941,0.4733,0,0,0.067,0,NA,1,0,0,0,0,1
Mongolia,MNG,1942,0.4733,0,0,0.067,0,NA,1,0,0,0,0,1
Mongolia,MNG,1943,0.4733,0,0,0.067,0,NA,1,0,0,0,0,1
Mongolia,MNG,1944,0.4733,0,0,0.067,0,NA,1,0,0,0,0,1
Mongolia,MNG,1945,0.4733,0,0,0.073,0,NA,1,0,0,0,0,1
Mongolia,MNG,1946,0.4733,0,0,0.073,0,NA,1,0,0,0,0,1
Mongolia,MNG,1947,0.4733,0,0,0.074,0,NA,1,0,0,0,0,1
Mongolia,MNG,1948,0.4733,0,0,0.074,0,NA,1,0,0,0,0,1
Mongolia,MNG,1949,0.4733,0,0,0.074,0,NA,1,0,0,0,0,1
Mongolia,MNG,1950,0.47995,0,0,0.074,0,NA,1,0,0,0,0,1
Mongolia,MNG,1951,0.47995,0,0,0.093,0,NA,1,0,0,0,0,1
Mongolia,MNG,1952,0.48115,0,0,0.165,0,NA,1,0,0,0,0,1
Mongolia,MNG,1953,0.48115,0,0,0.17,0,NA,1,0,0,0,0,1
Mongolia,MNG,1954,0.48115,0,0,0.17,0,NA,1,0,0,0,0,1
Mongolia,MNG,1955,0.48115,0,0,0.169,0,NA,1,0,0,0,0,1
Mongolia,MNG,1956,0.48115,0,0,0.169,0,NA,1,0,0,0,0,1
Mongolia,MNG,1957,0.48115,0,0,0.169,0,NA,1,0,0,0,0,1
Mongolia,MNG,1958,0.48115,0,0,0.169,0,NA,1,0,0,0,0,1
Mongolia,MNG,1959,0.48115,0,0,0.169,0,NA,1,0,0,0,0,1
Mongolia,MNG,1960,0.48395,0,0,0.174,0,NA,1,0,0,0,0,1
Mongolia,MNG,1961,0.51135,0,0,0.175,0,NA,1,0,0,0,0,1
Mongolia,MNG,1962,0.51135,0,0,0.175,0,NA,1,0,0,0,0,1
Mongolia,MNG,1963,0.51135,0,0,0.176,0,NA,1,0,0,0,0,1
Mongolia,MNG,1964,0.51135,0,0,0.176,0,NA,1,0,0,0,0,1
Mongolia,MNG,1965,0.51135,0,0,0.176,0,NA,1,0,0,0,0,1
Mongolia,MNG,1966,0.51135,0,0,0.176,0,NA,1,0,0,0,0,1
Mongolia,MNG,1967,0.51135,0,0,0.175,0,NA,1,0,0,0,0,1
Mongolia,MNG,1968,0.51135,0,0,0.175,0,NA,1,0,0,0,0,1
Mongolia,MNG,1969,0.51135,0,0,0.175,0,NA,1,0,0,0,0,1
Mongolia,MNG,1970,0.51135,0,0,0.175,0,NA,1,0,0,0,0,1
Mongolia,MNG,1971,0.51135,0,0,0.175,0,NA,1,0,0,0,0,1
Mongolia,MNG,1972,0.51135,0,0,0.175,0,NA,1,0,0,0,0,1
Mongolia,MNG,1973,0.51135,0,0,0.178,0,NA,1,0,0,0,0,1
Mongolia,MNG,1974,0.51135,0,0,0.18,0,NA,1,0,0,0,0,1
Mongolia,MNG,1975,0.51135,0,0,0.18,0,NA,1,0,0,0,0,1
Mongolia,MNG,1976,0.51135,0,0,0.18,0,NA,1,0,0,0,0,1
Mongolia,MNG,1977,0.51135,0,0,0.18,0,NA,1,0,0,0,0,1
Mongolia,MNG,1978,0.51135,0,0,0.18,0,NA,1,0,0,0,0,1
Mongolia,MNG,1979,0.51275,0,0,0.18,0,NA,1,0,0,0,0,1
Mongolia,MNG,1980,0.51275,0,0,0.18,0,NA,1,0,0,0,0,1
Mongolia,MNG,1981,0.51275,0,0,0.18,0,NA,1,0,0,0,0,1
Mongolia,MNG,1982,0.51275,0,0,0.18,0,NA,1,0,0,0,0,1
Mongolia,MNG,1983,0.51275,0,0,0.18,0,NA,1,0,0,0,0,1
Mongolia,MNG,1984,0.51275,0,0,0.18,0,NA,1,0,0,0,0,1
Mongolia,MNG,1985,0.51275,0,0,0.18,0,NA,1,0,0,0,0,1
Mongolia,MNG,1986,0.51275,0,0,0.179,0,NA,1,0,0,0,0,1
Mongolia,MNG,1987,0.51275,0,0,0.179,0,NA,1,0,0,0,0,1
Mongolia,MNG,1988,0.51275,0,0,0.179,0,NA,1,0,0,0,0,1
Mongolia,MNG,1989,0.51255,0,0,0.184,0,NA,1,0,0,0,0,1
Mongolia,MNG,1990,0.565175,0,0,0.378,0,NA,1,0,0,0,0,1
Mongolia,MNG,1991,0.589825,1,0.6931471805599453,0.561,4.382026634673881,NA,1,0,0,0,0,1
Mongolia,MNG,1992,0.71965,0,0.6931471805599453,0.673,4.394449154672439,NA,1,0,0,0,0,1
Mongolia,MNG,1993,0.72025,0,0.6931471805599453,0.703,4.406719247264253,NA,1,0,0,0,0,1
Mongolia,MNG,1994,0.72325,0,0.6931471805599453,0.703,4.418840607796598,NA,1,0,0,0,0,1
Mongolia,MNG,1995,0.72325,0,0.6931471805599453,0.703,4.430816798843313,NA,1,0,0,0,0,1
Mongolia,MNG,1996,0.72545,0,0.6931471805599453,0.7,4.442651256490317,NA,1,0,0,0,0,1
Mongolia,MNG,1997,0.72545,0,0.6931471805599453,0.708,4.454347296253507,NA,1,0,0,0,0,1
Mongolia,MNG,1998,0.72545,0,0.6931471805599453,0.708,4.465908118654584,NA,1,0,0,0,0,1
Mongolia,MNG,1999,0.72545,0,0.6931471805599453,0.708,4.477336814478207,NA,1,0,0,0,0,1
Mongolia,MNG,2000,0.578425,0,0.6931471805599453,0.679,4.48863636973214,NA,1,0,0,0,0,1
Mongolia,MNG,2001,0.578425,0,0.6931471805599453,0.662,4.499809670330265,NA,1,0,0,0,0,1
Mongolia,MNG,2002,0.577225,0,0.6931471805599453,0.667,4.51085950651685,NA,1,0,0,0,0,1
Mongolia,MNG,2003,0.579225,0,0.6931471805599453,0.668,4.5217885770490405,NA,1,0,0,0,0,1
Mongolia,MNG,2004,0.577825,0,0.6931471805599453,0.672,4.532599493153256,NA,1,0,0,0,0,1
Mongolia,MNG,2005,0.573225,0,0.6931471805599453,0.675,4.543294782270004,NA,1,0,0,0,0,1
Mongolia,MNG,2006,0.574025,0,0.6931471805599453,0.686,4.553876891600541,NA,1,0,0,0,0,1
Mongolia,MNG,2007,0.574025,0,0.6931471805599453,0.686,4.564348191467836,NA,1,0,0,0,0,1
Mongolia,MNG,2008,0.568625,0,0.6931471805599453,0.657,4.574710978503383,NA,1,0,0,0,0,1
Mongolia,MNG,2009,0.574975,0,0.6931471805599453,0.661,4.584967478670572,NA,1,0,0,0,0,1
Mongolia,MNG,2010,0.579075,0,0.6931471805599453,0.679,4.59511985013459,NA,1,0,0,0,0,1
Mongolia,MNG,2011,0.578675,0,0.6931471805599453,0.684,4.605170185988092,NA,1,0,0,0,0,1
Mongolia,MNG,2012,0.566875,0,0.6931471805599453,0.69,4.61512051684126,NA,1,0,0,0,0,1
Mongolia,MNG,2013,0.545375,0,0.6931471805599453,0.688,4.624972813284271,NA,1,0,0,0,0,1
Mongolia,MNG,2014,0.540675,0,0.6931471805599453,0.687,4.634728988229636,NA,1,0,0,0,0,1
Mongolia,MNG,2015,0.55405,0,0.6931471805599453,0.681,4.6443908991413725,NA,1,0,0,0,0,1
Mongolia,MNG,2016,0.55385,0,0.6931471805599453,0.677,4.653960350157523,NA,1,0,0,0,0,1
Mongolia,MNG,2017,0.54645,0,0.6931471805599453,0.664,4.663439094112067,NA,1,0,0,0,0,1
Mongolia,MNG,2018,0.54385,0,0.6931471805599453,0.653,4.672828834461906,NA,1,0,0,0,0,1
Mongolia,MNG,2019,0.537775,0,0.6931471805599453,0.653,4.68213122712422,NA,1,0,0,0,0,1
Mongolia,MNG,2020,0.542175,0,0.6931471805599453,0.633,4.6913478822291435,NA,1,0,0,0,0,1
Mongolia,MNG,2021,0.5221,0,0.6931471805599453,0.613,4.700480365792417,NA,1,0,0,0,0,1
Mongolia,MNG,2022,0.5091,0,0.6931471805599453,0.573,4.709530201312334,NA,1,0,0,0,0,1
Mongolia,MNG,2023,0.5041,0,0.6931471805599453,0.533,4.718498871295094,NA,1,0,0,0,0,1
Mongolia,MNG,2024,0.5227,0,0,0.496,0,NA,1,0,0,0,0,1
Morocco,MAR,1940,0.296775,0,0,0.042,NA,NA,1,0,0,0,1,0
Morocco,MAR,1941,0.296775,0,0,0.042,NA,NA,1,0,0,0,1,0
Morocco,MAR,1942,0.296775,0,0,0.042,NA,NA,1,0,0,0,1,0
Morocco,MAR,1943,0.296775,0,0,0.047,NA,NA,1,0,0,0,1,0
Morocco,MAR,1944,0.296775,0,0,0.051,NA,NA,1,0,0,0,1,0
Morocco,MAR,1945,0.296775,0,0,0.051,NA,NA,1,0,0,0,1,0
Morocco,MAR,1946,0.296775,0,0,0.051,NA,NA,1,0,0,0,1,0
Morocco,MAR,1947,0.296775,0,0,0.051,NA,NA,1,0,0,0,1,0
Morocco,MAR,1948,0.296775,0,0,0.051,NA,NA,1,0,0,0,1,0
Morocco,MAR,1949,0.296775,0,0,0.051,NA,NA,1,0,0,0,1,0
Morocco,MAR,1950,0.296775,0,0,0.051,NA,NA,1,0,0,0,1,0
Morocco,MAR,1951,0.296775,0,0,0.051,NA,NA,1,0,0,0,1,0
Morocco,MAR,1952,0.296775,0,0,0.051,NA,NA,1,0,0,0,1,0
Morocco,MAR,1953,0.303975,0,0,0.051,NA,NA,1,0,0,0,1,0
Morocco,MAR,1954,0.303975,0,0,0.051,NA,NA,1,0,0,0,1,0
Morocco,MAR,1955,0.300375,0,0,0.051,NA,NA,1,0,0,0,1,0
Morocco,MAR,1956,0.335775,0,0,0.063,NA,NA,1,0,0,0,1,0
Morocco,MAR,1957,0.314475,0,0,0.067,NA,NA,1,0,0,0,1,0
Morocco,MAR,1958,0.314475,0,0,0.067,NA,NA,1,0,0,0,1,0
Morocco,MAR,1959,0.314475,0,0,0.065,NA,NA,1,0,0,0,1,0
Morocco,MAR,1960,0.314475,0,0,0.072,NA,NA,1,0,0,0,1,0
Morocco,MAR,1961,0.3514,0,0,0.069,NA,NA,1,0,0,0,1,0
Morocco,MAR,1962,0.38125,0,0,0.069,NA,NA,1,0,0,0,1,0
Morocco,MAR,1963,0.3755,0,0,0.154,NA,NA,1,0,0,0,1,0
Morocco,MAR,1964,0.36225,0,0,0.168,NA,NA,1,0,0,0,1,0
Morocco,MAR,1965,0.36225,0,0,0.159,NA,NA,1,0,0,0,1,0
Morocco,MAR,1966,0.36225,0,0,0.132,NA,NA,1,0,0,0,1,0
Morocco,MAR,1967,0.36225,0,0,0.132,NA,NA,1,0,0,0,1,0
Morocco,MAR,1968,0.36225,0,0,0.132,NA,NA,1,0,0,0,1,0
Morocco,MAR,1969,0.35465,0,0,0.123,NA,NA,1,0,0,0,1,0
Morocco,MAR,1970,0.35465,0,0,0.135,NA,NA,1,0,0,0,1,0
Morocco,MAR,1971,0.35465,0,0,0.152,NA,NA,1,0,0,0,1,0
Morocco,MAR,1972,0.35465,0,0,0.152,NA,NA,1,0,0,0,1,0
Morocco,MAR,1973,0.35465,0,0,0.151,NA,NA,1,0,0,0,1,0
Morocco,MAR,1974,0.35465,0,0,0.136,NA,NA,1,0,0,0,1,0
Morocco,MAR,1975,0.35465,0,0,0.13,NA,NA,1,0,0,0,1,0
Morocco,MAR,1976,0.35465,0,0,0.13,NA,NA,1,0,0,0,1,0
Morocco,MAR,1977,0.35465,0,0,0.146,NA,NA,1,0,0,0,1,0
Morocco,MAR,1978,0.35465,0,0,0.157,NA,NA,1,0,0,0,1,0
Morocco,MAR,1979,0.35465,0,0,0.159,NA,NA,1,0,0,0,1,0
Morocco,MAR,1980,0.41945,0,0,0.16,NA,NA,1,0,0,0,1,0
Morocco,MAR,1981,0.41945,0,0,0.16,NA,NA,1,0,0,0,1,0
Morocco,MAR,1982,0.41945,0,0,0.16,NA,NA,1,0,0,0,1,0
Morocco,MAR,1983,0.41945,0,0,0.16,NA,NA,1,0,0,0,1,0
Morocco,MAR,1984,0.41945,0,0,0.161,NA,NA,1,0,0,0,1,0
Morocco,MAR,1985,0.41945,0,0,0.161,NA,NA,1,0,0,0,1,0
Morocco,MAR,1986,0.41945,0,0,0.161,NA,NA,1,0,0,0,1,0
Morocco,MAR,1987,0.41945,0,0,0.164,NA,NA,1,0,0,0,1,0
Morocco,MAR,1988,0.41945,0,0,0.164,NA,NA,1,0,0,0,1,0
Morocco,MAR,1989,0.41945,0,0,0.164,NA,NA,1,0,0,0,1,0
Morocco,MAR,1990,0.432375,0,0,0.17,NA,NA,1,0,0,0,1,0
Morocco,MAR,1991,0.442975,0,0,0.17,NA,NA,1,0,0,0,1,0
Morocco,MAR,1992,0.450375,0,0,0.184,NA,NA,1,0,0,0,1,0
Morocco,MAR,1993,0.4685,0,0,0.191,NA,NA,1,0,0,0,1,0
Morocco,MAR,1994,0.4689,0,0,0.193,NA,NA,1,0,0,0,1,0
Morocco,MAR,1995,0.4689,0,0,0.193,NA,NA,1,0,0,0,1,0
Morocco,MAR,1996,0.4689,0,0,0.193,NA,NA,1,0,0,0,1,0
Morocco,MAR,1997,0.4713,0,0,0.203,NA,NA,1,0,0,0,1,0
Morocco,MAR,1998,0.4739,0,0,0.213,NA,NA,1,0,0,0,1,0
Morocco,MAR,1999,0.4739,0,0,0.213,NA,NA,1,0,0,0,1,0
Morocco,MAR,2000,0.46045,0,0,0.237,NA,NA,1,0,0,0,1,0
Morocco,MAR,2001,0.46045,0,0,0.239,NA,NA,1,0,0,0,1,0
Morocco,MAR,2002,0.46045,0,0,0.242,NA,NA,1,0,0,0,1,0
Morocco,MAR,2003,0.46305,0,0,0.252,NA,NA,1,0,0,0,1,0
Morocco,MAR,2004,0.46305,0,0,0.252,NA,NA,1,0,0,0,1,0
Morocco,MAR,2005,0.48425,0,0,0.259,NA,NA,1,0,0,0,1,0
Morocco,MAR,2006,0.48425,0,0,0.256,NA,NA,1,0,0,0,1,0
Morocco,MAR,2007,0.48425,0,0,0.259,NA,NA,1,0,0,0,1,0
Morocco,MAR,2008,0.48425,0,0,0.252,NA,NA,1,0,0,0,1,0
Morocco,MAR,2009,0.48425,0,0,0.252,NA,NA,1,0,0,0,1,0
Morocco,MAR,2010,0.49375,0,0,0.256,NA,NA,1,0,0,0,1,0
Morocco,MAR,2011,0.511625,0,0,0.262,NA,NA,1,0,0,0,1,0
Morocco,MAR,2012,0.511025,0,0,0.264,NA,NA,1,0,0,0,1,0
Morocco,MAR,2013,0.496025,0,0,0.269,NA,NA,1,0,0,0,1,0
Morocco,MAR,2014,0.497425,0,0,0.268,NA,NA,1,0,0,0,1,0
Morocco,MAR,2015,0.491025,0,0,0.263,NA,NA,1,0,0,0,1,0
Morocco,MAR,2016,0.487925,0,0,0.265,NA,NA,1,0,0,0,1,0
Morocco,MAR,2017,0.4989,0,0,0.26,NA,NA,1,0,0,0,1,0
Morocco,MAR,2018,0.503625,0,0,0.261,NA,NA,1,0,0,0,1,0
Morocco,MAR,2019,0.503625,0,0,0.258,NA,NA,1,0,0,0,1,0
Morocco,MAR,2020,0.502625,0,0,0.256,NA,NA,1,0,0,0,1,0
Morocco,MAR,2021,0.502625,0,0,0.262,NA,NA,1,0,0,0,1,0
Morocco,MAR,2022,0.509625,0,0,0.262,NA,NA,1,0,0,0,1,0
Morocco,MAR,2023,0.512025,0,0,0.262,NA,NA,1,0,0,0,1,0
Morocco,MAR,2024,0.513025,0,0,0.263,NA,NA,1,0,0,0,1,0
Netherlands,NLD,1940,0.727925,0,0,0.219,NA,NA,0,1,0,0,0,0
Netherlands,NLD,1941,0.726925,0,0,0.148,NA,NA,0,1,0,0,0,0
Netherlands,NLD,1942,0.726925,0,0,0.146,NA,NA,0,1,0,0,0,0
Netherlands,NLD,1943,0.726925,0,0,0.146,NA,NA,0,1,0,0,0,0
Netherlands,NLD,1944,0.726925,0,0,0.145,NA,NA,0,1,0,0,0,0
Netherlands,NLD,1945,0.736925,0,0,0.187,NA,NA,0,1,0,0,0,0
Netherlands,NLD,1946,0.9027,1,1.0986122886681096,0.528,NA,NA,0,1,0,0,0,0
Netherlands,NLD,1947,0.9027,0,1.0986122886681096,0.765,NA,NA,0,1,0,0,0,0
Netherlands,NLD,1948,0.9166,0,1.0986122886681096,0.766,NA,NA,0,1,0,0,0,0
Netherlands,NLD,1949,0.9166,0,1.0986122886681096,0.781,NA,NA,0,1,0,0,0,0
Netherlands,NLD,1950,0.9166,0,1.0986122886681096,0.781,NA,NA,0,1,0,0,0,0
Netherlands,NLD,1951,0.9166,0,1.0986122886681096,0.781,NA,NA,0,1,0,0,0,0
Netherlands,NLD,1952,0.9166,0,1.0986122886681096,0.774,NA,NA,0,1,0,0,0,0
Netherlands,NLD,1953,0.9166,0,1.0986122886681096,0.767,NA,NA,0,1,0,0,0,0
Netherlands,NLD,1954,0.9166,0,1.0986122886681096,0.767,NA,NA,0,1,0,0,0,0
Netherlands,NLD,1955,0.9166,0,1.0986122886681096,0.761,NA,NA,0,1,0,0,0,0
Netherlands,NLD,1956,0.9166,0,1.0986122886681096,0.781,NA,NA,0,1,0,0,0,0
Netherlands,NLD,1957,0.9166,0,1.0986122886681096,0.786,NA,NA,0,1,0,0,0,0
Netherlands,NLD,1958,0.9166,0,1.0986122886681096,0.786,NA,NA,0,1,0,0,0,0
Netherlands,NLD,1959,0.9164,0,1.0986122886681096,0.789,NA,NA,0,1,0,0,0,0
Netherlands,NLD,1960,0.93425,0,1.0986122886681096,0.796,NA,NA,0,1,0,0,0,0
Netherlands,NLD,1961,0.93425,0,1.0986122886681096,0.796,NA,NA,0,1,0,0,0,0
Netherlands,NLD,1962,0.93425,0,1.0986122886681096,0.796,NA,NA,0,1,0,0,0,0
Netherlands,NLD,1963,0.93425,0,1.0986122886681096,0.794,NA,NA,0,1,0,0,0,0
Netherlands,NLD,1964,0.93425,0,1.0986122886681096,0.794,NA,NA,0,1,0,0,0,0
Netherlands,NLD,1965,0.93425,0,1.0986122886681096,0.794,NA,NA,0,1,0,0,0,0
Netherlands,NLD,1966,0.93425,0,1.0986122886681096,0.815,NA,NA,0,1,0,0,0,0
Netherlands,NLD,1967,0.93425,0,1.0986122886681096,0.825,NA,NA,0,1,0,0,0,0
Netherlands,NLD,1968,0.93425,0,1.0986122886681096,0.827,NA,NA,0,1,0,0,0,0
Netherlands,NLD,1969,0.93425,0,1.0986122886681096,0.839,NA,NA,0,1,0,0,0,0
Netherlands,NLD,1970,0.93425,0,1.0986122886681096,0.844,NA,NA,0,1,0,0,0,0
Netherlands,NLD,1971,0.93425,0,1.0986122886681096,0.845,NA,NA,0,1,0,0,0,0
Netherlands,NLD,1972,0.93425,0,1.0986122886681096,0.848,NA,NA,0,1,0,0,0,0
Netherlands,NLD,1973,0.93385,0,1.0986122886681096,0.845,NA,NA,0,1,0,0,0,0
Netherlands,NLD,1974,0.93425,0,1.0986122886681096,0.845,NA,NA,0,1,0,0,0,0
Netherlands,NLD,1975,0.93425,0,1.0986122886681096,0.845,NA,NA,0,1,0,0,0,0
Netherlands,NLD,1976,0.93425,0,1.0986122886681096,0.845,NA,NA,0,1,0,0,0,0
Netherlands,NLD,1977,0.93425,0,1.0986122886681096,0.847,NA,NA,0,1,0,0,0,0
Netherlands,NLD,1978,0.93425,0,1.0986122886681096,0.845,NA,NA,0,1,0,0,0,0
Netherlands,NLD,1979,0.93425,0,1.0986122886681096,0.857,NA,NA,0,1,0,0,0,0
Netherlands,NLD,1980,0.93245,0,1.0986122886681096,0.863,NA,NA,0,1,0,0,0,0
Netherlands,NLD,1981,0.93245,0,1.0986122886681096,0.863,NA,NA,0,1,0,0,0,0
Netherlands,NLD,1982,0.93245,0,1.0986122886681096,0.863,NA,NA,0,1,0,0,0,0
Netherlands,NLD,1983,0.93245,0,1.0986122886681096,0.864,NA,NA,0,1,0,0,0,0
Netherlands,NLD,1984,0.93245,0,1.0986122886681096,0.864,NA,NA,0,1,0,0,0,0
Netherlands,NLD,1985,0.93245,0,1.0986122886681096,0.864,NA,NA,0,1,0,0,0,0
Netherlands,NLD,1986,0.93245,0,1.0986122886681096,0.863,NA,NA,0,1,0,0,0,0
Netherlands,NLD,1987,0.93245,0,1.0986122886681096,0.862,NA,NA,0,1,0,0,0,0
Netherlands,NLD,1988,0.93245,0,1.0986122886681096,0.862,NA,NA,0,1,0,0,0,0
Netherlands,NLD,1989,0.93245,0,1.0986122886681096,0.861,NA,NA,0,1,0,0,0,0
Netherlands,NLD,1990,0.93245,0,1.0986122886681096,0.86,NA,NA,0,1,0,0,0,0
Netherlands,NLD,1991,0.93245,0,1.0986122886681096,0.86,NA,NA,0,1,0,0,0,0
Netherlands,NLD,1992,0.93245,0,1.0986122886681096,0.86,NA,NA,0,1,0,0,0,0
Netherlands,NLD,1993,0.93245,0,1.0986122886681096,0.86,NA,NA,0,1,0,0,0,0
Netherlands,NLD,1994,0.93245,0,1.0986122886681096,0.862,NA,NA,0,1,0,0,0,0
Netherlands,NLD,1995,0.93245,0,1.0986122886681096,0.863,NA,NA,0,1,0,0,0,0
Netherlands,NLD,1996,0.93245,0,1.0986122886681096,0.863,NA,NA,0,1,0,0,0,0
Netherlands,NLD,1997,0.93245,0,1.0986122886681096,0.858,NA,NA,0,1,0,0,0,0
Netherlands,NLD,1998,0.93245,0,1.0986122886681096,0.85,NA,NA,0,1,0,0,0,0
Netherlands,NLD,1999,0.93245,0,1.0986122886681096,0.866,NA,NA,0,1,0,0,0,0
Netherlands,NLD,2000,0.93245,0,1.0986122886681096,0.862,NA,NA,0,1,0,0,0,0
Netherlands,NLD,2001,0.93245,0,1.0986122886681096,0.862,NA,NA,0,1,0,0,0,0
Netherlands,NLD,2002,0.93205,0,1.0986122886681096,0.852,NA,NA,0,1,0,0,0,0
Netherlands,NLD,2003,0.93265,0,1.0986122886681096,0.857,NA,NA,0,1,0,0,0,0
Netherlands,NLD,2004,0.93265,0,1.0986122886681096,0.857,NA,NA,0,1,0,0,0,0
Netherlands,NLD,2005,0.93265,0,1.0986122886681096,0.857,NA,NA,0,1,0,0,0,0
Netherlands,NLD,2006,0.93265,0,1.0986122886681096,0.863,NA,NA,0,1,0,0,0,0
Netherlands,NLD,2007,0.93265,0,1.0986122886681096,0.871,NA,NA,0,1,0,0,0,0
Netherlands,NLD,2008,0.93265,0,1.0986122886681096,0.871,NA,NA,0,1,0,0,0,0
Netherlands,NLD,2009,0.93265,0,1.0986122886681096,0.871,NA,NA,0,1,0,0,0,0
Netherlands,NLD,2010,0.93265,0,1.0986122886681096,0.873,NA,NA,0,1,0,0,0,0
Netherlands,NLD,2011,0.93265,0,1.0986122886681096,0.874,NA,NA,0,1,0,0,0,0
Netherlands,NLD,2012,0.93265,0,1.0986122886681096,0.871,NA,NA,0,1,0,0,0,0
Netherlands,NLD,2013,0.904775,0,1.0986122886681096,0.876,NA,NA,0,1,0,0,0,0
Netherlands,NLD,2014,0.904775,0,1.0986122886681096,0.88,NA,NA,0,1,0,0,0,0
Netherlands,NLD,2015,0.904975,0,1.0986122886681096,0.88,NA,NA,0,1,0,0,0,0
Netherlands,NLD,2016,0.904975,0,1.0986122886681096,0.88,NA,NA,0,1,0,0,0,0
Netherlands,NLD,2017,0.905575,0,1.0986122886681096,0.879,NA,NA,0,1,0,0,0,0
Netherlands,NLD,2018,0.88865,0,1.0986122886681096,0.878,NA,NA,0,1,0,0,0,0
Netherlands,NLD,2019,0.908175,0,1.0986122886681096,0.861,NA,NA,0,1,0,0,0,0
Netherlands,NLD,2020,0.890675,0,1.0986122886681096,0.857,NA,NA,0,1,0,0,0,0
Netherlands,NLD,2021,0.890275,0,1.0986122886681096,0.863,NA,NA,0,1,0,0,0,0
Netherlands,NLD,2022,0.878825,0,1.0986122886681096,0.852,NA,NA,0,1,0,0,0,0
Netherlands,NLD,2023,0.878825,0,1.0986122886681096,0.843,NA,NA,0,1,0,0,0,0
Netherlands,NLD,2024,0.878825,0,1.0986122886681096,0.822,NA,NA,0,1,0,0,0,0
Panama,PAN,1940,0.453025,0,0,0.315,0,NA,1,0,1,0,0,0
Panama,PAN,1941,0.40855,0,0,0.305,0,NA,1,0,1,0,0,0
Panama,PAN,1942,0.456425,0,0,0.31,0,NA,1,0,1,0,0,0
Panama,PAN,1943,0.456425,0,0,0.31,0,NA,1,0,1,0,0,0
Panama,PAN,1944,0.456425,0,0,0.31,0,NA,1,0,1,0,0,0
Panama,PAN,1945,0.456425,0,0,0.307,0,NA,1,0,1,0,0,0
Panama,PAN,1946,0.456425,0,0,0.213,0,NA,1,0,1,0,0,0
Panama,PAN,1947,0.463025,0,0,0.235,0,NA,1,0,1,0,0,0
Panama,PAN,1948,0.476625,0,0,0.303,0,NA,1,0,1,0,0,0
Panama,PAN,1949,0.471375,0,0,0.323,0,NA,1,0,1,0,0,0
Panama,PAN,1950,0.501725,0,0,0.324,0,NA,1,0,1,0,0,0
Panama,PAN,1951,0.48355,0,0,0.253,0,NA,1,0,1,0,0,0
Panama,PAN,1952,0.501075,0,0,0.258,0,NA,1,0,1,0,0,0
Panama,PAN,1953,0.501075,0,0,0.365,0,NA,1,0,1,0,0,0
Panama,PAN,1954,0.501075,0,0,0.365,0,NA,1,0,1,0,0,0
Panama,PAN,1955,0.501075,0,0,0.365,0,NA,1,0,1,0,0,0
Panama,PAN,1956,0.501075,0,0,0.372,0,NA,1,0,1,0,0,0
Panama,PAN,1957,0.501075,0,0,0.371,0,NA,1,0,1,0,0,0
Panama,PAN,1958,0.501075,0,0,0.371,0,NA,1,0,1,0,0,0
Panama,PAN,1959,0.501075,0,0,0.371,0,NA,1,0,1,0,0,0
Panama,PAN,1960,0.501075,0,0,0.382,0,NA,1,0,1,0,0,0
Panama,PAN,1961,0.501075,0,0,0.386,0,NA,1,0,1,0,0,0
Panama,PAN,1962,0.501075,0,0,0.386,0,NA,1,0,1,0,0,0
Panama,PAN,1963,0.501075,0,0,0.386,0,NA,1,0,1,0,0,0
Panama,PAN,1964,0.501075,0,0,0.338,0,NA,1,0,1,0,0,0
Panama,PAN,1965,0.501075,0,0,0.324,0,NA,1,0,1,0,0,0
Panama,PAN,1966,0.501075,0,0,0.323,0,NA,1,0,1,0,0,0
Panama,PAN,1967,0.501075,0,0,0.322,0,NA,1,0,1,0,0,0
Panama,PAN,1968,0.3853,0,0,0.207,0,NA,1,0,1,0,0,0
Panama,PAN,1969,0.3449,0,0,0.092,0,NA,1,0,1,0,0,0
Panama,PAN,1970,0.3449,0,0,0.09,0,NA,1,0,1,0,0,0
Panama,PAN,1971,0.3449,0,0,0.09,0,NA,1,0,1,0,0,0
Panama,PAN,1972,0.3449,0,0,0.095,0,NA,1,0,1,0,0,0
Panama,PAN,1973,0.3449,0,0,0.102,0,NA,1,0,1,0,0,0
Panama,PAN,1974,0.3449,0,0,0.102,0,NA,1,0,1,0,0,0
Panama,PAN,1975,0.3449,0,0,0.102,0,NA,1,0,1,0,0,0
Panama,PAN,1976,0.3449,0,0,0.102,0,NA,1,0,1,0,0,0
Panama,PAN,1977,0.3449,0,0,0.102,0,NA,1,0,1,0,0,0
Panama,PAN,1978,0.3449,0,0,0.105,0,NA,1,0,1,0,0,0
Panama,PAN,1979,0.3449,0,0,0.123,0,NA,1,0,1,0,0,0
Panama,PAN,1980,0.3123,0,0,0.134,0,NA,1,0,1,0,0,0
Panama,PAN,1981,0.3049,0,0,0.125,0,NA,1,0,1,0,0,0
Panama,PAN,1982,0.1996,0,0,0.122,0,NA,1,0,1,0,0,0
Panama,PAN,1983,0.205,0,0,0.122,0,NA,1,0,1,0,0,0
Panama,PAN,1984,0.222,0,0,0.134,0,NA,1,0,1,0,0,0
Panama,PAN,1985,0.222,0,0,0.132,0,NA,1,0,1,0,0,0
Panama,PAN,1986,0.2049,0,0,0.132,0,NA,1,0,1,0,0,0
Panama,PAN,1987,0.2049,0,0,0.132,0,NA,1,0,1,0,0,0
Panama,PAN,1988,0.2049,0,0,0.132,0,NA,1,0,1,0,0,0
Panama,PAN,1989,0.2049,0,0,0.145,0,NA,1,0,1,0,0,0
Panama,PAN,1990,0.47975,0,0,0.475,0,NA,1,0,1,0,0,0
Panama,PAN,1991,0.59275,1,0.6931471805599453,0.68,4.430816798843313,NA,1,0,1,0,0,0
Panama,PAN,1992,0.59275,0,0.6931471805599453,0.696,4.442651256490317,NA,1,0,1,0,0,0
Panama,PAN,1993,0.59275,0,0.6931471805599453,0.701,4.454347296253507,NA,1,0,1,0,0,0
Panama,PAN,1994,0.60805,0,0.6931471805599453,0.708,4.465908118654584,NA,1,0,1,0,0,0
Panama,PAN,1995,0.60805,0,0.6931471805599453,0.711,4.477336814478207,NA,1,0,1,0,0,0
Panama,PAN,1996,0.60805,0,0.6931471805599453,0.711,4.48863636973214,NA,1,0,1,0,0,0
Panama,PAN,1997,0.60805,0,0.6931471805599453,0.711,4.499809670330265,NA,1,0,1,0,0,0
Panama,PAN,1998,0.60805,0,0.6931471805599453,0.7,4.51085950651685,NA,1,0,1,0,0,0
Panama,PAN,1999,0.60805,0,0.6931471805599453,0.698,4.5217885770490405,NA,1,0,1,0,0,0
Panama,PAN,2000,0.60805,0,0.6931471805599453,0.727,4.532599493153256,NA,1,0,1,0,0,0
Panama,PAN,2001,0.60805,0,0.6931471805599453,0.733,4.543294782270004,NA,1,0,1,0,0,0
Panama,PAN,2002,0.60805,0,0.6931471805599453,0.733,4.553876891600541,NA,1,0,1,0,0,0
Panama,PAN,2003,0.60805,0,0.6931471805599453,0.733,4.564348191467836,NA,1,0,1,0,0,0
Panama,PAN,2004,0.63085,0,0.6931471805599453,0.736,4.574710978503383,NA,1,0,1,0,0,0
Panama,PAN,2005,0.643525,0,0.6931471805599453,0.738,4.584967478670572,NA,1,0,1,0,0,0
Panama,PAN,2006,0.643525,0,0.6931471805599453,0.738,4.59511985013459,NA,1,0,1,0,0,0
Panama,PAN,2007,0.643525,0,0.6931471805599453,0.738,4.605170185988092,NA,1,0,1,0,0,0
Panama,PAN,2008,0.643525,0,0.6931471805599453,0.738,4.61512051684126,NA,1,0,1,0,0,0
Panama,PAN,2009,0.643525,0,0.6931471805599453,0.742,4.624972813284271,NA,1,0,1,0,0,0
Panama,PAN,2010,0.643525,0,0.6931471805599453,0.744,4.634728988229636,NA,1,0,1,0,0,0
Panama,PAN,2011,0.643525,0,0.6931471805599453,0.744,4.6443908991413725,NA,1,0,1,0,0,0
Panama,PAN,2012,0.643525,0,0.6931471805599453,0.744,4.653960350157523,NA,1,0,1,0,0,0
Panama,PAN,2013,0.67185,0,0.6931471805599453,0.748,4.663439094112067,NA,1,0,1,0,0,0
Panama,PAN,2014,0.67185,0,0.6931471805599453,0.74,4.672828834461906,NA,1,0,1,0,0,0
Panama,PAN,2015,0.67185,0,0.6931471805599453,0.756,4.68213122712422,NA,1,0,1,0,0,0
Panama,PAN,2016,0.67185,0,0.6931471805599453,0.756,4.6913478822291435,NA,1,0,1,0,0,0
Panama,PAN,2017,0.66215,0,0.6931471805599453,0.736,4.700480365792417,NA,1,0,1,0,0,0
Panama,PAN,2018,0.646925,0,0.6931471805599453,0.728,4.709530201312334,NA,1,0,1,0,0,0
Panama,PAN,2019,0.640625,0,0.6931471805599453,0.731,4.718498871295094,NA,1,0,1,0,0,0
Panama,PAN,2020,0.6401,0,0.6931471805599453,0.73,4.727387818712341,NA,1,0,1,0,0,0
Panama,PAN,2021,0.665675,0,0.6931471805599453,0.738,4.736198448394496,NA,1,0,1,0,0,0
Panama,PAN,2022,0.674075,0,0.6931471805599453,0.727,4.74493212836325,NA,1,0,1,0,0,0
Panama,PAN,2023,0.648725,0,0.6931471805599453,0.725,4.7535901911063645,NA,1,0,1,0,0,0
Panama,PAN,2024,0.673325,0,0.6931471805599453,0.726,4.762173934797756,NA,1,0,1,0,0,0
Papua New Guinea,PNG,1940,0.319325,0,0,0.083,0,NA,1,0,0,0,0,1
Papua New Guinea,PNG,1941,0.319325,0,0,0.083,0,NA,1,0,0,0,0,1
Papua New Guinea,PNG,1942,0.319325,0,0,0.083,0,NA,1,0,0,0,0,1
Papua New Guinea,PNG,1943,0.319325,0,0,0.083,0,NA,1,0,0,0,0,1
Papua New Guinea,PNG,1944,0.319325,0,0,0.083,0,NA,1,0,0,0,0,1
Papua New Guinea,PNG,1945,0.40045,0,0,0.083,0,NA,1,0,0,0,0,1
Papua New Guinea,PNG,1946,0.509775,0,0,0.108,0,NA,1,0,0,0,0,1
Papua New Guinea,PNG,1947,0.509775,0,0,0.108,0,NA,1,0,0,0,0,1
Papua New Guinea,PNG,1948,0.509775,0,0,0.108,0,NA,1,0,0,0,0,1
Papua New Guinea,PNG,1949,0.509775,0,0,0.108,0,NA,1,0,0,0,0,1
Papua New Guinea,PNG,1950,0.509775,0,0,0.109,0,NA,1,0,0,0,0,1
Papua New Guinea,PNG,1951,0.509775,0,0,0.186,0,NA,1,0,0,0,0,1
Papua New Guinea,PNG,1952,0.509775,0,0,0.186,0,NA,1,0,0,0,0,1
Papua New Guinea,PNG,1953,0.509775,0,0,0.186,0,NA,1,0,0,0,0,1
Papua New Guinea,PNG,1954,0.509775,0,0,0.186,0,NA,1,0,0,0,0,1
Papua New Guinea,PNG,1955,0.509775,0,0,0.186,0,NA,1,0,0,0,0,1
Papua New Guinea,PNG,1956,0.509775,0,0,0.186,0,NA,1,0,0,0,0,1
Papua New Guinea,PNG,1957,0.509775,0,0,0.186,0,NA,1,0,0,0,0,1
Papua New Guinea,PNG,1958,0.509775,0,0,0.186,0,NA,1,0,0,0,0,1
Papua New Guinea,PNG,1959,0.509775,0,0,0.186,0,NA,1,0,0,0,0,1
Papua New Guinea,PNG,1960,0.509775,0,0,0.226,0,NA,1,0,0,0,0,1
Papua New Guinea,PNG,1961,0.509775,0,0,0.235,0,NA,1,0,0,0,0,1
Papua New Guinea,PNG,1962,0.509775,0,0,0.237,0,NA,1,0,0,0,0,1
Papua New Guinea,PNG,1963,0.509775,0,0,0.237,0,NA,1,0,0,0,0,1
Papua New Guinea,PNG,1964,0.509775,0,0,0.288,0,NA,1,0,0,0,0,1
Papua New Guinea,PNG,1965,0.509775,0,0,0.287,0,NA,1,0,0,0,0,1
Papua New Guinea,PNG,1966,0.509775,0,0,0.287,0,NA,1,0,0,0,0,1
Papua New Guinea,PNG,1967,0.509775,0,0,0.287,0,NA,1,0,0,0,0,1
Papua New Guinea,PNG,1968,0.509775,0,0,0.287,0,NA,1,0,0,0,0,1
Papua New Guinea,PNG,1969,0.509775,0,0,0.287,0,NA,1,0,0,0,0,1
Papua New Guinea,PNG,1970,0.509775,0,0,0.303,0,NA,1,0,0,0,0,1
Papua New Guinea,PNG,1971,0.509775,0,0,0.303,0,NA,1,0,0,0,0,1
Papua New Guinea,PNG,1972,0.509775,0,0,0.313,0,NA,1,0,0,0,0,1
Papua New Guinea,PNG,1973,0.509775,1,0.6931471805599453,0.517,4.290459441148391,NA,1,0,0,0,0,1
Papua New Guinea,PNG,1974,0.509775,0,0.6931471805599453,0.517,4.304065093204169,NA,1,0,0,0,0,1
Papua New Guinea,PNG,1975,0.48365,0,0.6931471805599453,0.576,4.31748811353631,NA,1,0,0,0,0,1
Papua New Guinea,PNG,1976,0.48365,0,0.6931471805599453,0.576,4.330733340286331,NA,1,0,0,0,0,1
Papua New Guinea,PNG,1977,0.48365,0,0.6931471805599453,0.569,4.343805421853684,NA,1,0,0,0,0,1
Papua New Guinea,PNG,1978,0.48365,0,0.6931471805599453,0.562,4.356708826689592,NA,1,0,0,0,0,1
Papua New Guinea,PNG,1979,0.48365,0,0.6931471805599453,0.562,4.3694478524670215,NA,1,0,0,0,0,1
Papua New Guinea,PNG,1980,0.48365,0,0.6931471805599453,0.557,4.382026634673881,NA,1,0,0,0,0,1
Papua New Guinea,PNG,1981,0.48365,0,0.6931471805599453,0.557,4.394449154672439,NA,1,0,0,0,0,1
Papua New Guinea,PNG,1982,0.48365,0,0.6931471805599453,0.551,4.406719247264253,NA,1,0,0,0,0,1
Papua New Guinea,PNG,1983,0.48365,0,0.6931471805599453,0.546,4.418840607796598,NA,1,0,0,0,0,1
Papua New Guinea,PNG,1984,0.48365,0,0.6931471805599453,0.546,4.430816798843313,NA,1,0,0,0,0,1
Papua New Guinea,PNG,1985,0.48365,0,0.6931471805599453,0.546,4.442651256490317,NA,1,0,0,0,0,1
Papua New Guinea,PNG,1986,0.48365,0,0.6931471805599453,0.546,4.454347296253507,NA,1,0,0,0,0,1
Papua New Guinea,PNG,1987,0.48365,0,0.6931471805599453,0.542,4.465908118654584,NA,1,0,0,0,0,1
Papua New Guinea,PNG,1988,0.48365,0,0.6931471805599453,0.538,4.477336814478207,NA,1,0,0,0,0,1
Papua New Guinea,PNG,1989,0.48365,0,0.6931471805599453,0.54,4.48863636973214,NA,1,0,0,0,0,1
Papua New Guinea,PNG,1990,0.48365,0,0.6931471805599453,0.54,4.499809670330265,NA,1,0,0,0,0,1
Papua New Guinea,PNG,1991,0.48365,0,0.6931471805599453,0.54,4.51085950651685,NA,1,0,0,0,0,1
Papua New Guinea,PNG,1992,0.48365,0,0.6931471805599453,0.525,4.5217885770490405,NA,1,0,0,0,0,1
Papua New Guinea,PNG,1993,0.48365,0,0.6931471805599453,0.513,4.532599493153256,NA,1,0,0,0,0,1
Papua New Guinea,PNG,1994,0.48365,0,0.6931471805599453,0.513,4.543294782270004,NA,1,0,0,0,0,1
Papua New Guinea,PNG,1995,0.48365,0,0.6931471805599453,0.513,4.553876891600541,NA,1,0,0,0,0,1
Papua New Guinea,PNG,1996,0.48365,0,0.6931471805599453,0.513,4.564348191467836,NA,1,0,0,0,0,1
Papua New Guinea,PNG,1997,0.48365,0,0.6931471805599453,0.521,4.574710978503383,NA,1,0,0,0,0,1
Papua New Guinea,PNG,1998,0.48365,0,0.6931471805599453,0.528,4.584967478670572,NA,1,0,0,0,0,1
Papua New Guinea,PNG,1999,0.48365,0,0.6931471805599453,0.528,4.59511985013459,NA,1,0,0,0,0,1
Papua New Guinea,PNG,2000,0.48365,0,0.6931471805599453,0.528,4.605170185988092,NA,1,0,0,0,0,1
Papua New Guinea,PNG,2001,0.48365,0,0.6931471805599453,0.528,4.61512051684126,NA,1,0,0,0,0,1
Papua New Guinea,PNG,2002,0.48365,0,0.6931471805599453,0.524,4.624972813284271,NA,1,0,0,0,0,1
Papua New Guinea,PNG,2003,0.48365,0,0.6931471805599453,0.521,4.634728988229636,NA,1,0,0,0,0,1
Papua New Guinea,PNG,2004,0.48365,0,0.6931471805599453,0.52,4.6443908991413725,NA,1,0,0,0,0,1
Papua New Guinea,PNG,2005,0.48365,0,0.6931471805599453,0.52,4.653960350157523,NA,1,0,0,0,0,1
Papua New Guinea,PNG,2006,0.48365,0,0.6931471805599453,0.526,4.663439094112067,NA,1,0,0,0,0,1
Papua New Guinea,PNG,2007,0.48365,0,0,0.495,0,NA,1,0,0,0,0,1
Papua New Guinea,PNG,2008,0.48365,0,0,0.464,0,NA,1,0,0,0,0,1
Papua New Guinea,PNG,2009,0.48365,0,0,0.464,0,NA,1,0,0,0,0,1
Papua New Guinea,PNG,2010,0.47345,0,0,0.458,0,NA,1,0,0,0,0,1
Papua New Guinea,PNG,2011,0.46685,0,0,0.457,0,NA,1,0,0,0,0,1
Papua New Guinea,PNG,2012,0.460575,0,0,0.445,0,NA,1,0,0,0,0,1
Papua New Guinea,PNG,2013,0.460575,0,0,0.439,0,NA,1,0,0,0,0,1
Papua New Guinea,PNG,2014,0.458975,0,0,0.438,0,NA,1,0,0,0,0,1
Papua New Guinea,PNG,2015,0.458975,0,0,0.438,0,NA,1,0,0,0,0,1
Papua New Guinea,PNG,2016,0.458975,0,0,0.441,0,NA,1,0,0,0,0,1
Papua New Guinea,PNG,2017,0.459775,0,0,0.44,0,NA,1,0,0,0,0,1
Papua New Guinea,PNG,2018,0.464575,0,0,0.453,0,NA,1,0,0,0,0,1
Papua New Guinea,PNG,2019,0.466975,0,0,0.455,0,NA,1,0,0,0,0,1
Papua New Guinea,PNG,2020,0.476575,0,0,0.446,0,NA,1,0,0,0,0,1
Papua New Guinea,PNG,2021,0.44475,0,0,0.446,0,NA,1,0,0,0,0,1
Papua New Guinea,PNG,2022,0.4382,0,0,0.465,0,NA,1,0,0,0,0,1
Papua New Guinea,PNG,2023,0.40895,0,0,0.467,0,NA,1,0,0,0,0,1
Papua New Guinea,PNG,2024,0.44375,0,0,0.461,0,NA,1,0,0,0,0,1
Qatar,QAT,1940,0.27995,0,0,0.012,0,NA,1,0,0,0,1,0
Qatar,QAT,1941,0.27995,0,0,0.012,0,NA,1,0,0,0,1,0
Qatar,QAT,1942,0.27995,0,0,0.012,0,NA,1,0,0,0,1,0
Qatar,QAT,1943,0.27995,0,0,0.012,0,NA,1,0,0,0,1,0
Qatar,QAT,1944,0.27995,0,0,0.012,0,NA,1,0,0,0,1,0
Qatar,QAT,1945,0.27995,0,0,0.012,0,NA,1,0,0,0,1,0
Qatar,QAT,1946,0.27995,0,0,0.012,0,NA,1,0,0,0,1,0
Qatar,QAT,1947,0.27995,0,0,0.012,0,NA,1,0,0,0,1,0
Qatar,QAT,1948,0.27995,0,0,0.012,0,NA,1,0,0,0,1,0
Qatar,QAT,1949,0.27995,0,0,0.012,0,NA,1,0,0,0,1,0
Qatar,QAT,1950,0.287225,0,0,0.013,0,NA,1,0,0,0,1,0
Qatar,QAT,1951,0.287225,0,0,0.013,0,NA,1,0,0,0,1,0
Qatar,QAT,1952,0.287225,0,0,0.013,0,NA,1,0,0,0,1,0
Qatar,QAT,1953,0.287225,0,0,0.013,0,NA,1,0,0,0,1,0
Qatar,QAT,1954,0.287225,0,0,0.013,0,NA,1,0,0,0,1,0
Qatar,QAT,1955,0.295025,0,0,0.013,0,NA,1,0,0,0,1,0
Qatar,QAT,1956,0.295025,0,0,0.013,0,NA,1,0,0,0,1,0
Qatar,QAT,1957,0.295025,0,0,0.013,0,NA,1,0,0,0,1,0
Qatar,QAT,1958,0.295025,0,0,0.013,0,NA,1,0,0,0,1,0
Qatar,QAT,1959,0.295025,0,0,0.013,0,NA,1,0,0,0,1,0
Qatar,QAT,1960,0.337825,0,0,0.013,0,NA,1,0,0,0,1,0
Qatar,QAT,1961,0.346625,0,0,0.013,0,NA,1,0,0,0,1,0
Qatar,QAT,1962,0.346625,0,0,0.013,0,NA,1,0,0,0,1,0
Qatar,QAT,1963,0.346625,0,0,0.013,0,NA,1,0,0,0,1,0
Qatar,QAT,1964,0.346625,0,0,0.013,0,NA,1,0,0,0,1,0
Qatar,QAT,1965,0.346625,0,0,0.013,0,NA,1,0,0,0,1,0
Qatar,QAT,1966,0.346625,0,0,0.013,0,NA,1,0,0,0,1,0
Qatar,QAT,1967,0.346625,0,0,0.013,0,NA,1,0,0,0,1,0
Qatar,QAT,1968,0.346625,0,0,0.013,0,NA,1,0,0,0,1,0
Qatar,QAT,1969,0.346625,0,0,0.013,0,NA,1,0,0,0,1,0
Qatar,QAT,1970,0.431425,0,0,0.017,0,NA,1,0,0,0,1,0
Qatar,QAT,1971,0.445475,0,0,0.017,0,NA,1,0,0,0,1,0
Qatar,QAT,1972,0.454675,0,0,0.017,0,NA,1,0,0,0,1,0
Qatar,QAT,1973,0.476475,0,0,0.017,0,NA,1,0,0,0,1,0
Qatar,QAT,1974,0.476475,0,0,0.017,0,NA,1,0,0,0,1,0
Qatar,QAT,1975,0.476475,0,0,0.017,0,NA,1,0,0,0,1,0
Qatar,QAT,1976,0.476475,0,0,0.017,0,NA,1,0,0,0,1,0
Qatar,QAT,1977,0.476475,0,0,0.017,0,NA,1,0,0,0,1,0
Qatar,QAT,1978,0.476475,0,0,0.017,0,NA,1,0,0,0,1,0
Qatar,QAT,1979,0.476475,0,0,0.016,0,NA,1,0,0,0,1,0
Qatar,QAT,1980,0.480225,0,0,0.016,0,NA,1,0,0,0,1,0
Qatar,QAT,1981,0.480225,0,0,0.016,0,NA,1,0,0,0,1,0
Qatar,QAT,1982,0.483025,0,0,0.016,0,NA,1,0,0,0,1,0
Qatar,QAT,1983,0.483025,0,0,0.016,0,NA,1,0,0,0,1,0
Qatar,QAT,1984,0.483025,0,0,0.016,0,NA,1,0,0,0,1,0
Qatar,QAT,1985,0.483025,0,0,0.016,0,NA,1,0,0,0,1,0
Qatar,QAT,1986,0.483025,0,0,0.016,0,NA,1,0,0,0,1,0
Qatar,QAT,1987,0.483025,0,0,0.016,0,NA,1,0,0,0,1,0
Qatar,QAT,1988,0.483025,0,0,0.016,0,NA,1,0,0,0,1,0
Qatar,QAT,1989,0.488625,0,0,0.016,0,NA,1,0,0,0,1,0
Qatar,QAT,1990,0.522425,0,0,0.016,0,NA,1,0,0,0,1,0
Qatar,QAT,1991,0.522425,0,0,0.016,0,NA,1,0,0,0,1,0
Qatar,QAT,1992,0.522425,0,0,0.016,0,NA,1,0,0,0,1,0
Qatar,QAT,1993,0.517025,0,0,0.016,0,NA,1,0,0,0,1,0
Qatar,QAT,1994,0.517025,0,0,0.017,0,NA,1,0,0,0,1,0
Qatar,QAT,1995,0.523625,0,0,0.018,0,NA,1,0,0,0,1,0
Qatar,QAT,1996,0.539625,0,0,0.018,0,NA,1,0,0,0,1,0
Qatar,QAT,1997,0.541425,0,0,0.018,0,NA,1,0,0,0,1,0
Qatar,QAT,1998,0.541425,0,0,0.017,0,NA,1,0,0,0,1,0
Qatar,QAT,1999,0.541425,0,0,0.017,0,NA,1,0,0,0,1,0
Qatar,QAT,2000,0.553,0,0,0.019,0,NA,1,0,0,0,1,0
Qatar,QAT,2001,0.5522,0,0,0.019,0,NA,1,0,0,0,1,0
Qatar,QAT,2002,0.5522,0,0,0.019,0,NA,1,0,0,0,1,0
Qatar,QAT,2003,0.566325,0,0,0.041,0,NA,1,0,0,0,1,0
Qatar,QAT,2004,0.58795,0,0,0.041,0,NA,1,0,0,0,1,0
Qatar,QAT,2005,0.58795,0,0,0.041,0,NA,1,0,0,0,1,0
Qatar,QAT,2006,0.58655,0,0,0.041,0,NA,1,0,0,0,1,0
Qatar,QAT,2007,0.58655,0,0,0.041,0,NA,1,0,0,0,1,0
Qatar,QAT,2008,0.58655,0,0,0.041,0,NA,1,0,0,0,1,0
Qatar,QAT,2009,0.58735,0,0,0.041,0,NA,1,0,0,0,1,0
Qatar,QAT,2010,0.58815,0,0,0.04,0,NA,1,0,0,0,1,0
Qatar,QAT,2011,0.58815,0,0,0.042,0,NA,1,0,0,0,1,0
Qatar,QAT,2012,0.58745,0,0,0.042,0,NA,1,0,0,0,1,0
Qatar,QAT,2013,0.577775,0,0,0.042,0,NA,1,0,0,0,1,0
Qatar,QAT,2014,0.577775,0,0,0.042,0,NA,1,0,0,0,1,0
Qatar,QAT,2015,0.577775,0,0,0.041,0,NA,1,0,0,0,1,0
Qatar,QAT,2016,0.577775,0,0,0.04,0,NA,1,0,0,0,1,0
Qatar,QAT,2017,0.577425,0,0,0.04,0,NA,1,0,0,0,1,0
Qatar,QAT,2018,0.58905,0,0,0.042,0,NA,1,0,0,0,1,0
Qatar,QAT,2019,0.586925,0,0,0.04,0,NA,1,0,0,0,1,0
Qatar,QAT,2020,0.5832,0,0,0.039,0,NA,1,0,0,0,1,0
Qatar,QAT,2021,0.5634,0,0,0.088,0,NA,1,0,0,0,1,0
Qatar,QAT,2022,0.56615,0,0,0.086,0,NA,1,0,0,0,1,0
Qatar,QAT,2023,0.57255,0,0,0.086,0,NA,1,0,0,0,1,0
Qatar,QAT,2024,0.528775,0,0,0.087,0,NA,1,0,0,0,1,0
Sierra Leone,SLE,1940,0.36205,0,0,0.075,0,NA,1,0,0,0,1,0
Sierra Leone,SLE,1941,0.36205,0,0,0.075,0,NA,1,0,0,0,1,0
Sierra Leone,SLE,1942,0.36205,0,0,0.075,0,NA,1,0,0,0,1,0
Sierra Leone,SLE,1943,0.36205,0,0,0.075,0,NA,1,0,0,0,1,0
Sierra Leone,SLE,1944,0.36205,0,0,0.075,0,NA,1,0,0,0,1,0
Sierra Leone,SLE,1945,0.36205,0,0,0.075,0,NA,1,0,0,0,1,0
Sierra Leone,SLE,1946,0.36205,0,0,0.075,0,NA,1,0,0,0,1,0
Sierra Leone,SLE,1947,0.36205,0,0,0.075,0,NA,1,0,0,0,1,0
Sierra Leone,SLE,1948,0.367425,0,0,0.079,0,NA,1,0,0,0,1,0
Sierra Leone,SLE,1949,0.367425,0,0,0.079,0,NA,1,0,0,0,1,0
Sierra Leone,SLE,1950,0.367425,0,0,0.079,0,NA,1,0,0,0,1,0
Sierra Leone,SLE,1951,0.375425,0,0,0.133,0,NA,1,0,0,0,1,0
Sierra Leone,SLE,1952,0.389875,0,0,0.153,0,NA,1,0,0,0,1,0
Sierra Leone,SLE,1953,0.386275,0,0,0.157,0,NA,1,0,0,0,1,0
Sierra Leone,SLE,1954,0.386275,0,0,0.157,0,NA,1,0,0,0,1,0
Sierra Leone,SLE,1955,0.386275,0,0,0.159,0,NA,1,0,0,0,1,0
Sierra Leone,SLE,1956,0.386275,0,0,0.159,0,NA,1,0,0,0,1,0
Sierra Leone,SLE,1957,0.386275,0,0,0.165,0,NA,1,0,0,0,1,0
Sierra Leone,SLE,1958,0.379675,0,0,0.224,0,NA,1,0,0,0,1,0
Sierra Leone,SLE,1959,0.379675,0,0,0.224,0,NA,1,0,0,0,1,0
Sierra Leone,SLE,1960,0.393425,0,0,0.234,0,NA,1,0,0,0,1,0
Sierra Leone,SLE,1961,0.415775,0,0,0.246,0,NA,1,0,0,0,1,0
Sierra Leone,SLE,1962,0.48215,0,0,0.36,0,NA,1,0,0,0,1,0
Sierra Leone,SLE,1963,0.48215,0,0,0.359,0,NA,1,0,0,0,1,0
Sierra Leone,SLE,1964,0.48215,0,0,0.366,0,NA,1,0,0,0,1,0
Sierra Leone,SLE,1965,0.472625,0,0,0.36,0,NA,1,0,0,0,1,0
Sierra Leone,SLE,1966,0.471825,0,0,0.36,0,NA,1,0,0,0,1,0
Sierra Leone,SLE,1967,0.4305,0,0,0.239,0,NA,1,0,0,0,1,0
Sierra Leone,SLE,1968,0.422,0,0,0.169,0,NA,1,0,0,0,1,0
Sierra Leone,SLE,1969,0.39,0,0,0.16,0,NA,1,0,0,0,1,0
Sierra Leone,SLE,1970,0.363675,0,0,0.16,0,NA,1,0,0,0,1,0
Sierra Leone,SLE,1971,0.361275,0,0,0.196,0,NA,1,0,0,0,1,0
Sierra Leone,SLE,1972,0.334675,0,0,0.205,0,NA,1,0,0,0,1,0
Sierra Leone,SLE,1973,0.334675,0,0,0.225,0,NA,1,0,0,0,1,0
Sierra Leone,SLE,1974,0.334675,0,0,0.235,0,NA,1,0,0,0,1,0
Sierra Leone,SLE,1975,0.334675,0,0,0.235,0,NA,1,0,0,0,1,0
Sierra Leone,SLE,1976,0.334675,0,0,0.235,0,NA,1,0,0,0,1,0
Sierra Leone,SLE,1977,0.334675,0,0,0.224,0,NA,1,0,0,0,1,0
Sierra Leone,SLE,1978,0.333275,0,0,0.198,0,NA,1,0,0,0,1,0
Sierra Leone,SLE,1979,0.26905,0,0,0.19,0,NA,1,0,0,0,1,0
Sierra Leone,SLE,1980,0.26905,0,0,0.187,0,NA,1,0,0,0,1,0
Sierra Leone,SLE,1981,0.26905,0,0,0.179,0,NA,1,0,0,0,1,0
Sierra Leone,SLE,1982,0.26905,0,0,0.181,0,NA,1,0,0,0,1,0
Sierra Leone,SLE,1983,0.26905,0,0,0.182,0,NA,1,0,0,0,1,0
Sierra Leone,SLE,1984,0.26905,0,0,0.182,0,NA,1,0,0,0,1,0
Sierra Leone,SLE,1985,0.26905,0,0,0.183,0,NA,1,0,0,0,1,0
Sierra Leone,SLE,1986,0.26685,0,0,0.195,0,NA,1,0,0,0,1,0
Sierra Leone,SLE,1987,0.26685,0,0,0.195,0,NA,1,0,0,0,1,0
Sierra Leone,SLE,1988,0.26685,0,0,0.195,0,NA,1,0,0,0,1,0
Sierra Leone,SLE,1989,0.26685,0,0,0.194,0,NA,1,0,0,0,1,0
Sierra Leone,SLE,1990,0.246425,0,0,0.194,0,NA,1,0,0,0,1,0
Sierra Leone,SLE,1991,0.1432,0,0,0.197,0,NA,1,0,0,0,1,0
Sierra Leone,SLE,1992,0.1416,0,0,0.166,0,NA,1,0,0,0,1,0
Sierra Leone,SLE,1993,0.1517,0,0,0.146,0,NA,1,0,0,0,1,0
Sierra Leone,SLE,1994,0.1517,0,0,0.153,0,NA,1,0,0,0,1,0
Sierra Leone,SLE,1995,0.1517,0,0,0.158,0,NA,1,0,0,0,1,0
Sierra Leone,SLE,1996,0.266225,0,0,0.284,0,NA,1,0,0,0,1,0
Sierra Leone,SLE,1997,0.191375,0,0,0.296,0,NA,1,0,0,0,1,0
Sierra Leone,SLE,1998,0.2618,0,0,0.218,0,NA,1,0,0,0,1,0
Sierra Leone,SLE,1999,0.279225,0,0,0.229,0,NA,1,0,0,0,1,0
Sierra Leone,SLE,2000,0.283825,0,0,0.23,0,NA,1,0,0,0,1,0
Sierra Leone,SLE,2001,0.283825,0,0,0.23,0,NA,1,0,0,0,1,0
Sierra Leone,SLE,2002,0.444825,0,0,0.43,0,NA,1,0,0,0,1,0
Sierra Leone,SLE,2003,0.44835,1,0.6931471805599453,0.552,4.574710978503383,NA,1,0,0,0,1,0
Sierra Leone,SLE,2004,0.45015,0,0.6931471805599453,0.552,4.584967478670572,NA,1,0,0,0,1,0
Sierra Leone,SLE,2005,0.44875,0,0.6931471805599453,0.552,4.59511985013459,NA,1,0,0,0,1,0
Sierra Leone,SLE,2006,0.408975,0,0.6931471805599453,0.552,4.605170185988092,NA,1,0,0,0,1,0
Sierra Leone,SLE,2007,0.4578,0,0.6931471805599453,0.537,4.61512051684126,NA,1,0,0,0,1,0
Sierra Leone,SLE,2008,0.454025,0,0.6931471805599453,0.514,4.624972813284271,NA,1,0,0,0,1,0
Sierra Leone,SLE,2009,0.458825,0,0.6931471805599453,0.514,4.634728988229636,NA,1,0,0,0,1,0
Sierra Leone,SLE,2010,0.4738,0,0.6931471805599453,0.514,4.6443908991413725,NA,1,0,0,0,1,0
Sierra Leone,SLE,2011,0.4738,0,0.6931471805599453,0.514,4.653960350157523,NA,1,0,0,0,1,0
Sierra Leone,SLE,2012,0.4738,0,0.6931471805599453,0.5,4.663439094112067,NA,1,0,0,0,1,0
Sierra Leone,SLE,2013,0.43365,0,0.6931471805599453,0.5,4.672828834461906,NA,1,0,0,0,1,0
Sierra Leone,SLE,2014,0.43365,0,0.6931471805599453,0.5,4.68213122712422,NA,1,0,0,0,1,0
Sierra Leone,SLE,2015,0.43365,0,0.6931471805599453,0.5,4.6913478822291435,NA,1,0,0,0,1,0
Sierra Leone,SLE,2016,0.43185,0,0.6931471805599453,0.5,4.700480365792417,NA,1,0,0,0,1,0
Sierra Leone,SLE,2017,0.449825,0,0.6931471805599453,0.502,4.709530201312334,NA,1,0,0,0,1,0
Sierra Leone,SLE,2018,0.5904,0,0.6931471805599453,0.539,4.718498871295094,NA,1,0,0,0,1,0
Sierra Leone,SLE,2019,0.570825,0,0.6931471805599453,0.544,4.727387818712341,NA,1,0,0,0,1,0
Sierra Leone,SLE,2020,0.617375,0,0.6931471805599453,0.548,4.736198448394496,NA,1,0,0,0,1,0
Sierra Leone,SLE,2021,0.64555,0,0.6931471805599453,0.551,4.74493212836325,NA,1,0,0,0,1,0
Sierra Leone,SLE,2022,0.65615,0,0.6931471805599453,0.564,4.7535901911063645,NA,1,0,0,0,1,0
Sierra Leone,SLE,2023,0.64835,0,0,0.493,0,NA,1,0,0,0,1,0
Sierra Leone,SLE,2024,0.6496,0,0,0.44,0,NA,1,0,0,0,1,0
Spain,ESP,1940,0.464575,0,0,0.07,NA,NA,0,1,0,0,0,0
Spain,ESP,1941,0.464575,0,0,0.069,NA,NA,0,1,0,0,0,0
Spain,ESP,1942,0.4697,0,0,0.069,NA,NA,0,1,0,0,0,0
Spain,ESP,1943,0.4847,0,0,0.069,NA,NA,0,1,0,0,0,0
Spain,ESP,1944,0.4847,0,0,0.069,NA,NA,0,1,0,0,0,0
Spain,ESP,1945,0.4847,0,0,0.069,NA,NA,0,1,0,0,0,0
Spain,ESP,1946,0.4847,0,0,0.069,NA,NA,0,1,0,0,0,0
Spain,ESP,1947,0.4847,0,0,0.069,NA,NA,0,1,0,0,0,0
Spain,ESP,1948,0.4847,0,0,0.069,NA,NA,0,1,0,0,0,0
Spain,ESP,1949,0.4813,0,0,0.069,NA,NA,0,1,0,0,0,0
Spain,ESP,1950,0.4897,0,0,0.069,NA,NA,0,1,0,0,0,0
Spain,ESP,1951,0.4897,0,0,0.069,NA,NA,0,1,0,0,0,0
Spain,ESP,1952,0.4897,0,0,0.069,NA,NA,0,1,0,0,0,0
Spain,ESP,1953,0.4897,0,0,0.069,NA,NA,0,1,0,0,0,0
Spain,ESP,1954,0.4897,0,0,0.069,NA,NA,0,1,0,0,0,0
Spain,ESP,1955,0.4897,0,0,0.069,NA,NA,0,1,0,0,0,0
Spain,ESP,1956,0.4897,0,0,0.069,NA,NA,0,1,0,0,0,0
Spain,ESP,1957,0.4897,0,0,0.069,NA,NA,0,1,0,0,0,0
Spain,ESP,1958,0.4897,0,0,0.069,NA,NA,0,1,0,0,0,0
Spain,ESP,1959,0.4897,0,0,0.069,NA,NA,0,1,0,0,0,0
Spain,ESP,1960,0.5097,0,0,0.07,NA,NA,0,1,0,0,0,0
Spain,ESP,1961,0.5097,0,0,0.071,NA,NA,0,1,0,0,0,0
Spain,ESP,1962,0.5097,0,0,0.071,NA,NA,0,1,0,0,0,0
Spain,ESP,1963,0.5097,0,0,0.072,NA,NA,0,1,0,0,0,0
Spain,ESP,1964,0.5097,0,0,0.072,NA,NA,0,1,0,0,0,0
Spain,ESP,1965,0.5097,0,0,0.072,NA,NA,0,1,0,0,0,0
Spain,ESP,1966,0.5097,0,0,0.077,NA,NA,0,1,0,0,0,0
Spain,ESP,1967,0.5097,0,0,0.086,NA,NA,0,1,0,0,0,0
Spain,ESP,1968,0.5097,0,0,0.103,NA,NA,0,1,0,0,0,0
Spain,ESP,1969,0.5097,0,0,0.103,NA,NA,0,1,0,0,0,0
Spain,ESP,1970,0.5279,0,0,0.103,NA,NA,0,1,0,0,0,0
Spain,ESP,1971,0.5279,0,0,0.105,NA,NA,0,1,0,0,0,0
Spain,ESP,1972,0.5279,0,0,0.112,NA,NA,0,1,0,0,0,0
Spain,ESP,1973,0.5315,0,0,0.112,NA,NA,0,1,0,0,0,0
Spain,ESP,1974,0.5431,0,0,0.112,NA,NA,0,1,0,0,0,0
Spain,ESP,1975,0.5615,0,0,0.116,NA,NA,0,1,0,0,0,0
Spain,ESP,1976,0.576625,0,0,0.144,NA,NA,0,1,0,0,0,0
Spain,ESP,1977,0.720775,0,0,0.404,NA,NA,0,1,0,0,0,0
Spain,ESP,1978,0.8877,1,1.0986122886681096,0.764,NA,NA,0,1,0,0,0,0
Spain,ESP,1979,0.930175,0,1.0986122886681096,0.861,NA,NA,0,1,0,0,0,0
Spain,ESP,1980,0.929975,0,1.0986122886681096,0.869,NA,NA,0,1,0,0,0,0
Spain,ESP,1981,0.929975,0,1.0986122886681096,0.869,NA,NA,0,1,0,0,0,0
Spain,ESP,1982,0.929975,0,1.0986122886681096,0.88,NA,NA,0,1,0,0,0,0
Spain,ESP,1983,0.937375,0,1.0986122886681096,0.886,NA,NA,0,1,0,0,0,0
Spain,ESP,1984,0.937375,0,1.0986122886681096,0.886,NA,NA,0,1,0,0,0,0
Spain,ESP,1985,0.937375,0,1.0986122886681096,0.886,NA,NA,0,1,0,0,0,0
Spain,ESP,1986,0.937375,0,1.0986122886681096,0.891,NA,NA,0,1,0,0,0,0
Spain,ESP,1987,0.937375,0,1.0986122886681096,0.894,NA,NA,0,1,0,0,0,0
Spain,ESP,1988,0.937375,0,1.0986122886681096,0.894,NA,NA,0,1,0,0,0,0
Spain,ESP,1989,0.937375,0,1.0986122886681096,0.894,NA,NA,0,1,0,0,0,0
Spain,ESP,1990,0.937375,0,1.0986122886681096,0.893,NA,NA,0,1,0,0,0,0
Spain,ESP,1991,0.937375,0,1.0986122886681096,0.893,NA,NA,0,1,0,0,0,0
Spain,ESP,1992,0.937375,0,1.0986122886681096,0.893,NA,NA,0,1,0,0,0,0
Spain,ESP,1993,0.937375,0,1.0986122886681096,0.893,NA,NA,0,1,0,0,0,0
Spain,ESP,1994,0.937375,0,1.0986122886681096,0.893,NA,NA,0,1,0,0,0,0
Spain,ESP,1995,0.937375,0,1.0986122886681096,0.893,NA,NA,0,1,0,0,0,0
Spain,ESP,1996,0.937375,0,1.0986122886681096,0.894,NA,NA,0,1,0,0,0,0
Spain,ESP,1997,0.937375,0,1.0986122886681096,0.895,NA,NA,0,1,0,0,0,0
Spain,ESP,1998,0.937375,0,1.0986122886681096,0.895,NA,NA,0,1,0,0,0,0
Spain,ESP,1999,0.937375,0,1.0986122886681096,0.895,NA,NA,0,1,0,0,0,0
Spain,ESP,2000,0.937375,0,1.0986122886681096,0.892,NA,NA,0,1,0,0,0,0
Spain,ESP,2001,0.937375,0,1.0986122886681096,0.891,NA,NA,0,1,0,0,0,0
Spain,ESP,2002,0.937375,0,1.0986122886681096,0.891,NA,NA,0,1,0,0,0,0
Spain,ESP,2003,0.937375,0,1.0986122886681096,0.875,NA,NA,0,1,0,0,0,0
Spain,ESP,2004,0.937375,0,1.0986122886681096,0.873,NA,NA,0,1,0,0,0,0
Spain,ESP,2005,0.937375,0,1.0986122886681096,0.877,NA,NA,0,1,0,0,0,0
Spain,ESP,2006,0.940175,0,1.0986122886681096,0.873,NA,NA,0,1,0,0,0,0
Spain,ESP,2007,0.940175,0,1.0986122886681096,0.874,NA,NA,0,1,0,0,0,0
Spain,ESP,2008,0.940175,0,1.0986122886681096,0.886,NA,NA,0,1,0,0,0,0
Spain,ESP,2009,0.940175,0,1.0986122886681096,0.889,NA,NA,0,1,0,0,0,0
Spain,ESP,2010,0.940375,0,1.0986122886681096,0.891,NA,NA,0,1,0,0,0,0
Spain,ESP,2011,0.939775,0,1.0986122886681096,0.893,NA,NA,0,1,0,0,0,0
Spain,ESP,2012,0.905475,0,1.0986122886681096,0.892,NA,NA,0,1,0,0,0,0
Spain,ESP,2013,0.895325,0,1.0986122886681096,0.872,NA,NA,0,1,0,0,0,0
Spain,ESP,2014,0.890825,0,1.0986122886681096,0.872,NA,NA,0,1,0,0,0,0
Spain,ESP,2015,0.88735,0,1.0986122886681096,0.854,NA,NA,0,1,0,0,0,0
Spain,ESP,2016,0.89255,0,1.0986122886681096,0.847,NA,NA,0,1,0,0,0,0
Spain,ESP,2017,0.884775,0,1.0986122886681096,0.833,NA,NA,0,1,0,0,0,0
Spain,ESP,2018,0.886175,0,1.0986122886681096,0.854,NA,NA,0,1,0,0,0,0
Spain,ESP,2019,0.901325,0,1.0986122886681096,0.872,NA,NA,0,1,0,0,0,0
Spain,ESP,2020,0.914975,0,1.0986122886681096,0.873,NA,NA,0,1,0,0,0,0
Spain,ESP,2021,0.90645,0,1.0986122886681096,0.853,NA,NA,0,1,0,0,0,0
Spain,ESP,2022,0.910375,0,1.0986122886681096,0.868,NA,NA,0,1,0,0,0,0
Spain,ESP,2023,0.889025,0,1.0986122886681096,0.85,NA,NA,0,1,0,0,0,0
Spain,ESP,2024,0.877525,0,1.0986122886681096,0.829,NA,NA,0,1,0,0,0,0
Syria,SYR,1940,0.456425,0,0,0.105,0,NA,1,0,0,0,1,0
Syria,SYR,1941,0.456425,0,0,0.106,0,NA,1,0,0,0,1,0
Syria,SYR,1942,0.456425,0,0,0.106,0,NA,1,0,0,0,1,0
Syria,SYR,1943,0.454225,0,0,0.117,0,NA,1,0,0,0,1,0
Syria,SYR,1944,0.457825,0,0,0.137,0,NA,1,0,0,0,1,0
Syria,SYR,1945,0.471825,0,0,0.119,0,NA,1,0,0,0,1,0
Syria,SYR,1946,0.53235,0,0,0.136,0,NA,1,0,0,0,1,0
Syria,SYR,1947,0.609225,0,0,0.214,0,NA,1,0,0,0,1,0
Syria,SYR,1948,0.609225,0,0,0.312,0,NA,1,0,0,0,1,0
Syria,SYR,1949,0.570575,0,0,0.232,0,NA,1,0,0,0,1,0
Syria,SYR,1950,0.570575,0,0,0.247,0,NA,1,0,0,0,1,0
Syria,SYR,1951,0.563975,0,0,0.209,0,NA,1,0,0,0,1,0
Syria,SYR,1952,0.543175,0,0,0.147,0,NA,1,0,0,0,1,0
Syria,SYR,1953,0.542175,0,0,0.174,0,NA,1,0,0,0,1,0
Syria,SYR,1954,0.569775,0,0,0.268,0,NA,1,0,0,0,1,0
Syria,SYR,1955,0.60105,0,0,0.305,0,NA,1,0,0,0,1,0
Syria,SYR,1956,0.60105,0,0,0.308,0,NA,1,0,0,0,1,0
Syria,SYR,1957,0.59455,0,0,0.308,0,NA,1,0,0,0,1,0
Syria,SYR,1958,0.54195,0,0,0.112,0,NA,1,0,0,0,1,0
Syria,SYR,1959,0.51615,0,0,0.082,0,NA,1,0,0,0,1,0
Syria,SYR,1960,0.51215,0,0,0.079,0,NA,1,0,0,0,1,0
Syria,SYR,1961,0.51375,0,0,0.095,0,NA,1,0,0,0,1,0
Syria,SYR,1962,0.567575,0,0,0.262,0,NA,1,0,0,0,1,0
Syria,SYR,1963,0.4303,0,0,0.159,0,NA,1,0,0,0,1,0
Syria,SYR,1964,0.39305,0,0,0.141,0,NA,1,0,0,0,1,0
Syria,SYR,1965,0.39305,0,0,0.141,0,NA,1,0,0,0,1,0
Syria,SYR,1966,0.39305,0,0,0.105,0,NA,1,0,0,0,1,0
Syria,SYR,1967,0.39305,0,0,0.1,0,NA,1,0,0,0,1,0
Syria,SYR,1968,0.39305,0,0,0.1,0,NA,1,0,0,0,1,0
Syria,SYR,1969,0.39305,0,0,0.1,0,NA,1,0,0,0,1,0
Syria,SYR,1970,0.303875,0,0,0.075,0,NA,1,0,0,0,1,0
Syria,SYR,1971,0.29675,0,0,0.137,0,NA,1,0,0,0,1,0
Syria,SYR,1972,0.302925,0,0,0.147,0,NA,1,0,0,0,1,0
Syria,SYR,1973,0.302925,0,0,0.144,0,NA,1,0,0,0,1,0
Syria,SYR,1974,0.302925,0,0,0.144,0,NA,1,0,0,0,1,0
Syria,SYR,1975,0.2991,0,0,0.144,0,NA,1,0,0,0,1,0
Syria,SYR,1976,0.301525,0,0,0.144,0,NA,1,0,0,0,1,0
Syria,SYR,1977,0.302525,0,0,0.144,0,NA,1,0,0,0,1,0
Syria,SYR,1978,0.29985,0,0,0.144,0,NA,1,0,0,0,1,0
Syria,SYR,1979,0.2867,0,0,0.144,0,NA,1,0,0,0,1,0
Syria,SYR,1980,0.2217,0,0,0.143,0,NA,1,0,0,0,1,0
Syria,SYR,1981,0.2217,0,0,0.144,0,NA,1,0,0,0,1,0
Syria,SYR,1982,0.2364,0,0,0.144,0,NA,1,0,0,0,1,0
Syria,SYR,1983,0.236625,0,0,0.144,0,NA,1,0,0,0,1,0
Syria,SYR,1984,0.236625,0,0,0.144,0,NA,1,0,0,0,1,0
Syria,SYR,1985,0.236625,0,0,0.143,0,NA,1,0,0,0,1,0
Syria,SYR,1986,0.236625,0,0,0.143,0,NA,1,0,0,0,1,0
Syria,SYR,1987,0.235025,0,0,0.143,0,NA,1,0,0,0,1,0
Syria,SYR,1988,0.235025,0,0,0.143,0,NA,1,0,0,0,1,0
Syria,SYR,1989,0.235025,0,0,0.143,0,NA,1,0,0,0,1,0
Syria,SYR,1990,0.236225,0,0,0.145,0,NA,1,0,0,0,1,0
Syria,SYR,1991,0.236225,0,0,0.145,0,NA,1,0,0,0,1,0
Syria,SYR,1992,0.236225,0,0,0.144,0,NA,1,0,0,0,1,0
Syria,SYR,1993,0.237225,0,0,0.144,0,NA,1,0,0,0,1,0
Syria,SYR,1994,0.2306,0,0,0.145,0,NA,1,0,0,0,1,0
Syria,SYR,1995,0.2306,0,0,0.146,0,NA,1,0,0,0,1,0
Syria,SYR,1996,0.2306,0,0,0.146,0,NA,1,0,0,0,1,0
Syria,SYR,1997,0.2306,0,0,0.146,0,NA,1,0,0,0,1,0
Syria,SYR,1998,0.2306,0,0,0.146,0,NA,1,0,0,0,1,0
Syria,SYR,1999,0.2306,0,0,0.145,0,NA,1,0,0,0,1,0
Syria,SYR,2000,0.2334,0,0,0.151,0,NA,1,0,0,0,1,0
Syria,SYR,2001,0.2334,0,0,0.153,0,NA,1,0,0,0,1,0
Syria,SYR,2002,0.2334,0,0,0.151,0,NA,1,0,0,0,1,0
Syria,SYR,2003,0.2334,0,0,0.151,0,NA,1,0,0,0,1,0
Syria,SYR,2004,0.2334,0,0,0.151,0,NA,1,0,0,0,1,0
Syria,SYR,2005,0.2266,0,0,0.149,0,NA,1,0,0,0,1,0
Syria,SYR,2006,0.2262,0,0,0.149,0,NA,1,0,0,0,1,0
Syria,SYR,2007,0.2264,0,0,0.146,0,NA,1,0,0,0,1,0
Syria,SYR,2008,0.2264,0,0,0.145,0,NA,1,0,0,0,1,0
Syria,SYR,2009,0.227,0,0,0.145,0,NA,1,0,0,0,1,0
Syria,SYR,2010,0.2278,0,0,0.146,0,NA,1,0,0,0,1,0
Syria,SYR,2011,0.1735,0,0,0.146,0,NA,1,0,0,0,1,0
Syria,SYR,2012,0.147075,0,0,0.145,0,NA,1,0,0,0,1,0
Syria,SYR,2013,0.112025,0,0,0.137,0,NA,1,0,0,0,1,0
Syria,SYR,2014,0.112025,0,0,0.138,0,NA,1,0,0,0,1,0
Syria,SYR,2015,0.112025,0,0,0.137,0,NA,1,0,0,0,1,0
Syria,SYR,2016,0.111425,0,0,0.137,0,NA,1,0,0,0,1,0
Syria,SYR,2017,0.105125,0,0,0.138,0,NA,1,0,0,0,1,0
Syria,SYR,2018,0.114675,0,0,0.137,0,NA,1,0,0,0,1,0
Syria,SYR,2019,0.13745,0,0,0.137,0,NA,1,0,0,0,1,0
Syria,SYR,2020,0.13845,0,0,0.139,0,NA,1,0,0,0,1,0
Syria,SYR,2021,0.167325,0,0,0.137,0,NA,1,0,0,0,1,0
Syria,SYR,2022,0.135975,0,0,0.137,0,NA,1,0,0,0,1,0
Syria,SYR,2023,0.1581,0,0,0.146,0,NA,1,0,0,0,1,0
Syria,SYR,2024,0.202975,0,0,0.145,0,NA,1,0,0,0,1,0
Tunisia,TUN,1940,0.331325,0,0,0.035,NA,NA,1,0,0,0,1,0
Tunisia,TUN,1941,0.331325,0,0,0.035,NA,NA,1,0,0,0,1,0
Tunisia,TUN,1942,0.337525,0,0,0.035,NA,NA,1,0,0,0,1,0
Tunisia,TUN,1943,0.337925,0,0,0.035,NA,NA,1,0,0,0,1,0
Tunisia,TUN,1944,0.332125,0,0,0.035,NA,NA,1,0,0,0,1,0
Tunisia,TUN,1945,0.332125,0,0,0.035,NA,NA,1,0,0,0,1,0
Tunisia,TUN,1946,0.332125,0,0,0.037,NA,NA,1,0,0,0,1,0
Tunisia,TUN,1947,0.341925,0,0,0.037,NA,NA,1,0,0,0,1,0
Tunisia,TUN,1948,0.341925,0,0,0.037,NA,NA,1,0,0,0,1,0
Tunisia,TUN,1949,0.341925,0,0,0.037,NA,NA,1,0,0,0,1,0
Tunisia,TUN,1950,0.347125,0,0,0.036,NA,NA,1,0,0,0,1,0
Tunisia,TUN,1951,0.347125,0,0,0.036,NA,NA,1,0,0,0,1,0
Tunisia,TUN,1952,0.331125,0,0,0.036,NA,NA,1,0,0,0,1,0
Tunisia,TUN,1953,0.331125,0,0,0.037,NA,NA,1,0,0,0,1,0
Tunisia,TUN,1954,0.347525,0,0,0.038,NA,NA,1,0,0,0,1,0
Tunisia,TUN,1955,0.348125,0,0,0.04,NA,NA,1,0,0,0,1,0
Tunisia,TUN,1956,0.409675,0,0,0.064,NA,NA,1,0,0,0,1,0
Tunisia,TUN,1957,0.478,0,0,0.068,NA,NA,1,0,0,0,1,0
Tunisia,TUN,1958,0.57655,0,0,0.086,NA,NA,1,0,0,0,1,0
Tunisia,TUN,1959,0.57875,0,0,0.098,NA,NA,1,0,0,0,1,0
Tunisia,TUN,1960,0.57875,0,0,0.194,NA,NA,1,0,0,0,1,0
Tunisia,TUN,1961,0.57875,0,0,0.194,NA,NA,1,0,0,0,1,0
Tunisia,TUN,1962,0.57875,0,0,0.194,NA,NA,1,0,0,0,1,0
Tunisia,TUN,1963,0.57755,0,0,0.193,NA,NA,1,0,0,0,1,0
Tunisia,TUN,1964,0.57755,0,0,0.193,NA,NA,1,0,0,0,1,0
Tunisia,TUN,1965,0.57755,0,0,0.188,NA,NA,1,0,0,0,1,0
Tunisia,TUN,1966,0.57755,0,0,0.188,NA,NA,1,0,0,0,1,0
Tunisia,TUN,1967,0.57755,0,0,0.188,NA,NA,1,0,0,0,1,0
Tunisia,TUN,1968,0.57755,0,0,0.188,NA,NA,1,0,0,0,1,0
Tunisia,TUN,1969,0.57835,0,0,0.188,NA,NA,1,0,0,0,1,0
Tunisia,TUN,1970,0.56295,0,0,0.188,NA,NA,1,0,0,0,1,0
Tunisia,TUN,1971,0.56295,0,0,0.188,NA,NA,1,0,0,0,1,0
Tunisia,TUN,1972,0.56295,0,0,0.188,NA,NA,1,0,0,0,1,0
Tunisia,TUN,1973,0.56295,0,0,0.188,NA,NA,1,0,0,0,1,0
Tunisia,TUN,1974,0.56295,0,0,0.187,NA,NA,1,0,0,0,1,0
Tunisia,TUN,1975,0.56295,0,0,0.188,NA,NA,1,0,0,0,1,0
Tunisia,TUN,1976,0.57815,0,0,0.189,NA,NA,1,0,0,0,1,0
Tunisia,TUN,1977,0.57815,0,0,0.191,NA,NA,1,0,0,0,1,0
Tunisia,TUN,1978,0.57815,0,0,0.191,NA,NA,1,0,0,0,1,0
Tunisia,TUN,1979,0.57815,0,0,0.191,NA,NA,1,0,0,0,1,0
Tunisia,TUN,1980,0.57835,0,0,0.193,NA,NA,1,0,0,0,1,0
Tunisia,TUN,1981,0.57835,0,0,0.195,NA,NA,1,0,0,0,1,0
Tunisia,TUN,1982,0.57835,0,0,0.196,NA,NA,1,0,0,0,1,0
Tunisia,TUN,1983,0.57835,0,0,0.199,NA,NA,1,0,0,0,1,0
Tunisia,TUN,1984,0.57835,0,0,0.199,NA,NA,1,0,0,0,1,0
Tunisia,TUN,1985,0.57835,0,0,0.197,NA,NA,1,0,0,0,1,0
Tunisia,TUN,1986,0.57835,0,0,0.197,NA,NA,1,0,0,0,1,0
Tunisia,TUN,1987,0.55355,0,0,0.182,NA,NA,1,0,0,0,1,0
Tunisia,TUN,1988,0.372325,0,0,0.114,NA,NA,1,0,0,0,1,0
Tunisia,TUN,1989,0.372325,0,0,0.125,NA,NA,1,0,0,0,1,0
Tunisia,TUN,1990,0.372325,0,0,0.198,NA,NA,1,0,0,0,1,0
Tunisia,TUN,1991,0.372325,0,0,0.198,NA,NA,1,0,0,0,1,0
Tunisia,TUN,1992,0.372325,0,0,0.197,NA,NA,1,0,0,0,1,0
Tunisia,TUN,1993,0.372325,0,0,0.194,NA,NA,1,0,0,0,1,0
Tunisia,TUN,1994,0.372325,0,0,0.189,NA,NA,1,0,0,0,1,0
Tunisia,TUN,1995,0.372325,0,0,0.188,NA,NA,1,0,0,0,1,0
Tunisia,TUN,1996,0.372325,0,0,0.188,NA,NA,1,0,0,0,1,0
Tunisia,TUN,1997,0.372325,0,0,0.188,NA,NA,1,0,0,0,1,0
Tunisia,TUN,1998,0.372325,0,0,0.188,NA,NA,1,0,0,0,1,0
Tunisia,TUN,1999,0.372325,0,0,0.188,NA,NA,1,0,0,0,1,0
Tunisia,TUN,2000,0.372325,0,0,0.189,NA,NA,1,0,0,0,1,0
Tunisia,TUN,2001,0.372325,0,0,0.189,NA,NA,1,0,0,0,1,0
Tunisia,TUN,2002,0.372325,0,0,0.191,NA,NA,1,0,0,0,1,0
Tunisia,TUN,2003,0.372325,0,0,0.191,NA,NA,1,0,0,0,1,0
Tunisia,TUN,2004,0.372325,0,0,0.189,NA,NA,1,0,0,0,1,0
Tunisia,TUN,2005,0.372325,0,0,0.191,NA,NA,1,0,0,0,1,0
Tunisia,TUN,2006,0.372325,0,0,0.191,NA,NA,1,0,0,0,1,0
Tunisia,TUN,2007,0.372325,0,0,0.191,NA,NA,1,0,0,0,1,0
Tunisia,TUN,2008,0.372325,0,0,0.191,NA,NA,1,0,0,0,1,0
Tunisia,TUN,2009,0.372325,0,0,0.191,NA,NA,1,0,0,0,1,0
Tunisia,TUN,2010,0.38425,0,0,0.194,NA,NA,1,0,0,0,1,0
Tunisia,TUN,2011,0.686725,0,0,0.327,NA,NA,1,0,0,0,1,0
Tunisia,TUN,2012,0.686875,1,0.6931471805599453,0.767,NA,NA,1,0,0,0,1,0
Tunisia,TUN,2013,0.6739,0,0.6931471805599453,0.761,NA,NA,1,0,0,0,1,0
Tunisia,TUN,2014,0.675825,0,0.6931471805599453,0.746,NA,NA,1,0,0,0,1,0
Tunisia,TUN,2015,0.6921,0,0.6931471805599453,0.726,NA,NA,1,0,0,0,1,0
Tunisia,TUN,2016,0.6767,0,0.6931471805599453,0.726,NA,NA,1,0,0,0,1,0
Tunisia,TUN,2017,0.7049,0,0.6931471805599453,0.724,NA,NA,1,0,0,0,1,0
Tunisia,TUN,2018,0.700675,0,0.6931471805599453,0.726,NA,NA,1,0,0,0,1,0
Tunisia,TUN,2019,0.713225,0,0.6931471805599453,0.721,NA,NA,1,0,0,0,1,0
Tunisia,TUN,2020,0.720575,0,0.6931471805599453,0.707,NA,NA,1,0,0,0,1,0
Tunisia,TUN,2021,0.696725,0,0.6931471805599453,0.532,NA,NA,1,0,0,0,1,0
Tunisia,TUN,2022,0.629225,0,0,0.283,NA,NA,1,0,0,0,1,0
Tunisia,TUN,2023,0.62285,0,0,0.461,NA,NA,1,0,0,0,1,0
Tunisia,TUN,2024,0.574025,0,0,0.434,NA,NA,1,0,0,0,1,0
Türkiye,TUR,1940,0.50045,0,0,0.141,NA,NA,0,1,0,0,0,0
Türkiye,TUR,1941,0.493575,0,0,0.141,NA,NA,0,1,0,0,0,0
Türkiye,TUR,1942,0.493575,0,0,0.141,NA,NA,0,1,0,0,0,0
Türkiye,TUR,1943,0.51405,0,0,0.141,NA,NA,0,1,0,0,0,0
Türkiye,TUR,1944,0.51405,0,0,0.141,NA,NA,0,1,0,0,0,0
Türkiye,TUR,1945,0.5294,0,0,0.146,NA,NA,0,1,0,0,0,0
Türkiye,TUR,1946,0.5489,0,0,0.209,NA,NA,0,1,0,0,0,0
Türkiye,TUR,1947,0.5489,0,0,0.232,NA,NA,0,1,0,0,0,0
Türkiye,TUR,1948,0.5489,0,0,0.234,NA,NA,0,1,0,0,0,0
Türkiye,TUR,1949,0.557025,0,0,0.234,NA,NA,0,1,0,0,0,0
Türkiye,TUR,1950,0.479575,0,0,0.337,NA,NA,0,1,0,0,0,0
Türkiye,TUR,1951,0.481175,0,0,0.405,NA,NA,0,1,0,0,0,0
Türkiye,TUR,1952,0.481175,0,0,0.401,NA,NA,0,1,0,0,0,0
Türkiye,TUR,1953,0.489275,0,0,0.403,NA,NA,0,1,0,0,0,0
Türkiye,TUR,1954,0.487125,0,0,0.393,NA,NA,0,1,0,0,0,0
Türkiye,TUR,1955,0.453875,0,0,0.392,NA,NA,0,1,0,0,0,0
Türkiye,TUR,1956,0.453875,0,0,0.352,NA,NA,0,1,0,0,0,0
Türkiye,TUR,1957,0.453875,0,0,0.351,NA,NA,0,1,0,0,0,0
Türkiye,TUR,1958,0.453875,0,0,0.35,NA,NA,0,1,0,0,0,0
Türkiye,TUR,1959,0.453875,0,0,0.35,NA,NA,0,1,0,0,0,0
Türkiye,TUR,1960,0.481525,0,0,0.225,NA,NA,0,1,0,0,0,0
Türkiye,TUR,1961,0.472825,0,0,0.194,NA,NA,0,1,0,0,0,0
Türkiye,TUR,1962,0.53325,0,0,0.288,NA,NA,0,1,0,0,0,0
Türkiye,TUR,1963,0.61545,0,0,0.299,NA,NA,0,1,0,0,0,0
Türkiye,TUR,1964,0.62045,0,0,0.313,NA,NA,0,1,0,0,0,0
Türkiye,TUR,1965,0.62285,0,0,0.321,NA,NA,0,1,0,0,0,0
Türkiye,TUR,1966,0.61725,1,0.6931471805599453,0.519,NA,NA,0,1,0,0,0,0
Türkiye,TUR,1967,0.61725,0,0.6931471805599453,0.576,NA,NA,0,1,0,0,0,0
Türkiye,TUR,1968,0.61725,0,0.6931471805599453,0.576,NA,NA,0,1,0,0,0,0
Türkiye,TUR,1969,0.61725,0,0.6931471805599453,0.576,NA,NA,0,1,0,0,0,0
Türkiye,TUR,1970,0.568925,0,0.6931471805599453,0.547,NA,NA,0,1,0,0,0,0
Türkiye,TUR,1971,0.532325,0,0,0.482,NA,NA,0,1,0,0,0,0
Türkiye,TUR,1972,0.531725,1,1.0986122886681096,0.503,NA,NA,0,1,0,0,0,0
Türkiye,TUR,1973,0.572025,0,1.0986122886681096,0.523,NA,NA,0,1,0,0,0,0
Türkiye,TUR,1974,0.591425,0,1.0986122886681096,0.572,NA,NA,0,1,0,0,0,0
Türkiye,TUR,1975,0.591425,0,1.0986122886681096,0.572,NA,NA,0,1,0,0,0,0
Türkiye,TUR,1976,0.591425,0,1.0986122886681096,0.572,NA,NA,0,1,0,0,0,0
Türkiye,TUR,1977,0.577225,0,1.0986122886681096,0.571,NA,NA,0,1,0,0,0,0
Türkiye,TUR,1978,0.583025,0,1.0986122886681096,0.57,NA,NA,0,1,0,0,0,0
Türkiye,TUR,1979,0.583025,0,1.0986122886681096,0.57,NA,NA,0,1,0,0,0,0
Türkiye,TUR,1980,0.470125,0,0,0.34,NA,NA,0,1,0,0,0,0
Türkiye,TUR,1981,0.425625,0,0,0.114,NA,NA,0,1,0,0,0,0
Türkiye,TUR,1982,0.425625,0,0,0.114,NA,NA,0,1,0,0,0,0
Türkiye,TUR,1983,0.4529,0,0,0.147,NA,NA,0,1,0,0,0,0
Türkiye,TUR,1984,0.53375,0,0,0.406,NA,NA,0,1,0,0,0,0
Türkiye,TUR,1985,0.53375,0,0,0.406,NA,NA,0,1,0,0,0,0
Türkiye,TUR,1986,0.534325,0,0,0.418,NA,NA,0,1,0,0,0,0
Türkiye,TUR,1987,0.529525,0,0,0.428,NA,NA,0,1,0,0,0,0
Türkiye,TUR,1988,0.529525,0,0,0.492,NA,NA,0,1,0,0,0,0
Türkiye,TUR,1989,0.529525,0,0,0.492,NA,NA,0,1,0,0,0,0
Türkiye,TUR,1990,0.584175,1,1.3862943611198906,0.518,NA,NA,0,1,0,0,0,0
Türkiye,TUR,1991,0.602175,0,1.3862943611198906,0.522,NA,NA,0,1,0,0,0,0
Türkiye,TUR,1992,0.602175,0,1.3862943611198906,0.542,NA,NA,0,1,0,0,0,0
Türkiye,TUR,1993,0.602375,0,1.3862943611198906,0.539,NA,NA,0,1,0,0,0,0
Türkiye,TUR,1994,0.602375,0,1.3862943611198906,0.539,NA,NA,0,1,0,0,0,0
Türkiye,TUR,1995,0.602375,0,1.3862943611198906,0.545,NA,NA,0,1,0,0,0,0
Türkiye,TUR,1996,0.603975,0,1.3862943611198906,0.549,NA,NA,0,1,0,0,0,0
Türkiye,TUR,1997,0.610775,0,1.3862943611198906,0.553,NA,NA,0,1,0,0,0,0
Türkiye,TUR,1998,0.608775,0,1.3862943611198906,0.552,NA,NA,0,1,0,0,0,0
Türkiye,TUR,1999,0.626925,0,1.3862943611198906,0.577,NA,NA,0,1,0,0,0,0
Türkiye,TUR,2000,0.632325,0,1.3862943611198906,0.592,NA,NA,0,1,0,0,0,0
Türkiye,TUR,2001,0.632325,0,1.3862943611198906,0.593,NA,NA,0,1,0,0,0,0
Türkiye,TUR,2002,0.688975,0,1.3862943611198906,0.638,NA,NA,0,1,0,0,0,0
Türkiye,TUR,2003,0.685575,0,1.3862943611198906,0.653,NA,NA,0,1,0,0,0,0
Türkiye,TUR,2004,0.672375,0,1.3862943611198906,0.663,NA,NA,0,1,0,0,0,0
Türkiye,TUR,2005,0.6496,0,1.3862943611198906,0.646,NA,NA,0,1,0,0,0,0
Türkiye,TUR,2006,0.6488,0,1.3862943611198906,0.646,NA,NA,0,1,0,0,0,0
Türkiye,TUR,2007,0.64025,0,1.3862943611198906,0.62,NA,NA,0,1,0,0,0,0
Türkiye,TUR,2008,0.591125,0,1.3862943611198906,0.558,NA,NA,0,1,0,0,0,0
Türkiye,TUR,2009,0.588525,0,1.3862943611198906,0.551,NA,NA,0,1,0,0,0,0
Türkiye,TUR,2010,0.521875,0,1.3862943611198906,0.534,NA,NA,0,1,0,0,0,0
Türkiye,TUR,2011,0.517875,0,1.3862943611198906,0.52,NA,NA,0,1,0,0,0,0
Türkiye,TUR,2012,0.510675,0,1.3862943611198906,0.512,NA,NA,0,1,0,0,0,0
Türkiye,TUR,2013,0.4666,0,0,0.47,NA,NA,0,1,0,0,0,0
Türkiye,TUR,2014,0.4383,0,0,0.429,NA,NA,0,1,0,0,0,0
Türkiye,TUR,2015,0.432175,0,0,0.387,NA,NA,0,1,0,0,0,0
Türkiye,TUR,2016,0.3357,0,0,0.305,NA,NA,0,1,0,0,0,0
Türkiye,TUR,2017,0.289,0,0,0.29,NA,NA,0,1,0,0,0,0
Türkiye,TUR,2018,0.273325,0,0,0.297,NA,NA,0,1,0,0,0,0
Türkiye,TUR,2019,0.274175,0,0,0.293,NA,NA,0,1,0,0,0,0
Türkiye,TUR,2020,0.28415,0,0,0.291,NA,NA,0,1,0,0,0,0
Türkiye,TUR,2021,0.285225,0,0,0.285,NA,NA,0,1,0,0,0,0
Türkiye,TUR,2022,0.281,0,0,0.286,NA,NA,0,1,0,0,0,0
Türkiye,TUR,2023,0.296575,0,0,0.285,NA,NA,0,1,0,0,0,0
Türkiye,TUR,2024,0.287,0,0,0.288,NA,NA,0,1,0,0,0,0
Ukraine,UKR,1990,0.516375,0,0,0.378,0,NA,1,0,0,0,0,0
Ukraine,UKR,1991,0.50695,0,0,0.435,0,NA,1,0,0,0,0,0
Ukraine,UKR,1992,0.39235,1,0.6931471805599453,0.534,0.6931471805599453,NA,1,0,0,0,0,0
Ukraine,UKR,1993,0.37935,0,0.6931471805599453,0.537,1.0986122886681096,NA,1,0,0,0,0,0
Ukraine,UKR,1994,0.35455,0,0.6931471805599453,0.549,1.3862943611198906,NA,1,0,0,0,0,0
Ukraine,UKR,1995,0.349275,0,0.6931471805599453,0.549,1.6094379124341003,NA,1,0,0,0,0,0
Ukraine,UKR,1996,0.349375,0,0.6931471805599453,0.554,1.791759469228055,NA,1,0,0,0,0,0
Ukraine,UKR,1997,0.34625,0,0.6931471805599453,0.53,1.9459101490553132,NA,1,0,0,0,0,0
Ukraine,UKR,1998,0.34325,0,0,0.45,0,NA,1,0,0,0,0,0
Ukraine,UKR,1999,0.345325,0,0,0.424,0,NA,1,0,0,0,0,0
Ukraine,UKR,2000,0.380275,0,0,0.384,0,NA,1,0,0,0,0,0
Ukraine,UKR,2001,0.380875,0,0,0.384,0,NA,1,0,0,0,0,0
Ukraine,UKR,2002,0.381875,0,0,0.391,0,NA,1,0,0,0,0,0
Ukraine,UKR,2003,0.375075,0,0,0.396,0,NA,1,0,0,0,0,0
Ukraine,UKR,2004,0.385025,0,0,0.387,0,NA,1,0,0,0,0,0
Ukraine,UKR,2005,0.41305,0,0,0.456,0,NA,1,0,0,0,0,0
Ukraine,UKR,2006,0.42255,1,1.0986122886681096,0.58,2.639057329615259,NA,1,0,0,0,0,0
Ukraine,UKR,2007,0.441075,0,1.0986122886681096,0.604,2.70805020110221,NA,1,0,0,0,0,0
Ukraine,UKR,2008,0.443475,0,1.0986122886681096,0.609,2.772588722239781,NA,1,0,0,0,0,0
Ukraine,UKR,2009,0.432475,0,1.0986122886681096,0.613,2.833213344056216,NA,1,0,0,0,0,0
Ukraine,UKR,2010,0.37565,0,0,0.49,0,NA,1,0,0,0,0,0
Ukraine,UKR,2011,0.392125,0,0,0.485,0,NA,1,0,0,0,0,0
Ukraine,UKR,2012,0.391325,0,0,0.483,0,NA,1,0,0,0,0,0
Ukraine,UKR,2013,0.405325,0,0,0.464,0,NA,1,0,0,0,0,0
Ukraine,UKR,2014,0.350025,0,0,0.417,0,NA,1,0,0,0,0,0
Ukraine,UKR,2015,0.3651,0,0,0.421,0,NA,1,0,0,0,0,0
Ukraine,UKR,2016,0.39555,0,0,0.434,0,NA,1,0,0,0,0,0
Ukraine,UKR,2017,0.400475,0,0,0.431,0,NA,1,0,0,0,0,0
Ukraine,UKR,2018,0.4277,0,0,0.433,0,NA,1,0,0,0,0,0
Ukraine,UKR,2019,0.459625,1,1.3862943611198906,0.525,3.2188758248682006,NA,1,0,0,0,0,0
Ukraine,UKR,2020,0.453125,0,1.3862943611198906,0.546,3.258096538021482,NA,1,0,0,0,0,0
Ukraine,UKR,2021,0.456975,0,1.3862943611198906,0.539,3.295836866004329,NA,1,0,0,0,0,0
Ukraine,UKR,2022,0.499975,0,0,0.389,0,NA,1,0,0,0,0,0
Ukraine,UKR,2023,0.500125,0,0,0.387,0,NA,1,0,0,0,0,0
Ukraine,UKR,2024,0.477475,0,0,0.389,0,NA,1,0,0,0,0,0
United Kingdom,GBR,1940,0.8721,0,0.6931471805599453,0.706,NA,NA,0,1,0,0,0,0
United Kingdom,GBR,1941,0.8721,0,0.6931471805599453,0.706,NA,NA,0,1,0,0,0,0
United Kingdom,GBR,1942,0.8721,0,0.6931471805599453,0.706,NA,NA,0,1,0,0,0,0
United Kingdom,GBR,1943,0.8721,0,0.6931471805599453,0.706,NA,NA,0,1,0,0,0,0
United Kingdom,GBR,1944,0.8721,0,0.6931471805599453,0.706,NA,NA,0,1,0,0,0,0
United Kingdom,GBR,1945,0.8855,0,0.6931471805599453,0.712,NA,NA,0,1,0,0,0,0
United Kingdom,GBR,1946,0.892275,0,0.6931471805599453,0.787,NA,NA,0,1,0,0,0,0
United Kingdom,GBR,1947,0.892275,0,0.6931471805599453,0.792,NA,NA,0,1,0,0,0,0
United Kingdom,GBR,1948,0.892275,0,0.6931471805599453,0.792,NA,NA,0,1,0,0,0,0
United Kingdom,GBR,1949,0.892275,0,0.6931471805599453,0.792,NA,NA,0,1,0,0,0,0
United Kingdom,GBR,1950,0.892275,0,0.6931471805599453,0.814,NA,NA,0,1,0,0,0,0
United Kingdom,GBR,1951,0.892275,0,0.6931471805599453,0.814,NA,NA,0,1,0,0,0,0
United Kingdom,GBR,1952,0.892275,0,0.6931471805599453,0.812,NA,NA,0,1,0,0,0,0
United Kingdom,GBR,1953,0.892275,0,0.6931471805599453,0.812,NA,NA,0,1,0,0,0,0
United Kingdom,GBR,1954,0.892275,0,0.6931471805599453,0.812,NA,NA,0,1,0,0,0,0
United Kingdom,GBR,1955,0.892275,0,0.6931471805599453,0.811,NA,NA,0,1,0,0,0,0
United Kingdom,GBR,1956,0.892275,0,0.6931471805599453,0.81,NA,NA,0,1,0,0,0,0
United Kingdom,GBR,1957,0.892275,0,0.6931471805599453,0.81,NA,NA,0,1,0,0,0,0
United Kingdom,GBR,1958,0.892275,0,0.6931471805599453,0.81,NA,NA,0,1,0,0,0,0
United Kingdom,GBR,1959,0.892275,0,0.6931471805599453,0.81,NA,NA,0,1,0,0,0,0
United Kingdom,GBR,1960,0.892475,0,0.6931471805599453,0.81,NA,NA,0,1,0,0,0,0
United Kingdom,GBR,1961,0.892475,0,0.6931471805599453,0.81,NA,NA,0,1,0,0,0,0
United Kingdom,GBR,1962,0.892475,0,0.6931471805599453,0.81,NA,NA,0,1,0,0,0,0
United Kingdom,GBR,1963,0.892475,0,0.6931471805599453,0.81,NA,NA,0,1,0,0,0,0
United Kingdom,GBR,1964,0.892475,0,0.6931471805599453,0.813,NA,NA,0,1,0,0,0,0
United Kingdom,GBR,1965,0.892475,0,0.6931471805599453,0.825,NA,NA,0,1,0,0,0,0
United Kingdom,GBR,1966,0.892475,0,0.6931471805599453,0.827,NA,NA,0,1,0,0,0,0
United Kingdom,GBR,1967,0.892475,0,0.6931471805599453,0.833,NA,NA,0,1,0,0,0,0
United Kingdom,GBR,1968,0.892475,0,0.6931471805599453,0.82,NA,NA,0,1,0,0,0,0
United Kingdom,GBR,1969,0.907525,0,0.6931471805599453,0.82,NA,NA,0,1,0,0,0,0
United Kingdom,GBR,1970,0.928725,0,0.6931471805599453,0.826,NA,NA,0,1,0,0,0,0
United Kingdom,GBR,1971,0.928725,0,0.6931471805599453,0.826,NA,NA,0,1,0,0,0,0
United Kingdom,GBR,1972,0.928725,0,0.6931471805599453,0.826,NA,NA,0,1,0,0,0,0
United Kingdom,GBR,1973,0.928725,0,0.6931471805599453,0.826,NA,NA,0,1,0,0,0,0
United Kingdom,GBR,1974,0.928725,0,0.6931471805599453,0.825,NA,NA,0,1,0,0,0,0
United Kingdom,GBR,1975,0.928725,0,0.6931471805599453,0.824,NA,NA,0,1,0,0,0,0
United Kingdom,GBR,1976,0.928725,0,0.6931471805599453,0.824,NA,NA,0,1,0,0,0,0
United Kingdom,GBR,1977,0.928725,0,0.6931471805599453,0.824,NA,NA,0,1,0,0,0,0
United Kingdom,GBR,1978,0.928725,0,0.6931471805599453,0.824,NA,NA,0,1,0,0,0,0
United Kingdom,GBR,1979,0.928725,0,0.6931471805599453,0.818,NA,NA,0,1,0,0,0,0
United Kingdom,GBR,1980,0.933525,0,0.6931471805599453,0.809,NA,NA,0,1,0,0,0,0
United Kingdom,GBR,1981,0.933525,0,0.6931471805599453,0.809,NA,NA,0,1,0,0,0,0
United Kingdom,GBR,1982,0.933525,0,0.6931471805599453,0.809,NA,NA,0,1,0,0,0,0
United Kingdom,GBR,1983,0.933525,0,0.6931471805599453,0.808,NA,NA,0,1,0,0,0,0
United Kingdom,GBR,1984,0.933525,0,0.6931471805599453,0.808,NA,NA,0,1,0,0,0,0
United Kingdom,GBR,1985,0.933525,0,0.6931471805599453,0.808,NA,NA,0,1,0,0,0,0
United Kingdom,GBR,1986,0.933525,0,0.6931471805599453,0.808,NA,NA,0,1,0,0,0,0
United Kingdom,GBR,1987,0.933525,0,0.6931471805599453,0.809,NA,NA,0,1,0,0,0,0
United Kingdom,GBR,1988,0.933525,0,0.6931471805599453,0.811,NA,NA,0,1,0,0,0,0
United Kingdom,GBR,1989,0.933525,0,0.6931471805599453,0.811,NA,NA,0,1,0,0,0,0
United Kingdom,GBR,1990,0.933525,0,0.6931471805599453,0.821,NA,NA,0,1,0,0,0,0
United Kingdom,GBR,1991,0.933525,0,0.6931471805599453,0.821,NA,NA,0,1,0,0,0,0
United Kingdom,GBR,1992,0.933525,0,0.6931471805599453,0.818,NA,NA,0,1,0,0,0,0
United Kingdom,GBR,1993,0.933525,0,0.6931471805599453,0.817,NA,NA,0,1,0,0,0,0
United Kingdom,GBR,1994,0.954875,0,0.6931471805599453,0.817,NA,NA,0,1,0,0,0,0
United Kingdom,GBR,1995,0.954875,0,0.6931471805599453,0.817,NA,NA,0,1,0,0,0,0
United Kingdom,GBR,1996,0.954875,0,0.6931471805599453,0.817,NA,NA,0,1,0,0,0,0
United Kingdom,GBR,1997,0.954875,0,0.6931471805599453,0.813,NA,NA,0,1,0,0,0,0
United Kingdom,GBR,1998,0.954475,0,0.6931471805599453,0.814,NA,NA,0,1,0,0,0,0
United Kingdom,GBR,1999,0.954475,0,0.6931471805599453,0.837,NA,NA,0,1,0,0,0,0
United Kingdom,GBR,2000,0.954475,0,0.6931471805599453,0.85,NA,NA,0,1,0,0,0,0
United Kingdom,GBR,2001,0.950275,0,0.6931471805599453,0.859,NA,NA,0,1,0,0,0,0
United Kingdom,GBR,2002,0.950275,0,0.6931471805599453,0.863,NA,NA,0,1,0,0,0,0
United Kingdom,GBR,2003,0.950275,0,0.6931471805599453,0.863,NA,NA,0,1,0,0,0,0
United Kingdom,GBR,2004,0.950275,0,0.6931471805599453,0.863,NA,NA,0,1,0,0,0,0
United Kingdom,GBR,2005,0.950275,0,0.6931471805599453,0.865,NA,NA,0,1,0,0,0,0
United Kingdom,GBR,2006,0.950275,0,0.6931471805599453,0.867,NA,NA,0,1,0,0,0,0
United Kingdom,GBR,2007,0.9405,0,0.6931471805599453,0.867,NA,NA,0,1,0,0,0,0
United Kingdom,GBR,2008,0.9405,0,0.6931471805599453,0.867,NA,NA,0,1,0,0,0,0
United Kingdom,GBR,2009,0.9405,0,0.6931471805599453,0.867,NA,NA,0,1,0,0,0,0
United Kingdom,GBR,2010,0.942825,0,0.6931471805599453,0.866,NA,NA,0,1,0,0,0,0
United Kingdom,GBR,2011,0.942825,0,0.6931471805599453,0.867,NA,NA,0,1,0,0,0,0
United Kingdom,GBR,2012,0.939225,0,0.6931471805599453,0.867,NA,NA,0,1,0,0,0,0
United Kingdom,GBR,2013,0.928325,0,0.6931471805599453,0.866,NA,NA,0,1,0,0,0,0
United Kingdom,GBR,2014,0.928325,0,0.6931471805599453,0.866,NA,NA,0,1,0,0,0,0
United Kingdom,GBR,2015,0.928325,0,0.6931471805599453,0.858,NA,NA,0,1,0,0,0,0
United Kingdom,GBR,2016,0.928325,0,0.6931471805599453,0.856,NA,NA,0,1,0,0,0,0
United Kingdom,GBR,2017,0.94845,0,0.6931471805599453,0.867,NA,NA,0,1,0,0,0,0
United Kingdom,GBR,2018,0.94365,0,0.6931471805599453,0.874,NA,NA,0,1,0,0,0,0
United Kingdom,GBR,2019,0.908425,0,0.6931471805599453,0.855,NA,NA,0,1,0,0,0,0
United Kingdom,GBR,2020,0.906975,0,0.6931471805599453,0.87,NA,NA,0,1,0,0,0,0
United Kingdom,GBR,2021,0.884275,0,0.6931471805599453,0.859,NA,NA,0,1,0,0,0,0
United Kingdom,GBR,2022,0.880275,0,0.6931471805599453,0.842,NA,NA,0,1,0,0,0,0
United Kingdom,GBR,2023,0.86745,0,0.6931471805599453,0.847,NA,NA,0,1,0,0,0,0
United Kingdom,GBR,2024,0.82855,0,0.6931471805599453,0.833,NA,NA,0,1,0,0,0,0
Uruguay,URY,1940,0.707525,0,1.0986122886681096,0.592,NA,NA,1,0,1,0,0,0
Uruguay,URY,1941,0.707525,0,1.0986122886681096,0.592,NA,NA,1,0,1,0,0,0
Uruguay,URY,1942,0.7426,0,1.0986122886681096,0.638,NA,NA,1,0,1,0,0,0
Uruguay,URY,1943,0.7598,0,1.0986122886681096,0.724,NA,NA,1,0,1,0,0,0
Uruguay,URY,1944,0.7598,0,1.0986122886681096,0.726,NA,NA,1,0,1,0,0,0
Uruguay,URY,1945,0.7598,0,1.0986122886681096,0.733,NA,NA,1,0,1,0,0,0
Uruguay,URY,1946,0.7664,0,1.0986122886681096,0.764,NA,NA,1,0,1,0,0,0
Uruguay,URY,1947,0.7664,0,1.0986122886681096,0.78,NA,NA,1,0,1,0,0,0
Uruguay,URY,1948,0.7664,0,1.0986122886681096,0.78,NA,NA,1,0,1,0,0,0
Uruguay,URY,1949,0.7684,0,1.0986122886681096,0.78,NA,NA,1,0,1,0,0,0
Uruguay,URY,1950,0.7684,0,1.0986122886681096,0.78,NA,NA,1,0,1,0,0,0
Uruguay,URY,1951,0.7684,0,1.0986122886681096,0.782,NA,NA,1,0,1,0,0,0
Uruguay,URY,1952,0.7684,0,1.0986122886681096,0.782,NA,NA,1,0,1,0,0,0
Uruguay,URY,1953,0.77,0,1.0986122886681096,0.782,NA,NA,1,0,1,0,0,0
Uruguay,URY,1954,0.77,0,1.0986122886681096,0.782,NA,NA,1,0,1,0,0,0
Uruguay,URY,1955,0.77,0,1.0986122886681096,0.785,NA,NA,1,0,1,0,0,0
Uruguay,URY,1956,0.77,0,1.0986122886681096,0.79,NA,NA,1,0,1,0,0,0
Uruguay,URY,1957,0.77,0,1.0986122886681096,0.79,NA,NA,1,0,1,0,0,0
Uruguay,URY,1958,0.77,0,1.0986122886681096,0.791,NA,NA,1,0,1,0,0,0
Uruguay,URY,1959,0.77,0,1.0986122886681096,0.796,NA,NA,1,0,1,0,0,0
Uruguay,URY,1960,0.7682,0,1.0986122886681096,0.796,NA,NA,1,0,1,0,0,0
Uruguay,URY,1961,0.7682,0,1.0986122886681096,0.796,NA,NA,1,0,1,0,0,0
Uruguay,URY,1962,0.7682,0,1.0986122886681096,0.795,NA,NA,1,0,1,0,0,0
Uruguay,URY,1963,0.7682,0,1.0986122886681096,0.767,NA,NA,1,0,1,0,0,0
Uruguay,URY,1964,0.7682,0,1.0986122886681096,0.762,NA,NA,1,0,1,0,0,0
Uruguay,URY,1965,0.7682,0,1.0986122886681096,0.759,NA,NA,1,0,1,0,0,0
Uruguay,URY,1966,0.7682,0,1.0986122886681096,0.759,NA,NA,1,0,1,0,0,0
Uruguay,URY,1967,0.7658,0,1.0986122886681096,0.738,NA,NA,1,0,1,0,0,0
Uruguay,URY,1968,0.68565,0,1.0986122886681096,0.627,NA,NA,1,0,1,0,0,0
Uruguay,URY,1969,0.68565,0,1.0986122886681096,0.616,NA,NA,1,0,1,0,0,0
Uruguay,URY,1970,0.6337,0,1.0986122886681096,0.589,NA,NA,1,0,1,0,0,0
Uruguay,URY,1971,0.6337,0,1.0986122886681096,0.555,NA,NA,1,0,1,0,0,0
Uruguay,URY,1972,0.602025,0,0,0.492,NA,NA,1,0,1,0,0,0
Uruguay,URY,1973,0.4179,0,0,0.173,NA,NA,1,0,1,0,0,0
Uruguay,URY,1974,0.3527,0,0,0.099,NA,NA,1,0,1,0,0,0
Uruguay,URY,1975,0.3527,0,0,0.099,NA,NA,1,0,1,0,0,0
Uruguay,URY,1976,0.3527,0,0,0.093,NA,NA,1,0,1,0,0,0
Uruguay,URY,1977,0.3523,0,0,0.093,NA,NA,1,0,1,0,0,0
Uruguay,URY,1978,0.3523,0,0,0.093,NA,NA,1,0,1,0,0,0
Uruguay,URY,1979,0.3523,0,0,0.094,NA,NA,1,0,1,0,0,0
Uruguay,URY,1980,0.3523,0,0,0.105,NA,NA,1,0,1,0,0,0
Uruguay,URY,1981,0.3523,0,0,0.105,NA,NA,1,0,1,0,0,0
Uruguay,URY,1982,0.3523,0,0,0.111,NA,NA,1,0,1,0,0,0
Uruguay,URY,1983,0.3523,0,0,0.111,NA,NA,1,0,1,0,0,0
Uruguay,URY,1984,0.3675,0,0,0.129,NA,NA,1,0,1,0,0,0
Uruguay,URY,1985,0.831225,1,1.3862943611198906,0.687,NA,NA,1,0,1,0,0,0
Uruguay,URY,1986,0.8847,0,1.3862943611198906,0.819,NA,NA,1,0,1,0,0,0
Uruguay,URY,1987,0.8881,0,1.3862943611198906,0.819,NA,NA,1,0,1,0,0,0
Uruguay,URY,1988,0.8881,0,1.3862943611198906,0.819,NA,NA,1,0,1,0,0,0
Uruguay,URY,1989,0.8881,0,1.3862943611198906,0.82,NA,NA,1,0,1,0,0,0
Uruguay,URY,1990,0.8883,0,1.3862943611198906,0.841,NA,NA,1,0,1,0,0,0
Uruguay,URY,1991,0.8883,0,1.3862943611198906,0.841,NA,NA,1,0,1,0,0,0
Uruguay,URY,1992,0.8883,0,1.3862943611198906,0.841,NA,NA,1,0,1,0,0,0
Uruguay,URY,1993,0.8883,0,1.3862943611198906,0.841,NA,NA,1,0,1,0,0,0
Uruguay,URY,1994,0.8883,0,1.3862943611198906,0.842,NA,NA,1,0,1,0,0,0
Uruguay,URY,1995,0.8891,0,1.3862943611198906,0.87,NA,NA,1,0,1,0,0,0
Uruguay,URY,1996,0.8893,0,1.3862943611198906,0.87,NA,NA,1,0,1,0,0,0
Uruguay,URY,1997,0.8889,0,1.3862943611198906,0.87,NA,NA,1,0,1,0,0,0
Uruguay,URY,1998,0.8893,0,1.3862943611198906,0.877,NA,NA,1,0,1,0,0,0
Uruguay,URY,1999,0.8893,0,1.3862943611198906,0.876,NA,NA,1,0,1,0,0,0
Uruguay,URY,2000,0.8887,0,1.3862943611198906,0.874,NA,NA,1,0,1,0,0,0
Uruguay,URY,2001,0.8895,0,1.3862943611198906,0.874,NA,NA,1,0,1,0,0,0
Uruguay,URY,2002,0.8895,0,1.3862943611198906,0.874,NA,NA,1,0,1,0,0,0
Uruguay,URY,2003,0.8875,0,1.3862943611198906,0.874,NA,NA,1,0,1,0,0,0
Uruguay,URY,2004,0.8893,0,1.3862943611198906,0.875,NA,NA,1,0,1,0,0,0
Uruguay,URY,2005,0.8903,0,1.3862943611198906,0.889,NA,NA,1,0,1,0,0,0
Uruguay,URY,2006,0.8903,0,1.3862943611198906,0.892,NA,NA,1,0,1,0,0,0
Uruguay,URY,2007,0.8903,0,1.3862943611198906,0.892,NA,NA,1,0,1,0,0,0
Uruguay,URY,2008,0.8903,0,1.3862943611198906,0.892,NA,NA,1,0,1,0,0,0
Uruguay,URY,2009,0.8903,0,1.3862943611198906,0.894,NA,NA,1,0,1,0,0,0
Uruguay,URY,2010,0.8899,0,1.3862943611198906,0.912,NA,NA,1,0,1,0,0,0
Uruguay,URY,2011,0.8899,0,1.3862943611198906,0.912,NA,NA,1,0,1,0,0,0
Uruguay,URY,2012,0.8899,0,1.3862943611198906,0.912,NA,NA,1,0,1,0,0,0
Uruguay,URY,2013,0.88015,0,1.3862943611198906,0.912,NA,NA,1,0,1,0,0,0
Uruguay,URY,2014,0.893225,0,1.3862943611198906,0.911,NA,NA,1,0,1,0,0,0
Uruguay,URY,2015,0.894025,0,1.3862943611198906,0.897,NA,NA,1,0,1,0,0,0
Uruguay,URY,2016,0.894025,0,1.3862943611198906,0.897,NA,NA,1,0,1,0,0,0
Uruguay,URY,2017,0.894025,0,1.3862943611198906,0.889,NA,NA,1,0,1,0,0,0
Uruguay,URY,2018,0.894025,0,1.3862943611198906,0.9,NA,NA,1,0,1,0,0,0
Uruguay,URY,2019,0.894025,0,1.3862943611198906,0.898,NA,NA,1,0,1,0,0,0
Uruguay,URY,2020,0.8765,0,1.3862943611198906,0.87,NA,NA,1,0,1,0,0,0
Uruguay,URY,2021,0.84835,0,1.3862943611198906,0.857,NA,NA,1,0,1,0,0,0
Uruguay,URY,2022,0.8386,0,1.3862943611198906,0.819,NA,NA,1,0,1,0,0,0
Uruguay,URY,2023,0.8416,0,1.3862943611198906,0.834,NA,NA,1,0,1,0,0,0
Uruguay,URY,2024,0.82625,0,1.3862943611198906,0.848,NA,NA,1,0,1,0,0,0
Algeria,DZA,1940,0.313775,0,0,0.044,0,NA,1,0,0,0,1,0
Algeria,DZA,1941,0.313575,0,0,0.044,0,NA,1,0,0,0,1,0
Algeria,DZA,1942,0.313575,0,0,0.044,0,NA,1,0,0,0,1,0
Algeria,DZA,1943,0.313575,0,0,0.044,0,NA,1,0,0,0,1,0
Algeria,DZA,1944,0.313575,0,0,0.044,0,NA,1,0,0,0,1,0
Algeria,DZA,1945,0.313575,0,0,0.048,0,NA,1,0,0,0,1,0
Algeria,DZA,1946,0.313575,0,0,0.073,0,NA,1,0,0,0,1,0
Algeria,DZA,1947,0.313575,0,0,0.073,0,NA,1,0,0,0,1,0
Algeria,DZA,1948,0.313575,0,0,0.088,0,NA,1,0,0,0,1,0
Algeria,DZA,1949,0.313575,0,0,0.093,0,NA,1,0,0,0,1,0
Algeria,DZA,1950,0.313575,0,0,0.093,0,NA,1,0,0,0,1,0
Algeria,DZA,1951,0.313575,0,0,0.093,0,NA,1,0,0,0,1,0
Algeria,DZA,1952,0.313575,0,0,0.105,0,NA,1,0,0,0,1,0
Algeria,DZA,1953,0.313575,0,0,0.076,0,NA,1,0,0,0,1,0
Algeria,DZA,1954,0.313575,0,0,0.078,0,NA,1,0,0,0,1,0
Algeria,DZA,1955,0.2915,0,0,0.089,0,NA,1,0,0,0,1,0
Algeria,DZA,1956,0.2915,0,0,0.083,0,NA,1,0,0,0,1,0
Algeria,DZA,1957,0.2915,0,0,0.075,0,NA,1,0,0,0,1,0
Algeria,DZA,1958,0.2915,0,0,0.075,0,NA,1,0,0,0,1,0
Algeria,DZA,1959,0.2915,0,0,0.075,0,NA,1,0,0,0,1,0
Algeria,DZA,1960,0.2915,0,0,0.075,0,NA,1,0,0,0,1,0
Algeria,DZA,1961,0.2915,0,0,0.075,0,NA,1,0,0,0,1,0
Algeria,DZA,1962,0.369425,0,0,0.077,0,NA,1,0,0,0,1,0
Algeria,DZA,1963,0.4966,0,0,0.192,0,NA,1,0,0,0,1,0
Algeria,DZA,1964,0.516875,0,0,0.187,0,NA,1,0,0,0,1,0
Algeria,DZA,1965,0.526725,0,0,0.132,0,NA,1,0,0,0,1,0
Algeria,DZA,1966,0.526725,0,0,0.085,0,NA,1,0,0,0,1,0
Algeria,DZA,1967,0.526725,0,0,0.085,0,NA,1,0,0,0,1,0
Algeria,DZA,1968,0.526725,0,0,0.085,0,NA,1,0,0,0,1,0
Algeria,DZA,1969,0.526725,0,0,0.085,0,NA,1,0,0,0,1,0
Algeria,DZA,1970,0.526725,0,0,0.085,0,NA,1,0,0,0,1,0
Algeria,DZA,1971,0.526725,0,0,0.085,0,NA,1,0,0,0,1,0
Algeria,DZA,1972,0.526725,0,0,0.085,0,NA,1,0,0,0,1,0
Algeria,DZA,1973,0.526725,0,0,0.085,0,NA,1,0,0,0,1,0
Algeria,DZA,1974,0.526725,0,0,0.085,0,NA,1,0,0,0,1,0
Algeria,DZA,1975,0.526725,0,0,0.085,0,NA,1,0,0,0,1,0
Algeria,DZA,1976,0.526725,0,0,0.089,0,NA,1,0,0,0,1,0
Algeria,DZA,1977,0.526725,0,0,0.19,0,NA,1,0,0,0,1,0
Algeria,DZA,1978,0.500525,0,0,0.195,0,NA,1,0,0,0,1,0
Algeria,DZA,1979,0.4873,0,0,0.194,0,NA,1,0,0,0,1,0
Algeria,DZA,1980,0.4799,0,0,0.196,0,NA,1,0,0,0,1,0
Algeria,DZA,1981,0.4799,0,0,0.196,0,NA,1,0,0,0,1,0
Algeria,DZA,1982,0.4799,0,0,0.205,0,NA,1,0,0,0,1,0
Algeria,DZA,1983,0.4799,0,0,0.207,0,NA,1,0,0,0,1,0
Algeria,DZA,1984,0.4799,0,0,0.207,0,NA,1,0,0,0,1,0
Algeria,DZA,1985,0.4799,0,0,0.207,0,NA,1,0,0,0,1,0
Algeria,DZA,1986,0.4799,0,0,0.207,0,NA,1,0,0,0,1,0
Algeria,DZA,1987,0.4799,0,0,0.207,0,NA,1,0,0,0,1,0
Algeria,DZA,1988,0.49625,0,0,0.206,0,NA,1,0,0,0,1,0
Algeria,DZA,1989,0.51145,0,0,0.224,0,NA,1,0,0,0,1,0
Algeria,DZA,1990,0.5059,0,0,0.352,0,NA,1,0,0,0,1,0
Algeria,DZA,1991,0.46575,0,0,0.351,0,NA,1,0,0,0,1,0
Algeria,DZA,1992,0.46275,0,0,0.188,0,NA,1,0,0,0,1,0
Algeria,DZA,1993,0.46015,0,0,0.175,0,NA,1,0,0,0,1,0
Algeria,DZA,1994,0.46015,0,0,0.182,0,NA,1,0,0,0,1,0
Algeria,DZA,1995,0.46015,0,0,0.188,0,NA,1,0,0,0,1,0
Algeria,DZA,1996,0.46015,0,0,0.336,0,NA,1,0,0,0,1,0
Algeria,DZA,1997,0.46015,0,0,0.325,0,NA,1,0,0,0,1,0
Algeria,DZA,1998,0.46015,0,0,0.319,0,NA,1,0,0,0,1,0
Algeria,DZA,1999,0.496475,0,0,0.329,0,NA,1,0,0,0,1,0
Algeria,DZA,2000,0.414225,0,0,0.323,0,NA,1,0,0,0,1,0
Algeria,DZA,2001,0.414225,0,0,0.323,0,NA,1,0,0,0,1,0
Algeria,DZA,2002,0.414225,0,0,0.327,0,NA,1,0,0,0,1,0
Algeria,DZA,2003,0.414225,0,0,0.332,0,NA,1,0,0,0,1,0
Algeria,DZA,2004,0.414225,0,0,0.333,0,NA,1,0,0,0,1,0
Algeria,DZA,2005,0.418825,0,0,0.333,0,NA,1,0,0,0,1,0
Algeria,DZA,2006,0.418825,0,0,0.333,0,NA,1,0,0,0,1,0
Algeria,DZA,2007,0.418825,0,0,0.329,0,NA,1,0,0,0,1,0
Algeria,DZA,2008,0.418825,0,0,0.329,0,NA,1,0,0,0,1,0
Algeria,DZA,2009,0.418825,0,0,0.325,0,NA,1,0,0,0,1,0
Algeria,DZA,2010,0.421025,0,0,0.322,0,NA,1,0,0,0,1,0
Algeria,DZA,2011,0.421025,0,0,0.326,0,NA,1,0,0,0,1,0
Algeria,DZA,2012,0.4288,0,0,0.327,0,NA,1,0,0,0,1,0
Algeria,DZA,2013,0.4288,0,0,0.324,0,NA,1,0,0,0,1,0
Algeria,DZA,2014,0.4344,0,0,0.323,0,NA,1,0,0,0,1,0
Algeria,DZA,2015,0.4344,0,0,0.327,0,NA,1,0,0,0,1,0
Algeria,DZA,2016,0.469375,0,0,0.303,0,NA,1,0,0,0,1,0
Algeria,DZA,2017,0.431925,0,0,0.307,0,NA,1,0,0,0,1,0
Algeria,DZA,2018,0.439875,0,0,0.307,0,NA,1,0,0,0,1,0
Algeria,DZA,2019,0.39835,0,0,0.288,0,NA,1,0,0,0,1,0
Algeria,DZA,2020,0.425125,0,0,0.278,0,NA,1,0,0,0,1,0
Algeria,DZA,2021,0.4059,0,0,0.277,0,NA,1,0,0,0,1,0
Algeria,DZA,2022,0.416,0,0,0.267,0,NA,1,0,0,0,1,0
Algeria,DZA,2023,0.43,0,0,0.265,0,NA,1,0,0,0,1,0
Algeria,DZA,2024,0.4318,0,0,0.259,0,NA,1,0,0,0,1,0
Angola,AGO,1940,0.3503,0,0,0.009,0,NA,1,0,0,0,1,0
Angola,AGO,1941,0.3503,0,0,0.009,0,NA,1,0,0,0,1,0
Angola,AGO,1942,0.3503,0,0,0.009,0,NA,1,0,0,0,1,0
Angola,AGO,1943,0.3503,0,0,0.009,0,NA,1,0,0,0,1,0
Angola,AGO,1944,0.3503,0,0,0.009,0,NA,1,0,0,0,1,0
Angola,AGO,1945,0.3503,0,0,0.009,0,NA,1,0,0,0,1,0
Angola,AGO,1946,0.3503,0,0,0.009,0,NA,1,0,0,0,1,0
Angola,AGO,1947,0.3503,0,0,0.009,0,NA,1,0,0,0,1,0
Angola,AGO,1948,0.3503,0,0,0.009,0,NA,1,0,0,0,1,0
Angola,AGO,1949,0.3503,0,0,0.009,0,NA,1,0,0,0,1,0
Angola,AGO,1950,0.3503,0,0,0.009,0,NA,1,0,0,0,1,0
Angola,AGO,1951,0.3503,0,0,0.009,0,NA,1,0,0,0,1,0
Angola,AGO,1952,0.3503,0,0,0.009,0,NA,1,0,0,0,1,0
Angola,AGO,1953,0.3503,0,0,0.009,0,NA,1,0,0,0,1,0
Angola,AGO,1954,0.3503,0,0,0.009,0,NA,1,0,0,0,1,0
Angola,AGO,1955,0.3503,0,0,0.009,0,NA,1,0,0,0,1,0
Angola,AGO,1956,0.3503,0,0,0.009,0,NA,1,0,0,0,1,0
Angola,AGO,1957,0.3503,0,0,0.009,0,NA,1,0,0,0,1,0
Angola,AGO,1958,0.3503,0,0,0.009,0,NA,1,0,0,0,1,0
Angola,AGO,1959,0.3503,0,0,0.009,0,NA,1,0,0,0,1,0
Angola,AGO,1960,0.3503,0,0,0.009,0,NA,1,0,0,0,1,0
Angola,AGO,1961,0.3503,0,0,0.009,0,NA,1,0,0,0,1,0
Angola,AGO,1962,0.3503,0,0,0.009,0,NA,1,0,0,0,1,0
Angola,AGO,1963,0.3503,0,0,0.009,0,NA,1,0,0,0,1,0
Angola,AGO,1964,0.3503,0,0,0.009,0,NA,1,0,0,0,1,0
Angola,AGO,1965,0.3503,0,0,0.009,0,NA,1,0,0,0,1,0
Angola,AGO,1966,0.3503,0,0,0.009,0,NA,1,0,0,0,1,0
Angola,AGO,1967,0.3503,0,0,0.009,0,NA,1,0,0,0,1,0
Angola,AGO,1968,0.3503,0,0,0.009,0,NA,1,0,0,0,1,0
Angola,AGO,1969,0.365725,0,0,0.009,0,NA,1,0,0,0,1,0
Angola,AGO,1970,0.365725,0,0,0.009,0,NA,1,0,0,0,1,0
Angola,AGO,1971,0.365725,0,0,0.009,0,NA,1,0,0,0,1,0
Angola,AGO,1972,0.365725,0,0,0.009,0,NA,1,0,0,0,1,0
Angola,AGO,1973,0.365725,0,0,0.021,0,NA,1,0,0,0,1,0
Angola,AGO,1974,0.365725,0,0,0.021,0,NA,1,0,0,0,1,0
Angola,AGO,1975,0.340525,0,0,0.073,0,NA,1,0,0,0,1,0
Angola,AGO,1976,0.34985,0,0,0.074,0,NA,1,0,0,0,1,0
Angola,AGO,1977,0.34985,0,0,0.073,0,NA,1,0,0,0,1,0
Angola,AGO,1978,0.33845,0,0,0.073,0,NA,1,0,0,0,1,0
Angola,AGO,1979,0.33765,0,0,0.073,0,NA,1,0,0,0,1,0
Angola,AGO,1980,0.32045,0,0,0.073,0,NA,1,0,0,0,1,0
Angola,AGO,1981,0.32045,0,0,0.073,0,NA,1,0,0,0,1,0
Angola,AGO,1982,0.31265,0,0,0.073,0,NA,1,0,0,0,1,0
Angola,AGO,1983,0.31265,0,0,0.073,0,NA,1,0,0,0,1,0
Angola,AGO,1984,0.31265,0,0,0.073,0,NA,1,0,0,0,1,0
Angola,AGO,1985,0.31265,0,0,0.073,0,NA,1,0,0,0,1,0
Angola,AGO,1986,0.31265,0,0,0.074,0,NA,1,0,0,0,1,0
Angola,AGO,1987,0.31005,0,0,0.074,0,NA,1,0,0,0,1,0
Angola,AGO,1988,0.28865,0,0,0.074,0,NA,1,0,0,0,1,0
Angola,AGO,1989,0.28865,0,0,0.074,0,NA,1,0,0,0,1,0
Angola,AGO,1990,0.317575,0,0,0.076,0,NA,1,0,0,0,1,0
Angola,AGO,1991,0.3365,0,0,0.083,0,NA,1,0,0,0,1,0
Angola,AGO,1992,0.3115,0,0,0.146,0,NA,1,0,0,0,1,0
Angola,AGO,1993,0.2975,0,0,0.155,0,NA,1,0,0,0,1,0
Angola,AGO,1994,0.2975,0,0,0.155,0,NA,1,0,0,0,1,0
Angola,AGO,1995,0.2975,0,0,0.155,0,NA,1,0,0,0,1,0
Angola,AGO,1996,0.2975,0,0,0.155,0,NA,1,0,0,0,1,0
Angola,AGO,1997,0.2975,0,0,0.155,0,NA,1,0,0,0,1,0
Angola,AGO,1998,0.2975,0,0,0.155,0,NA,1,0,0,0,1,0
Angola,AGO,1999,0.2975,0,0,0.155,0,NA,1,0,0,0,1,0
Angola,AGO,2000,0.2979,0,0,0.155,0,NA,1,0,0,0,1,0
Angola,AGO,2001,0.2979,0,0,0.155,0,NA,1,0,0,0,1,0
Angola,AGO,2002,0.3321,0,0,0.16,0,NA,1,0,0,0,1,0
Angola,AGO,2003,0.2907,0,0,0.167,0,NA,1,0,0,0,1,0
Angola,AGO,2004,0.2907,0,0,0.167,0,NA,1,0,0,0,1,0
Angola,AGO,2005,0.2907,0,0,0.169,0,NA,1,0,0,0,1,0
Angola,AGO,2006,0.2907,0,0,0.169,0,NA,1,0,0,0,1,0
Angola,AGO,2007,0.2907,0,0,0.169,0,NA,1,0,0,0,1,0
Angola,AGO,2008,0.2911,0,0,0.182,0,NA,1,0,0,0,1,0
Angola,AGO,2009,0.297625,0,0,0.211,0,NA,1,0,0,0,1,0
Angola,AGO,2010,0.303,0,0,0.214,0,NA,1,0,0,0,1,0
Angola,AGO,2011,0.303,0,0,0.296,0,NA,1,0,0,0,1,0
Angola,AGO,2012,0.303,0,0,0.294,0,NA,1,0,0,0,1,0
Angola,AGO,2013,0.298725,0,0,0.292,0,NA,1,0,0,0,1,0
Angola,AGO,2014,0.298725,0,0,0.292,0,NA,1,0,0,0,1,0
Angola,AGO,2015,0.298725,0,0,0.292,0,NA,1,0,0,0,1,0
Angola,AGO,2016,0.298725,0,0,0.294,0,NA,1,0,0,0,1,0
Angola,AGO,2017,0.383625,0,0,0.309,0,NA,1,0,0,0,1,0
Angola,AGO,2018,0.435275,0,0,0.352,0,NA,1,0,0,0,1,0
Angola,AGO,2019,0.4369,0,0,0.348,0,NA,1,0,0,0,1,0
Angola,AGO,2020,0.444525,0,0,0.335,0,NA,1,0,0,0,1,0
Angola,AGO,2021,0.476825,0,0,0.326,0,NA,1,0,0,0,1,0
Angola,AGO,2022,0.489625,0,0,0.327,0,NA,1,0,0,0,1,0
Angola,AGO,2023,0.50375,0,0,0.33,0,NA,1,0,0,0,1,0
Angola,AGO,2024,0.513825,0,0,0.34,0,NA,1,0,0,0,1,0
Armenia,ARM,1990,0.615025,0,0,0.566,0.6931471805599453,NA,1,0,0,0,0,0
Armenia,ARM,1991,0.562425,0,0,0.609,1.0986122886681096,NA,1,0,0,0,0,0
Armenia,ARM,1992,0.5599,0,0,0.615,1.3862943611198906,NA,1,0,0,0,0,0
Armenia,ARM,1993,0.551075,0,0,0.606,1.6094379124341003,NA,1,0,0,0,0,0
Armenia,ARM,1994,0.551075,0,0,0.587,1.791759469228055,NA,1,0,0,0,0,0
Armenia,ARM,1995,0.540725,0,0,0.49,0,NA,1,0,0,0,0,0
Armenia,ARM,1996,0.48615,0,0,0.422,0,NA,1,0,0,0,0,0
Armenia,ARM,1997,0.48495,0,0,0.39,0,NA,1,0,0,0,0,0
Armenia,ARM,1998,0.452025,0,0,0.404,0,NA,1,0,0,0,0,0
Armenia,ARM,1999,0.453875,0,0,0.413,0,NA,1,0,0,0,0,0
Armenia,ARM,2000,0.432925,0,0,0.415,0,NA,1,0,0,0,0,0
Armenia,ARM,2001,0.405975,0,0,0.417,0,NA,1,0,0,0,0,0
Armenia,ARM,2002,0.41755,0,0,0.407,0,NA,1,0,0,0,0,0
Armenia,ARM,2003,0.425875,0,0,0.352,0,NA,1,0,0,0,0,0
Armenia,ARM,2004,0.424475,0,0,0.343,0,NA,1,0,0,0,0,0
Armenia,ARM,2005,0.425825,0,0,0.344,0,NA,1,0,0,0,0,0
Armenia,ARM,2006,0.425825,0,0,0.339,0,NA,1,0,0,0,0,0
Armenia,ARM,2007,0.425825,0,0,0.347,0,NA,1,0,0,0,0,0
Armenia,ARM,2008,0.4288,0,0,0.316,0,NA,1,0,0,0,0,0
Armenia,ARM,2009,0.4354,0,0,0.318,0,NA,1,0,0,0,0,0
Armenia,ARM,2010,0.44375,0,0,0.33,0,NA,1,0,0,0,0,0
Armenia,ARM,2011,0.44435,0,0,0.334,0,NA,1,0,0,0,0,0
Armenia,ARM,2012,0.44675,0,0,0.352,0,NA,1,0,0,0,0,0
Armenia,ARM,2013,0.453875,0,0,0.349,0,NA,1,0,0,0,0,0
Armenia,ARM,2014,0.455,0,0,0.343,0,NA,1,0,0,0,0,0
Armenia,ARM,2015,0.449175,0,0,0.345,0,NA,1,0,0,0,0,0
Armenia,ARM,2016,0.451375,0,0,0.349,0,NA,1,0,0,0,0,0
Armenia,ARM,2017,0.4543,0,0,0.382,0,NA,1,0,0,0,0,0
Armenia,ARM,2018,0.684375,1,0.6931471805599453,0.522,3.332204510175204,NA,1,0,0,0,0,0
Armenia,ARM,2019,0.755,0,0.6931471805599453,0.793,3.367295829986474,NA,1,0,0,0,0,0
Armenia,ARM,2020,0.710875,0,0.6931471805599453,0.779,3.4011973816621555,NA,1,0,0,0,0,0
Armenia,ARM,2021,0.6999,0,0.6931471805599453,0.726,3.4339872044851463,NA,1,0,0,0,0,0
Armenia,ARM,2022,0.6915,0,0.6931471805599453,0.65,3.4657359027997265,NA,1,0,0,0,0,0
Armenia,ARM,2023,0.672525,0,0.6931471805599453,0.635,3.4965075614664802,NA,1,0,0,0,0,0
Armenia,ARM,2024,0.672325,0,0.6931471805599453,0.623,3.5263605246161616,NA,1,0,0,0,0,0
Azerbaijan,AZE,1990,0.383425,0,0,0.173,0,NA,1,0,0,0,0,0
Azerbaijan,AZE,1991,0.383425,0,0,0.18,0,NA,1,0,0,0,0,0
Azerbaijan,AZE,1992,0.46815,0,0,0.364,0,NA,1,0,0,0,0,0
Azerbaijan,AZE,1993,0.36915,0,0,0.311,0,NA,1,0,0,0,0,0
Azerbaijan,AZE,1994,0.220425,0,0,0.252,0,NA,1,0,0,0,0,0
Azerbaijan,AZE,1995,0.220425,0,0,0.251,0,NA,1,0,0,0,0,0
Azerbaijan,AZE,1996,0.220425,0,0,0.24,0,NA,1,0,0,0,0,0
Azerbaijan,AZE,1997,0.220425,0,0,0.242,0,NA,1,0,0,0,0,0
Azerbaijan,AZE,1998,0.209025,0,0,0.245,0,NA,1,0,0,0,0,0
Azerbaijan,AZE,1999,0.209025,0,0,0.24,0,NA,1,0,0,0,0,0
Azerbaijan,AZE,2000,0.210625,0,0,0.246,0,NA,1,0,0,0,0,0
Azerbaijan,AZE,2001,0.210625,0,0,0.242,0,NA,1,0,0,0,0,0
Azerbaijan,AZE,2002,0.210625,0,0,0.24,0,NA,1,0,0,0,0,0
Azerbaijan,AZE,2003,0.210625,0,0,0.238,0,NA,1,0,0,0,0,0
Azerbaijan,AZE,2004,0.210625,0,0,0.223,0,NA,1,0,0,0,0,0
Azerbaijan,AZE,2005,0.210625,0,0,0.222,0,NA,1,0,0,0,0,0
Azerbaijan,AZE,2006,0.210625,0,0,0.219,0,NA,1,0,0,0,0,0
Azerbaijan,AZE,2007,0.211025,0,0,0.216,0,NA,1,0,0,0,0,0
Azerbaijan,AZE,2008,0.212225,0,0,0.214,0,NA,1,0,0,0,0,0
Azerbaijan,AZE,2009,0.212225,0,0,0.212,0,NA,1,0,0,0,0,0
Azerbaijan,AZE,2010,0.1997,0,0,0.211,0,NA,1,0,0,0,0,0
Azerbaijan,AZE,2011,0.1997,0,0,0.209,0,NA,1,0,0,0,0,0
Azerbaijan,AZE,2012,0.2025,0,0,0.207,0,NA,1,0,0,0,0,0
Azerbaijan,AZE,2013,0.201625,0,0,0.202,0,NA,1,0,0,0,0,0
Azerbaijan,AZE,2014,0.201625,0,0,0.195,0,NA,1,0,0,0,0,0
Azerbaijan,AZE,2015,0.201825,0,0,0.194,0,NA,1,0,0,0,0,0
Azerbaijan,AZE,2016,0.2033,0,0,0.199,0,NA,1,0,0,0,0,0
Azerbaijan,AZE,2017,0.22325,0,0,0.199,0,NA,1,0,0,0,0,0
Azerbaijan,AZE,2018,0.2136,0,0,0.192,0,NA,1,0,0,0,0,0
Azerbaijan,AZE,2019,0.2238,0,0,0.193,0,NA,1,0,0,0,0,0
Azerbaijan,AZE,2020,0.218025,0,0,0.193,0,NA,1,0,0,0,0,0
Azerbaijan,AZE,2021,0.25165,0,0,0.194,0,NA,1,0,0,0,0,0
Azerbaijan,AZE,2022,0.266175,0,0,0.185,0,NA,1,0,0,0,0,0
Azerbaijan,AZE,2023,0.279,0,0,0.187,0,NA,1,0,0,0,0,0
Azerbaijan,AZE,2024,0.2624,0,0,0.175,0,NA,1,0,0,0,0,0
Belarus,BLR,1990,0.601775,0,0,0.458,0,NA,1,0,0,0,0,0
Belarus,BLR,1991,0.593575,0,0,0.491,0,NA,1,0,0,0,0,0
Belarus,BLR,1992,0.6588,1,0.6931471805599453,0.56,1.0986122886681096,NA,1,0,0,0,0,0
Belarus,BLR,1993,0.6574,0,0.6931471805599453,0.552,1.3862943611198906,NA,1,0,0,0,0,0
Belarus,BLR,1994,0.624025,0,0.6931471805599453,0.547,1.6094379124341003,NA,1,0,0,0,0,0
Belarus,BLR,1995,0.608025,0,0,0.496,0,NA,1,0,0,0,0,0
Belarus,BLR,1996,0.487025,0,0,0.442,0,NA,1,0,0,0,0,0
Belarus,BLR,1997,0.4821,0,0,0.366,0,NA,1,0,0,0,0,0
Belarus,BLR,1998,0.484975,0,0,0.344,0,NA,1,0,0,0,0,0
Belarus,BLR,1999,0.509775,0,0,0.328,0,NA,1,0,0,0,0,0
Belarus,BLR,2000,0.501275,0,0,0.297,0,NA,1,0,0,0,0,0
Belarus,BLR,2001,0.5193,0,0,0.246,0,NA,1,0,0,0,0,0
Belarus,BLR,2002,0.4965,0,0,0.242,0,NA,1,0,0,0,0,0
Belarus,BLR,2003,0.4965,0,0,0.241,0,NA,1,0,0,0,0,0
Belarus,BLR,2004,0.4939,0,0,0.241,0,NA,1,0,0,0,0,0
Belarus,BLR,2005,0.4939,0,0,0.233,0,NA,1,0,0,0,0,0
Belarus,BLR,2006,0.4939,0,0,0.227,0,NA,1,0,0,0,0,0
Belarus,BLR,2007,0.50145,0,0,0.225,0,NA,1,0,0,0,0,0
Belarus,BLR,2008,0.50145,0,0,0.226,0,NA,1,0,0,0,0,0
Belarus,BLR,2009,0.50145,0,0,0.228,0,NA,1,0,0,0,0,0
Belarus,BLR,2010,0.50145,0,0,0.227,0,NA,1,0,0,0,0,0
Belarus,BLR,2011,0.4993,0,0,0.216,0,NA,1,0,0,0,0,0
Belarus,BLR,2012,0.4995,0,0,0.221,0,NA,1,0,0,0,0,0
Belarus,BLR,2013,0.489075,0,0,0.242,0,NA,1,0,0,0,0,0
Belarus,BLR,2014,0.489075,0,0,0.245,0,NA,1,0,0,0,0,0
Belarus,BLR,2015,0.489075,0,0,0.25,0,NA,1,0,0,0,0,0
Belarus,BLR,2016,0.498975,0,0,0.256,0,NA,1,0,0,0,0,0
Belarus,BLR,2017,0.496975,0,0,0.256,0,NA,1,0,0,0,0,0
Belarus,BLR,2018,0.495725,0,0,0.257,0,NA,1,0,0,0,0,0
Belarus,BLR,2019,0.5053,0,0,0.26,0,NA,1,0,0,0,0,0
Belarus,BLR,2020,0.336475,0,0,0.211,0,NA,1,0,0,0,0,0
Belarus,BLR,2021,0.2847,0,0,0.173,0,NA,1,0,0,0,0,0
Belarus,BLR,2022,0.297375,0,0,0.172,0,NA,1,0,0,0,0,0
Belarus,BLR,2023,0.299825,0,0,0.157,0,NA,1,0,0,0,0,0
Belarus,BLR,2024,0.301225,0,0,0.161,0,NA,1,0,0,0,0,0
Cameroon,CMR,1961,0.3807,0,0,0.16,0,NA,1,0,0,0,1,0
Cameroon,CMR,1962,0.3807,0,0,0.16,0,NA,1,0,0,0,1,0
Cameroon,CMR,1963,0.3807,0,0,0.16,0,NA,1,0,0,0,1,0
Cameroon,CMR,1964,0.3807,0,0,0.16,0,NA,1,0,0,0,1,0
Cameroon,CMR,1965,0.3807,0,0,0.16,0,NA,1,0,0,0,1,0
Cameroon,CMR,1966,0.3807,0,0,0.157,0,NA,1,0,0,0,1,0
Cameroon,CMR,1967,0.3807,0,0,0.157,0,NA,1,0,0,0,1,0
Cameroon,CMR,1968,0.3807,0,0,0.157,0,NA,1,0,0,0,1,0
Cameroon,CMR,1969,0.3807,0,0,0.157,0,NA,1,0,0,0,1,0
Cameroon,CMR,1970,0.3807,0,0,0.157,0,NA,1,0,0,0,1,0
Cameroon,CMR,1971,0.3772,0,0,0.157,0,NA,1,0,0,0,1,0
Cameroon,CMR,1972,0.379125,0,0,0.157,0,NA,1,0,0,0,1,0
Cameroon,CMR,1973,0.36255,0,0,0.157,0,NA,1,0,0,0,1,0
Cameroon,CMR,1974,0.36605,0,0,0.156,0,NA,1,0,0,0,1,0
Cameroon,CMR,1975,0.36605,0,0,0.158,0,NA,1,0,0,0,1,0
Cameroon,CMR,1976,0.36605,0,0,0.158,0,NA,1,0,0,0,1,0
Cameroon,CMR,1977,0.36605,0,0,0.158,0,NA,1,0,0,0,1,0
Cameroon,CMR,1978,0.36605,0,0,0.158,0,NA,1,0,0,0,1,0
Cameroon,CMR,1979,0.363825,0,0,0.157,0,NA,1,0,0,0,1,0
Cameroon,CMR,1980,0.310425,0,0,0.163,0,NA,1,0,0,0,1,0
Cameroon,CMR,1981,0.309225,0,0,0.163,0,NA,1,0,0,0,1,0
Cameroon,CMR,1982,0.3324,0,0,0.169,0,NA,1,0,0,0,1,0
Cameroon,CMR,1983,0.3316,0,0,0.177,0,NA,1,0,0,0,1,0
Cameroon,CMR,1984,0.3423,0,0,0.177,0,NA,1,0,0,0,1,0
Cameroon,CMR,1985,0.3172,0,0,0.179,0,NA,1,0,0,0,1,0
Cameroon,CMR,1986,0.307,0,0,0.179,0,NA,1,0,0,0,1,0
Cameroon,CMR,1987,0.30620000000000003,0,0,0.179,0,NA,1,0,0,0,1,0
Cameroon,CMR,1988,0.30620000000000003,0,0,0.179,0,NA,1,0,0,0,1,0
Cameroon,CMR,1989,0.30620000000000003,0,0,0.18,0,NA,1,0,0,0,1,0
Cameroon,CMR,1990,0.3241,0,0,0.246,0,NA,1,0,0,0,1,0
Cameroon,CMR,1991,0.3223,0,0,0.263,0,NA,1,0,0,0,1,0
Cameroon,CMR,1992,0.3223,0,0,0.291,0,NA,1,0,0,0,1,0
Cameroon,CMR,1993,0.312625,0,0,0.29,0,NA,1,0,0,0,1,0
Cameroon,CMR,1994,0.30975,0,0,0.29,0,NA,1,0,0,0,1,0
Cameroon,CMR,1995,0.3125,0,0,0.288,0,NA,1,0,0,0,1,0
Cameroon,CMR,1996,0.31365,0,0,0.288,0,NA,1,0,0,0,1,0
Cameroon,CMR,1997,0.3127,0,0,0.292,0,NA,1,0,0,0,1,0
Cameroon,CMR,1998,0.3099,0,0,0.294,0,NA,1,0,0,0,1,0
Cameroon,CMR,1999,0.3099,0,0,0.294,0,NA,1,0,0,0,1,0
Cameroon,CMR,2000,0.3099,0,0,0.306,0,NA,1,0,0,0,1,0
Cameroon,CMR,2001,0.3099,0,0,0.306,0,NA,1,0,0,0,1,0
Cameroon,CMR,2002,0.3099,0,0,0.31,0,NA,1,0,0,0,1,0
Cameroon,CMR,2003,0.3099,0,0,0.313,0,NA,1,0,0,0,1,0
Cameroon,CMR,2004,0.3099,0,0,0.314,0,NA,1,0,0,0,1,0
Cameroon,CMR,2005,0.303925,0,0,0.317,0,NA,1,0,0,0,1,0
Cameroon,CMR,2006,0.303925,0,0,0.317,0,NA,1,0,0,0,1,0
Cameroon,CMR,2007,0.30295,0,0,0.316,0,NA,1,0,0,0,1,0
Cameroon,CMR,2008,0.30335,0,0,0.317,0,NA,1,0,0,0,1,0
Cameroon,CMR,2009,0.30595,0,0,0.317,0,NA,1,0,0,0,1,0
Cameroon,CMR,2010,0.30595,0,0,0.319,0,NA,1,0,0,0,1,0
Cameroon,CMR,2011,0.30675,0,0,0.321,0,NA,1,0,0,0,1,0
Cameroon,CMR,2012,0.30715,0,0,0.325,0,NA,1,0,0,0,1,0
Cameroon,CMR,2013,0.28225,0,0,0.321,0,NA,1,0,0,0,1,0
Cameroon,CMR,2014,0.28225,0,0,0.329,0,NA,1,0,0,0,1,0
Cameroon,CMR,2015,0.27925,0,0,0.326,0,NA,1,0,0,0,1,0
Cameroon,CMR,2016,0.271125,0,0,0.308,0,NA,1,0,0,0,1,0
Cameroon,CMR,2017,0.2672,0,0,0.3,0,NA,1,0,0,0,1,0
Cameroon,CMR,2018,0.266,0,0,0.294,0,NA,1,0,0,0,1,0
Cameroon,CMR,2019,0.261825,0,0,0.283,0,NA,1,0,0,0,1,0
Cameroon,CMR,2020,0.279325,0,0,0.287,0,NA,1,0,0,0,1,0
Cameroon,CMR,2021,0.291925,0,0,0.285,0,NA,1,0,0,0,1,0
Cameroon,CMR,2022,0.278825,0,0,0.291,0,NA,1,0,0,0,1,0
Cameroon,CMR,2023,0.26695,0,0,0.29,0,NA,1,0,0,0,1,0
Cameroon,CMR,2024,0.283575,0,0,0.286,0,NA,1,0,0,0,1,0
Chad,TCD,1940,0.4178,0,0,0.011,0,NA,1,0,0,0,1,0
Chad,TCD,1941,0.4178,0,0,0.011,0,NA,1,0,0,0,1,0
Chad,TCD,1942,0.4178,0,0,0.011,0,NA,1,0,0,0,1,0
Chad,TCD,1943,0.4178,0,0,0.016,0,NA,1,0,0,0,1,0
Chad,TCD,1944,0.4178,0,0,0.016,0,NA,1,0,0,0,1,0
Chad,TCD,1945,0.4178,0,0,0.03,0,NA,1,0,0,0,1,0
Chad,TCD,1946,0.4178,0,0,0.046,0,NA,1,0,0,0,1,0
Chad,TCD,1947,0.430175,0,0,0.133,0,NA,1,0,0,0,1,0
Chad,TCD,1948,0.430175,0,0,0.133,0,NA,1,0,0,0,1,0
Chad,TCD,1949,0.430175,0,0,0.133,0,NA,1,0,0,0,1,0
Chad,TCD,1950,0.430175,0,0,0.14,0,NA,1,0,0,0,1,0
Chad,TCD,1951,0.430175,0,0,0.14,0,NA,1,0,0,0,1,0
Chad,TCD,1952,0.430175,0,0,0.146,0,NA,1,0,0,0,1,0
Chad,TCD,1953,0.430175,0,0,0.145,0,NA,1,0,0,0,1,0
Chad,TCD,1954,0.430175,0,0,0.145,0,NA,1,0,0,0,1,0
Chad,TCD,1955,0.430175,0,0,0.145,0,NA,1,0,0,0,1,0
Chad,TCD,1956,0.430175,0,0,0.145,0,NA,1,0,0,0,1,0
Chad,TCD,1957,0.430175,0,0,0.246,0,NA,1,0,0,0,1,0
Chad,TCD,1958,0.430175,0,0,0.274,0,NA,1,0,0,0,1,0
Chad,TCD,1959,0.430175,0,0,0.271,0,NA,1,0,0,0,1,0
Chad,TCD,1960,0.339025,0,0,0.213,0,NA,1,0,0,0,1,0
Chad,TCD,1961,0.339025,0,0,0.257,0,NA,1,0,0,0,1,0
Chad,TCD,1962,0.339025,0,0,0.208,0,NA,1,0,0,0,1,0
Chad,TCD,1963,0.339025,0,0,0.193,0,NA,1,0,0,0,1,0
Chad,TCD,1964,0.338425,0,0,0.194,0,NA,1,0,0,0,1,0
Chad,TCD,1965,0.338425,0,0,0.194,0,NA,1,0,0,0,1,0
Chad,TCD,1966,0.338425,0,0,0.194,0,NA,1,0,0,0,1,0
Chad,TCD,1967,0.338425,0,0,0.194,0,NA,1,0,0,0,1,0
Chad,TCD,1968,0.338425,0,0,0.193,0,NA,1,0,0,0,1,0
Chad,TCD,1969,0.338425,0,0,0.192,0,NA,1,0,0,0,1,0
Chad,TCD,1970,0.332925,0,0,0.194,0,NA,1,0,0,0,1,0
Chad,TCD,1971,0.332925,0,0,0.194,0,NA,1,0,0,0,1,0
Chad,TCD,1972,0.332925,0,0,0.188,0,NA,1,0,0,0,1,0
Chad,TCD,1973,0.332925,0,0,0.188,0,NA,1,0,0,0,1,0
Chad,TCD,1974,0.332925,0,0,0.188,0,NA,1,0,0,0,1,0
Chad,TCD,1975,0.315725,0,0,0.117,0,NA,1,0,0,0,1,0
Chad,TCD,1976,0.300525,0,0,0.091,0,NA,1,0,0,0,1,0
Chad,TCD,1977,0.300525,0,0,0.091,0,NA,1,0,0,0,1,0
Chad,TCD,1978,0.300525,0,0,0.091,0,NA,1,0,0,0,1,0
Chad,TCD,1979,0.300525,0,0,0.091,0,NA,1,0,0,0,1,0
Chad,TCD,1980,0.24305,0,0,0.09,0,NA,1,0,0,0,1,0
Chad,TCD,1981,0.24305,0,0,0.09,0,NA,1,0,0,0,1,0
Chad,TCD,1982,0.22185,0,0,0.08,0,NA,1,0,0,0,1,0
Chad,TCD,1983,0.23185,0,0,0.08,0,NA,1,0,0,0,1,0
Chad,TCD,1984,0.23185,0,0,0.08,0,NA,1,0,0,0,1,0
Chad,TCD,1985,0.23185,0,0,0.08,0,NA,1,0,0,0,1,0
Chad,TCD,1986,0.23185,0,0,0.08,0,NA,1,0,0,0,1,0
Chad,TCD,1987,0.23185,0,0,0.08,0,NA,1,0,0,0,1,0
Chad,TCD,1988,0.23185,0,0,0.08,0,NA,1,0,0,0,1,0
Chad,TCD,1989,0.23185,0,0,0.08,0,NA,1,0,0,0,1,0
Chad,TCD,1990,0.19675,0,0,0.126,0,NA,1,0,0,0,1,0
Chad,TCD,1991,0.199275,0,0,0.169,0,NA,1,0,0,0,1,0
Chad,TCD,1992,0.199275,0,0,0.174,0,NA,1,0,0,0,1,0
Chad,TCD,1993,0.199275,0,0,0.174,0,NA,1,0,0,0,1,0
Chad,TCD,1994,0.199275,0,0,0.174,0,NA,1,0,0,0,1,0
Chad,TCD,1995,0.199275,0,0,0.174,0,NA,1,0,0,0,1,0
Chad,TCD,1996,0.199275,0,0,0.224,0,NA,1,0,0,0,1,0
Chad,TCD,1997,0.199275,0,0,0.282,0,NA,1,0,0,0,1,0
Chad,TCD,1998,0.199275,0,0,0.283,0,NA,1,0,0,0,1,0
Chad,TCD,1999,0.199275,0,0,0.283,0,NA,1,0,0,0,1,0
Chad,TCD,2000,0.199275,0,0,0.285,0,NA,1,0,0,0,1,0
Chad,TCD,2001,0.199275,0,0,0.282,0,NA,1,0,0,0,1,0
Chad,TCD,2002,0.199275,0,0,0.28,0,NA,1,0,0,0,1,0
Chad,TCD,2003,0.199275,0,0,0.28,0,NA,1,0,0,0,1,0
Chad,TCD,2004,0.199275,0,0,0.282,0,NA,1,0,0,0,1,0
Chad,TCD,2005,0.199275,0,0,0.281,0,NA,1,0,0,0,1,0
Chad,TCD,2006,0.198275,0,0,0.281,0,NA,1,0,0,0,1,0
Chad,TCD,2007,0.198275,0,0,0.277,0,NA,1,0,0,0,1,0
Chad,TCD,2008,0.198275,0,0,0.28,0,NA,1,0,0,0,1,0
Chad,TCD,2009,0.197275,0,0,0.28,0,NA,1,0,0,0,1,0
Chad,TCD,2010,0.192825,0,0,0.283,0,NA,1,0,0,0,1,0
Chad,TCD,2011,0.192825,0,0,0.283,0,NA,1,0,0,0,1,0
Chad,TCD,2012,0.192825,0,0,0.281,0,NA,1,0,0,0,1,0
Chad,TCD,2013,0.1842,0,0,0.279,0,NA,1,0,0,0,1,0
Chad,TCD,2014,0.1844,0,0,0.278,0,NA,1,0,0,0,1,0
Chad,TCD,2015,0.1844,0,0,0.281,0,NA,1,0,0,0,1,0
Chad,TCD,2016,0.1844,0,0,0.281,0,NA,1,0,0,0,1,0
Chad,TCD,2017,0.176225,0,0,0.267,0,NA,1,0,0,0,1,0
Chad,TCD,2018,0.169475,0,0,0.267,0,NA,1,0,0,0,1,0
Chad,TCD,2019,0.172725,0,0,0.273,0,NA,1,0,0,0,1,0
Chad,TCD,2020,0.173125,0,0,0.27,0,NA,1,0,0,0,1,0
Chad,TCD,2021,0.161175,0,0,0.177,0,NA,1,0,0,0,1,0
Chad,TCD,2022,0.151375,0,0,0.146,0,NA,1,0,0,0,1,0
Chad,TCD,2023,0.151375,0,0,0.147,0,NA,1,0,0,0,1,0
Chad,TCD,2024,0.148575,0,0,0.204,0,NA,1,0,0,0,1,0
China,CHN,1940,0.272875,0,0,0.09,NA,NA,1,0,0,0,0,1
China,CHN,1941,0.272875,0,0,0.09,NA,NA,1,0,0,0,0,1
China,CHN,1942,0.272875,0,0,0.09,NA,NA,1,0,0,0,0,1
China,CHN,1943,0.271275,0,0,0.09,NA,NA,1,0,0,0,0,1
China,CHN,1944,0.271275,0,0,0.09,NA,NA,1,0,0,0,0,1
China,CHN,1945,0.271275,0,0,0.09,NA,NA,1,0,0,0,0,1
China,CHN,1946,0.267575,0,0,0.088,NA,NA,1,0,0,0,0,1
China,CHN,1947,0.274225,0,0,0.145,NA,NA,1,0,0,0,0,1
China,CHN,1948,0.274225,0,0,0.16,NA,NA,1,0,0,0,0,1
China,CHN,1949,0.30915,0,0,0.121,NA,NA,1,0,0,0,0,1
China,CHN,1950,0.363025,0,0,0.075,NA,NA,1,0,0,0,0,1
China,CHN,1951,0.363025,0,0,0.075,NA,NA,1,0,0,0,0,1
China,CHN,1952,0.363025,0,0,0.075,NA,NA,1,0,0,0,0,1
China,CHN,1953,0.363025,0,0,0.075,NA,NA,1,0,0,0,0,1
China,CHN,1954,0.363025,0,0,0.074,NA,NA,1,0,0,0,0,1
China,CHN,1955,0.369575,0,0,0.074,NA,NA,1,0,0,0,0,1
China,CHN,1956,0.362525,0,0,0.073,NA,NA,1,0,0,0,0,1
China,CHN,1957,0.319325,0,0,0.07,NA,NA,1,0,0,0,0,1
China,CHN,1958,0.309625,0,0,0.07,NA,NA,1,0,0,0,0,1
China,CHN,1959,0.309625,0,0,0.07,NA,NA,1,0,0,0,0,1
China,CHN,1960,0.309025,0,0,0.07,NA,NA,1,0,0,0,0,1
China,CHN,1961,0.309025,0,0,0.07,NA,NA,1,0,0,0,0,1
China,CHN,1962,0.324775,0,0,0.07,NA,NA,1,0,0,0,0,1
China,CHN,1963,0.324775,0,0,0.07,NA,NA,1,0,0,0,0,1
China,CHN,1964,0.324775,0,0,0.07,NA,NA,1,0,0,0,0,1
China,CHN,1965,0.316325,0,0,0.07,NA,NA,1,0,0,0,0,1
China,CHN,1966,0.30145,0,0,0.071,NA,NA,1,0,0,0,0,1
China,CHN,1967,0.28245,0,0,0.071,NA,NA,1,0,0,0,0,1
China,CHN,1968,0.28245,0,0,0.071,NA,NA,1,0,0,0,0,1
China,CHN,1969,0.28245,0,0,0.069,NA,NA,1,0,0,0,0,1
China,CHN,1970,0.28245,0,0,0.068,NA,NA,1,0,0,0,0,1
China,CHN,1971,0.28245,0,0,0.068,NA,NA,1,0,0,0,0,1
China,CHN,1972,0.28245,0,0,0.068,NA,NA,1,0,0,0,0,1
China,CHN,1973,0.28245,0,0,0.07,NA,NA,1,0,0,0,0,1
China,CHN,1974,0.28245,0,0,0.07,NA,NA,1,0,0,0,0,1
China,CHN,1975,0.28505,0,0,0.07,NA,NA,1,0,0,0,0,1
China,CHN,1976,0.28505,0,0,0.07,NA,NA,1,0,0,0,0,1
China,CHN,1977,0.29865,0,0,0.069,NA,NA,1,0,0,0,0,1
China,CHN,1978,0.32835,0,0,0.076,NA,NA,1,0,0,0,0,1
China,CHN,1979,0.392075,0,0,0.093,NA,NA,1,0,0,0,0,1
China,CHN,1980,0.392625,0,0,0.098,NA,NA,1,0,0,0,0,1
China,CHN,1981,0.390625,0,0,0.098,NA,NA,1,0,0,0,0,1
China,CHN,1982,0.390625,0,0,0.098,NA,NA,1,0,0,0,0,1
China,CHN,1983,0.388625,0,0,0.098,NA,NA,1,0,0,0,0,1
China,CHN,1984,0.388625,0,0,0.098,NA,NA,1,0,0,0,0,1
China,CHN,1985,0.388625,0,0,0.098,NA,NA,1,0,0,0,0,1
China,CHN,1986,0.382425,0,0,0.103,NA,NA,1,0,0,0,0,1
China,CHN,1987,0.382425,0,0,0.104,NA,NA,1,0,0,0,0,1
China,CHN,1988,0.382425,0,0,0.104,NA,NA,1,0,0,0,0,1
China,CHN,1989,0.382425,0,0,0.101,NA,NA,1,0,0,0,0,1
China,CHN,1990,0.38035,0,0,0.094,NA,NA,1,0,0,0,0,1
China,CHN,1991,0.38035,0,0,0.094,NA,NA,1,0,0,0,0,1
China,CHN,1992,0.37855,0,0,0.097,NA,NA,1,0,0,0,0,1
China,CHN,1993,0.37715,0,0,0.101,NA,NA,1,0,0,0,0,1
China,CHN,1994,0.37695,0,0,0.101,NA,NA,1,0,0,0,0,1
China,CHN,1995,0.37695,0,0,0.102,NA,NA,1,0,0,0,0,1
China,CHN,1996,0.374825,0,0,0.102,NA,NA,1,0,0,0,0,1
China,CHN,1997,0.382025,0,0,0.102,NA,NA,1,0,0,0,0,1
China,CHN,1998,0.382025,0,0,0.102,NA,NA,1,0,0,0,0,1
China,CHN,1999,0.382025,0,0,0.102,NA,NA,1,0,0,0,0,1
China,CHN,2000,0.381225,0,0,0.101,NA,NA,1,0,0,0,0,1
China,CHN,2001,0.3855,0,0,0.101,NA,NA,1,0,0,0,0,1
China,CHN,2002,0.39405,0,0,0.102,NA,NA,1,0,0,0,0,1
China,CHN,2003,0.39005,0,0,0.102,NA,NA,1,0,0,0,0,1
China,CHN,2004,0.38565,0,0,0.103,NA,NA,1,0,0,0,0,1
China,CHN,2005,0.3668,0,0,0.094,NA,NA,1,0,0,0,0,1
China,CHN,2006,0.3668,0,0,0.094,NA,NA,1,0,0,0,0,1
China,CHN,2007,0.3668,0,0,0.094,NA,NA,1,0,0,0,0,1
China,CHN,2008,0.366,0,0,0.095,NA,NA,1,0,0,0,0,1
China,CHN,2009,0.365825,0,0,0.094,NA,NA,1,0,0,0,0,1
China,CHN,2010,0.364425,0,0,0.094,NA,NA,1,0,0,0,0,1
China,CHN,2011,0.365825,0,0,0.094,NA,NA,1,0,0,0,0,1
China,CHN,2012,0.37065,0,0,0.094,NA,NA,1,0,0,0,0,1
China,CHN,2013,0.3844,0,0,0.086,NA,NA,1,0,0,0,0,1
China,CHN,2014,0.38675,0,0,0.084,NA,NA,1,0,0,0,0,1
China,CHN,2015,0.38125,0,0,0.082,NA,NA,1,0,0,0,0,1
China,CHN,2016,0.38165,0,0,0.08,NA,NA,1,0,0,0,0,1
China,CHN,2017,0.38005,0,0,0.078,NA,NA,1,0,0,0,0,1
China,CHN,2018,0.38525,0,0,0.077,NA,NA,1,0,0,0,0,1
China,CHN,2019,0.39325,0,0,0.075,NA,NA,1,0,0,0,0,1
China,CHN,2020,0.3872,0,0,0.075,NA,NA,1,0,0,0,0,1
China,CHN,2021,0.4,0,0,0.077,NA,NA,1,0,0,0,0,1
China,CHN,2022,0.393,0,0,0.075,NA,NA,1,0,0,0,0,1
China,CHN,2023,0.388675,0,0,0.074,NA,NA,1,0,0,0,0,1
China,CHN,2024,0.38645,0,0,0.073,NA,NA,1,0,0,0,0,1
Democratic Republic of the Congo,COD,1940,0.375375,0,0,0.01,0,NA,1,0,0,0,1,0
Democratic Republic of the Congo,COD,1941,0.375375,0,0,0.01,0,NA,1,0,0,0,1,0
Democratic Republic of the Congo,COD,1942,0.375375,0,0,0.01,0,NA,1,0,0,0,1,0
Democratic Republic of the Congo,COD,1943,0.375375,0,0,0.01,0,NA,1,0,0,0,1,0
Democratic Republic of the Congo,COD,1944,0.375375,0,0,0.01,0,NA,1,0,0,0,1,0
Democratic Republic of the Congo,COD,1945,0.375375,0,0,0.01,0,NA,1,0,0,0,1,0
Democratic Republic of the Congo,COD,1946,0.375375,0,0,0.01,0,NA,1,0,0,0,1,0
Democratic Republic of the Congo,COD,1947,0.375375,0,0,0.01,0,NA,1,0,0,0,1,0
Democratic Republic of the Congo,COD,1948,0.375375,0,0,0.01,0,NA,1,0,0,0,1,0
Democratic Republic of the Congo,COD,1949,0.375375,0,0,0.01,0,NA,1,0,0,0,1,0
Democratic Republic of the Congo,COD,1950,0.36905,0,0,0.009,0,NA,1,0,0,0,1,0
Democratic Republic of the Congo,COD,1951,0.36905,0,0,0.01,0,NA,1,0,0,0,1,0
Democratic Republic of the Congo,COD,1952,0.36905,0,0,0.01,0,NA,1,0,0,0,1,0
Democratic Republic of the Congo,COD,1953,0.36905,0,0,0.01,0,NA,1,0,0,0,1,0
Democratic Republic of the Congo,COD,1954,0.36905,0,0,0.01,0,NA,1,0,0,0,1,0
Democratic Republic of the Congo,COD,1955,0.36905,0,0,0.02,0,NA,1,0,0,0,1,0
Democratic Republic of the Congo,COD,1956,0.36905,0,0,0.02,0,NA,1,0,0,0,1,0
Democratic Republic of the Congo,COD,1957,0.36905,0,0,0.024,0,NA,1,0,0,0,1,0
Democratic Republic of the Congo,COD,1958,0.36905,0,0,0.032,0,NA,1,0,0,0,1,0
Democratic Republic of the Congo,COD,1959,0.36905,0,0,0.037,0,NA,1,0,0,0,1,0
Democratic Republic of the Congo,COD,1960,0.2355,0,0,0.226,0,NA,1,0,0,0,1,0
Democratic Republic of the Congo,COD,1961,0.2471,0,0,0.287,0,NA,1,0,0,0,1,0
Democratic Republic of the Congo,COD,1962,0.2609,0,0,0.287,0,NA,1,0,0,0,1,0
Democratic Republic of the Congo,COD,1963,0.2609,0,0,0.287,0,NA,1,0,0,0,1,0
Democratic Republic of the Congo,COD,1964,0.2601,0,0,0.287,0,NA,1,0,0,0,1,0
Democratic Republic of the Congo,COD,1965,0.2207,0,0,0.206,0,NA,1,0,0,0,1,0
Democratic Republic of the Congo,COD,1966,0.209575,0,0,0.095,0,NA,1,0,0,0,1,0
Democratic Republic of the Congo,COD,1967,0.195475,0,0,0.106,0,NA,1,0,0,0,1,0
Democratic Republic of the Congo,COD,1968,0.190275,0,0,0.104,0,NA,1,0,0,0,1,0
Democratic Republic of the Congo,COD,1969,0.190275,0,0,0.104,0,NA,1,0,0,0,1,0
Democratic Republic of the Congo,COD,1970,0.193825,0,0,0.102,0,NA,1,0,0,0,1,0
Democratic Republic of the Congo,COD,1971,0.189825,0,0,0.148,0,NA,1,0,0,0,1,0
Democratic Republic of the Congo,COD,1972,0.189425,0,0,0.148,0,NA,1,0,0,0,1,0
Democratic Republic of the Congo,COD,1973,0.189425,0,0,0.148,0,NA,1,0,0,0,1,0
Democratic Republic of the Congo,COD,1974,0.168225,0,0,0.148,0,NA,1,0,0,0,1,0
Democratic Republic of the Congo,COD,1975,0.167225,0,0,0.148,0,NA,1,0,0,0,1,0
Democratic Republic of the Congo,COD,1976,0.167225,0,0,0.147,0,NA,1,0,0,0,1,0
Democratic Republic of the Congo,COD,1977,0.1452,0,0,0.147,0,NA,1,0,0,0,1,0
Democratic Republic of the Congo,COD,1978,0.1452,0,0,0.148,0,NA,1,0,0,0,1,0
Democratic Republic of the Congo,COD,1979,0.1452,0,0,0.148,0,NA,1,0,0,0,1,0
Democratic Republic of the Congo,COD,1980,0.123075,0,0,0.15,0,NA,1,0,0,0,1,0
Democratic Republic of the Congo,COD,1981,0.123075,0,0,0.15,0,NA,1,0,0,0,1,0
Democratic Republic of the Congo,COD,1982,0.123075,0,0,0.15,0,NA,1,0,0,0,1,0
Democratic Republic of the Congo,COD,1983,0.123075,0,0,0.15,0,NA,1,0,0,0,1,0
Democratic Republic of the Congo,COD,1984,0.123075,0,0,0.15,0,NA,1,0,0,0,1,0
Democratic Republic of the Congo,COD,1985,0.123075,0,0,0.15,0,NA,1,0,0,0,1,0
Democratic Republic of the Congo,COD,1986,0.123075,0,0,0.15,0,NA,1,0,0,0,1,0
Democratic Republic of the Congo,COD,1987,0.123075,0,0,0.151,0,NA,1,0,0,0,1,0
Democratic Republic of the Congo,COD,1988,0.123075,0,0,0.152,0,NA,1,0,0,0,1,0
Democratic Republic of the Congo,COD,1989,0.123075,0,0,0.152,0,NA,1,0,0,0,1,0
Democratic Republic of the Congo,COD,1990,0.127475,0,0,0.179,0,NA,1,0,0,0,1,0
Democratic Republic of the Congo,COD,1991,0.127475,0,0,0.201,0,NA,1,0,0,0,1,0
Democratic Republic of the Congo,COD,1992,0.127475,0,0,0.203,0,NA,1,0,0,0,1,0
Democratic Republic of the Congo,COD,1993,0.127475,0,0,0.173,0,NA,1,0,0,0,1,0
Democratic Republic of the Congo,COD,1994,0.127475,0,0,0.176,0,NA,1,0,0,0,1,0
Democratic Republic of the Congo,COD,1995,0.127475,0,0,0.176,0,NA,1,0,0,0,1,0
Democratic Republic of the Congo,COD,1996,0.118625,0,0,0.176,0,NA,1,0,0,0,1,0
Democratic Republic of the Congo,COD,1997,0.1031,0,0,0.128,0,NA,1,0,0,0,1,0
Democratic Republic of the Congo,COD,1998,0.117475,0,0,0.148,0,NA,1,0,0,0,1,0
Democratic Republic of the Congo,COD,1999,0.15185,0,0,0.15,0,NA,1,0,0,0,1,0
Democratic Republic of the Congo,COD,2000,0.17705,0,0,0.151,0,NA,1,0,0,0,1,0
Democratic Republic of the Congo,COD,2001,0.17705,0,0,0.159,0,NA,1,0,0,0,1,0
Democratic Republic of the Congo,COD,2002,0.17705,0,0,0.165,0,NA,1,0,0,0,1,0
Democratic Republic of the Congo,COD,2003,0.17825,0,0,0.183,0,NA,1,0,0,0,1,0
Democratic Republic of the Congo,COD,2004,0.1763,0,0,0.188,0,NA,1,0,0,0,1,0
Democratic Republic of the Congo,COD,2005,0.1763,0,0,0.199,0,NA,1,0,0,0,1,0
Democratic Republic of the Congo,COD,2006,0.1817,0,0,0.256,0,NA,1,0,0,0,1,0
Democratic Republic of the Congo,COD,2007,0.185375,0,0,0.365,0,NA,1,0,0,0,1,0
Democratic Republic of the Congo,COD,2008,0.185375,0,0,0.367,0,NA,1,0,0,0,1,0
Democratic Republic of the Congo,COD,2009,0.1901,0,0,0.369,0,NA,1,0,0,0,1,0
Democratic Republic of the Congo,COD,2010,0.196425,0,0,0.361,0,NA,1,0,0,0,1,0
Democratic Republic of the Congo,COD,2011,0.196425,0,0,0.353,0,NA,1,0,0,0,1,0
Democratic Republic of the Congo,COD,2012,0.196625,0,0,0.328,0,NA,1,0,0,0,1,0
Democratic Republic of the Congo,COD,2013,0.188225,0,0,0.32,0,NA,1,0,0,0,1,0
Democratic Republic of the Congo,COD,2014,0.188225,0,0,0.327,0,NA,1,0,0,0,1,0
Democratic Republic of the Congo,COD,2015,0.186025,0,0,0.32,0,NA,1,0,0,0,1,0
Democratic Republic of the Congo,COD,2016,0.186025,0,0,0.312,0,NA,1,0,0,0,1,0
Democratic Republic of the Congo,COD,2017,0.177975,0,0,0.312,0,NA,1,0,0,0,1,0
Democratic Republic of the Congo,COD,2018,0.20055,0,0,0.315,0,NA,1,0,0,0,1,0
Democratic Republic of the Congo,COD,2019,0.235675,0,0,0.346,0,NA,1,0,0,0,1,0
Democratic Republic of the Congo,COD,2020,0.260475,0,0,0.353,0,NA,1,0,0,0,1,0
Democratic Republic of the Congo,COD,2021,0.238875,0,0,0.346,0,NA,1,0,0,0,1,0
Democratic Republic of the Congo,COD,2022,0.2374,0,0,0.345,0,NA,1,0,0,0,1,0
Democratic Republic of the Congo,COD,2023,0.259075,0,0,0.336,0,NA,1,0,0,0,1,0
Democratic Republic of the Congo,COD,2024,0.2685,0,0,0.327,0,NA,1,0,0,0,1,0
Republic of the Congo,COG,1940,0.317525,0,0,0.026,0,NA,1,0,0,0,1,0
Republic of the Congo,COG,1941,0.317525,0,0,0.026,0,NA,1,0,0,0,1,0
Republic of the Congo,COG,1942,0.317525,0,0,0.026,0,NA,1,0,0,0,1,0
Republic of the Congo,COG,1943,0.317525,0,0,0.026,0,NA,1,0,0,0,1,0
Republic of the Congo,COG,1944,0.317525,0,0,0.026,0,NA,1,0,0,0,1,0
Republic of the Congo,COG,1945,0.305925,0,0,0.034,0,NA,1,0,0,0,1,0
Republic of the Congo,COG,1946,0.289525,0,0,0.042,0,NA,1,0,0,0,1,0
Republic of the Congo,COG,1947,0.289525,0,0,0.099,0,NA,1,0,0,0,1,0
Republic of the Congo,COG,1948,0.289525,0,0,0.099,0,NA,1,0,0,0,1,0
Republic of the Congo,COG,1949,0.289525,0,0,0.099,0,NA,1,0,0,0,1,0
Republic of the Congo,COG,1950,0.289525,0,0,0.099,0,NA,1,0,0,0,1,0
Republic of the Congo,COG,1951,0.289525,0,0,0.106,0,NA,1,0,0,0,1,0
Republic of the Congo,COG,1952,0.289525,0,0,0.106,0,NA,1,0,0,0,1,0
Republic of the Congo,COG,1953,0.289525,0,0,0.106,0,NA,1,0,0,0,1,0
Republic of the Congo,COG,1954,0.289525,0,0,0.106,0,NA,1,0,0,0,1,0
Republic of the Congo,COG,1955,0.289525,0,0,0.106,0,NA,1,0,0,0,1,0
Republic of the Congo,COG,1956,0.288925,0,0,0.11,0,NA,1,0,0,0,1,0
Republic of the Congo,COG,1957,0.290925,0,0,0.178,0,NA,1,0,0,0,1,0
Republic of the Congo,COG,1958,0.291325,0,0,0.189,0,NA,1,0,0,0,1,0
Republic of the Congo,COG,1959,0.291325,0,0,0.182,0,NA,1,0,0,0,1,0
Republic of the Congo,COG,1960,0.454825,0,0,0.249,0,NA,1,0,0,0,1,0
Republic of the Congo,COG,1961,0.455425,0,0,0.302,0,NA,1,0,0,0,1,0
Republic of the Congo,COG,1962,0.455225,0,0,0.291,0,NA,1,0,0,0,1,0
Republic of the Congo,COG,1963,0.435225,0,0,0.229,0,NA,1,0,0,0,1,0
Republic of the Congo,COG,1964,0.423625,0,0,0.132,0,NA,1,0,0,0,1,0
Republic of the Congo,COG,1965,0.423625,0,0,0.132,0,NA,1,0,0,0,1,0
Republic of the Congo,COG,1966,0.423625,0,0,0.132,0,NA,1,0,0,0,1,0
Republic of the Congo,COG,1967,0.423625,0,0,0.132,0,NA,1,0,0,0,1,0
Republic of the Congo,COG,1968,0.238325,0,0,0.088,0,NA,1,0,0,0,1,0
Republic of the Congo,COG,1969,0.237525,0,0,0.088,0,NA,1,0,0,0,1,0
Republic of the Congo,COG,1970,0.237525,0,0,0.087,0,NA,1,0,0,0,1,0
Republic of the Congo,COG,1971,0.237525,0,0,0.087,0,NA,1,0,0,0,1,0
Republic of the Congo,COG,1972,0.237525,0,0,0.087,0,NA,1,0,0,0,1,0
Republic of the Congo,COG,1973,0.237525,0,0,0.1,0,NA,1,0,0,0,1,0
Republic of the Congo,COG,1974,0.237525,0,0,0.111,0,NA,1,0,0,0,1,0
Republic of the Congo,COG,1975,0.237325,0,0,0.112,0,NA,1,0,0,0,1,0
Republic of the Congo,COG,1976,0.237325,0,0,0.114,0,NA,1,0,0,0,1,0
Republic of the Congo,COG,1977,0.237325,0,0,0.09,0,NA,1,0,0,0,1,0
Republic of the Congo,COG,1978,0.2072,0,0,0.089,0,NA,1,0,0,0,1,0
Republic of the Congo,COG,1979,0.201,0,0,0.1,0,NA,1,0,0,0,1,0
Republic of the Congo,COG,1980,0.201,0,0,0.114,0,NA,1,0,0,0,1,0
Republic of the Congo,COG,1981,0.201,0,0,0.114,0,NA,1,0,0,0,1,0
Republic of the Congo,COG,1982,0.2018,0,0,0.114,0,NA,1,0,0,0,1,0
Republic of the Congo,COG,1983,0.2018,0,0,0.114,0,NA,1,0,0,0,1,0
Republic of the Congo,COG,1984,0.2018,0,0,0.114,0,NA,1,0,0,0,1,0
Republic of the Congo,COG,1985,0.2018,0,0,0.113,0,NA,1,0,0,0,1,0
Republic of the Congo,COG,1986,0.2018,0,0,0.112,0,NA,1,0,0,0,1,0
Republic of the Congo,COG,1987,0.2018,0,0,0.113,0,NA,1,0,0,0,1,0
Republic of the Congo,COG,1988,0.2018,0,0,0.113,0,NA,1,0,0,0,1,0
Republic of the Congo,COG,1989,0.2018,0,0,0.113,0,NA,1,0,0,0,1,0
Republic of the Congo,COG,1990,0.217425,0,0,0.156,0,NA,1,0,0,0,1,0
Republic of the Congo,COG,1991,0.47415,0,0,0.253,0,NA,1,0,0,0,1,0
Republic of the Congo,COG,1992,0.48655,0,0,0.335,0,NA,1,0,0,0,1,0
Republic of the Congo,COG,1993,0.50335,0,0,0.462,0,NA,1,0,0,0,1,0
Republic of the Congo,COG,1994,0.50335,0,0,0.449,0,NA,1,0,0,0,1,0
Republic of the Congo,COG,1995,0.50335,0,0,0.449,0,NA,1,0,0,0,1,0
Republic of the Congo,COG,1996,0.50335,0,0,0.449,0,NA,1,0,0,0,1,0
Republic of the Congo,COG,1997,0.288525,0,0,0.246,0,NA,1,0,0,0,1,0
Republic of the Congo,COG,1998,0.2967,0,0,0.164,0,NA,1,0,0,0,1,0
Republic of the Congo,COG,1999,0.2989,0,0,0.164,0,NA,1,0,0,0,1,0
Republic of the Congo,COG,2000,0.2989,0,0,0.161,0,NA,1,0,0,0,1,0
Republic of the Congo,COG,2001,0.2989,0,0,0.16,0,NA,1,0,0,0,1,0
Republic of the Congo,COG,2002,0.2989,0,0,0.208,0,NA,1,0,0,0,1,0
Republic of the Congo,COG,2003,0.2989,0,0,0.257,0,NA,1,0,0,0,1,0
Republic of the Congo,COG,2004,0.2989,0,0,0.257,0,NA,1,0,0,0,1,0
Republic of the Congo,COG,2005,0.2989,0,0,0.257,0,NA,1,0,0,0,1,0
Republic of the Congo,COG,2006,0.2989,0,0,0.257,0,NA,1,0,0,0,1,0
Republic of the Congo,COG,2007,0.2989,0,0,0.255,0,NA,1,0,0,0,1,0
Republic of the Congo,COG,2008,0.2989,0,0,0.254,0,NA,1,0,0,0,1,0
Republic of the Congo,COG,2009,0.2981,0,0,0.256,0,NA,1,0,0,0,1,0
Republic of the Congo,COG,2010,0.2979,0,0,0.256,0,NA,1,0,0,0,1,0
Republic of the Congo,COG,2011,0.2979,0,0,0.256,0,NA,1,0,0,0,1,0
Republic of the Congo,COG,2012,0.2979,0,0,0.255,0,NA,1,0,0,0,1,0
Republic of the Congo,COG,2013,0.29115,0,0,0.251,0,NA,1,0,0,0,1,0
Republic of the Congo,COG,2014,0.29115,0,0,0.251,0,NA,1,0,0,0,1,0
Republic of the Congo,COG,2015,0.29115,0,0,0.251,0,NA,1,0,0,0,1,0
Republic of the Congo,COG,2016,0.29115,0,0,0.25,0,NA,1,0,0,0,1,0
Republic of the Congo,COG,2017,0.2941,0,0,0.252,0,NA,1,0,0,0,1,0
Republic of the Congo,COG,2018,0.32135,0,0,0.26,0,NA,1,0,0,0,1,0
Republic of the Congo,COG,2019,0.295325,0,0,0.25,0,NA,1,0,0,0,1,0
Republic of the Congo,COG,2020,0.354,0,0,0.255,0,NA,1,0,0,0,1,0
Republic of the Congo,COG,2021,0.3506,0,0,0.255,0,NA,1,0,0,0,1,0
Republic of the Congo,COG,2022,0.35,0,0,0.243,0,NA,1,0,0,0,1,0
Republic of the Congo,COG,2023,0.3548,0,0,0.253,0,NA,1,0,0,0,1,0
Republic of the Congo,COG,2024,0.3422,0,0,0.254,0,NA,1,0,0,0,1,0
Djibouti,DJI,1940,0.213775,0,0,0.02,0,NA,1,0,0,0,1,0
Djibouti,DJI,1941,0.213775,0,0,0.02,0,NA,1,0,0,0,1,0
Djibouti,DJI,1942,0.213775,0,0,0.02,0,NA,1,0,0,0,1,0
Djibouti,DJI,1943,0.213775,0,0,0.02,0,NA,1,0,0,0,1,0
Djibouti,DJI,1944,0.213775,0,0,0.02,0,NA,1,0,0,0,1,0
Djibouti,DJI,1945,0.213775,0,0,0.02,0,NA,1,0,0,0,1,0
Djibouti,DJI,1946,0.213775,0,0,0.042,0,NA,1,0,0,0,1,0
Djibouti,DJI,1947,0.213775,0,0,0.044,0,NA,1,0,0,0,1,0
Djibouti,DJI,1948,0.213775,0,0,0.044,0,NA,1,0,0,0,1,0
Djibouti,DJI,1949,0.213775,0,0,0.044,0,NA,1,0,0,0,1,0
Djibouti,DJI,1950,0.213775,0,0,0.048,0,NA,1,0,0,0,1,0
Djibouti,DJI,1951,0.213775,0,0,0.048,0,NA,1,0,0,0,1,0
Djibouti,DJI,1952,0.213775,0,0,0.054,0,NA,1,0,0,0,1,0
Djibouti,DJI,1953,0.213775,0,0,0.054,0,NA,1,0,0,0,1,0
Djibouti,DJI,1954,0.213775,0,0,0.054,0,NA,1,0,0,0,1,0
Djibouti,DJI,1955,0.213775,0,0,0.054,0,NA,1,0,0,0,1,0
Djibouti,DJI,1956,0.213775,0,0,0.054,0,NA,1,0,0,0,1,0
Djibouti,DJI,1957,0.213775,0,0,0.102,0,NA,1,0,0,0,1,0
Djibouti,DJI,1958,0.207975,0,0,0.102,0,NA,1,0,0,0,1,0
Djibouti,DJI,1959,0.207975,0,0,0.102,0,NA,1,0,0,0,1,0
Djibouti,DJI,1960,0.207975,0,0,0.103,0,NA,1,0,0,0,1,0
Djibouti,DJI,1961,0.207975,0,0,0.103,0,NA,1,0,0,0,1,0
Djibouti,DJI,1962,0.207975,0,0,0.103,0,NA,1,0,0,0,1,0
Djibouti,DJI,1963,0.207975,0,0,0.103,0,NA,1,0,0,0,1,0
Djibouti,DJI,1964,0.207975,0,0,0.105,0,NA,1,0,0,0,1,0
Djibouti,DJI,1965,0.207975,0,0,0.105,0,NA,1,0,0,0,1,0
Djibouti,DJI,1966,0.207975,0,0,0.105,0,NA,1,0,0,0,1,0
Djibouti,DJI,1967,0.207975,0,0,0.103,0,NA,1,0,0,0,1,0
Djibouti,DJI,1968,0.212425,0,0,0.106,0,NA,1,0,0,0,1,0
Djibouti,DJI,1969,0.212425,0,0,0.106,0,NA,1,0,0,0,1,0
Djibouti,DJI,1970,0.216825,0,0,0.103,0,NA,1,0,0,0,1,0
Djibouti,DJI,1971,0.15735,0,0,0.102,0,NA,1,0,0,0,1,0
Djibouti,DJI,1972,0.15735,0,0,0.1,0,NA,1,0,0,0,1,0
Djibouti,DJI,1973,0.15675,0,0,0.1,0,NA,1,0,0,0,1,0
Djibouti,DJI,1974,0.15255,0,0,0.099,0,NA,1,0,0,0,1,0
Djibouti,DJI,1975,0.15255,0,0,0.099,0,NA,1,0,0,0,1,0
Djibouti,DJI,1976,0.15255,0,0,0.099,0,NA,1,0,0,0,1,0
Djibouti,DJI,1977,0.247775,0,0,0.132,0,NA,1,0,0,0,1,0
Djibouti,DJI,1978,0.34195,0,0,0.181,0,NA,1,0,0,0,1,0
Djibouti,DJI,1979,0.34195,0,0,0.181,0,NA,1,0,0,0,1,0
Djibouti,DJI,1980,0.34195,0,0,0.18,0,NA,1,0,0,0,1,0
Djibouti,DJI,1981,0.34195,0,0,0.181,0,NA,1,0,0,0,1,0
Djibouti,DJI,1982,0.34195,0,0,0.179,0,NA,1,0,0,0,1,0
Djibouti,DJI,1983,0.34195,0,0,0.179,0,NA,1,0,0,0,1,0
Djibouti,DJI,1984,0.34195,0,0,0.179,0,NA,1,0,0,0,1,0
Djibouti,DJI,1985,0.34195,0,0,0.179,0,NA,1,0,0,0,1,0
Djibouti,DJI,1986,0.34195,0,0,0.179,0,NA,1,0,0,0,1,0
Djibouti,DJI,1987,0.34195,0,0,0.18,0,NA,1,0,0,0,1,0
Djibouti,DJI,1988,0.34195,0,0,0.18,0,NA,1,0,0,0,1,0
Djibouti,DJI,1989,0.34195,0,0,0.18,0,NA,1,0,0,0,1,0
Djibouti,DJI,1990,0.351675,0,0,0.178,0,NA,1,0,0,0,1,0
Djibouti,DJI,1991,0.3357,0,0,0.176,0,NA,1,0,0,0,1,0
Djibouti,DJI,1992,0.4219,0,0,0.227,0,NA,1,0,0,0,1,0
Djibouti,DJI,1993,0.4311,0,0,0.239,0,NA,1,0,0,0,1,0
Djibouti,DJI,1994,0.4311,0,0,0.239,0,NA,1,0,0,0,1,0
Djibouti,DJI,1995,0.4311,0,0,0.239,0,NA,1,0,0,0,1,0
Djibouti,DJI,1996,0.4311,0,0,0.239,0,NA,1,0,0,0,1,0
Djibouti,DJI,1997,0.4311,0,0,0.24,0,NA,1,0,0,0,1,0
Djibouti,DJI,1998,0.4345,0,0,0.247,0,NA,1,0,0,0,1,0
Djibouti,DJI,1999,0.4345,0,0,0.245,0,NA,1,0,0,0,1,0
Djibouti,DJI,2000,0.4489,0,0,0.254,0,NA,1,0,0,0,1,0
Djibouti,DJI,2001,0.4489,0,0,0.255,0,NA,1,0,0,0,1,0
Djibouti,DJI,2002,0.4458,0,0,0.266,0,NA,1,0,0,0,1,0
Djibouti,DJI,2003,0.450975,0,0,0.262,0,NA,1,0,0,0,1,0
Djibouti,DJI,2004,0.450975,0,0,0.265,0,NA,1,0,0,0,1,0
Djibouti,DJI,2005,0.450975,0,0,0.25,0,NA,1,0,0,0,1,0
Djibouti,DJI,2006,0.450975,0,0,0.244,0,NA,1,0,0,0,1,0
Djibouti,DJI,2007,0.450975,0,0,0.244,0,NA,1,0,0,0,1,0
Djibouti,DJI,2008,0.450975,0,0,0.242,0,NA,1,0,0,0,1,0
Djibouti,DJI,2009,0.450975,0,0,0.241,0,NA,1,0,0,0,1,0
Djibouti,DJI,2010,0.450975,0,0,0.241,0,NA,1,0,0,0,1,0
Djibouti,DJI,2011,0.450975,0,0,0.245,0,NA,1,0,0,0,1,0
Djibouti,DJI,2012,0.450975,0,0,0.246,0,NA,1,0,0,0,1,0
Djibouti,DJI,2013,0.450975,0,0,0.243,0,NA,1,0,0,0,1,0
Djibouti,DJI,2014,0.450975,0,0,0.243,0,NA,1,0,0,0,1,0
Djibouti,DJI,2015,0.450975,0,0,0.243,0,NA,1,0,0,0,1,0
Djibouti,DJI,2016,0.450975,0,0,0.243,0,NA,1,0,0,0,1,0
Djibouti,DJI,2017,0.450975,0,0,0.247,0,NA,1,0,0,0,1,0
Djibouti,DJI,2018,0.448175,0,0,0.254,0,NA,1,0,0,0,1,0
Djibouti,DJI,2019,0.457175,0,0,0.252,0,NA,1,0,0,0,1,0
Djibouti,DJI,2020,0.457175,0,0,0.25,0,NA,1,0,0,0,1,0
Djibouti,DJI,2021,0.453375,0,0,0.251,0,NA,1,0,0,0,1,0
Djibouti,DJI,2022,0.453375,0,0,0.253,0,NA,1,0,0,0,1,0
Djibouti,DJI,2023,0.453375,0,0,0.25,0,NA,1,0,0,0,1,0
Djibouti,DJI,2024,0.453375,0,0,0.25,0,NA,1,0,0,0,1,0
Dominican Republic,DOM,1940,0.2093,0,0,0.119,NA,NA,1,0,1,0,0,0
Dominican Republic,DOM,1941,0.2093,0,0,0.119,NA,NA,1,0,1,0,0,0
Dominican Republic,DOM,1942,0.2093,0,0,0.119,NA,NA,1,0,1,0,0,0
Dominican Republic,DOM,1943,0.2111,0,0,0.151,NA,NA,1,0,1,0,0,0
Dominican Republic,DOM,1944,0.2091,0,0,0.151,NA,NA,1,0,1,0,0,0
Dominican Republic,DOM,1945,0.2091,0,0,0.151,NA,NA,1,0,1,0,0,0
Dominican Republic,DOM,1946,0.2091,0,0,0.151,NA,NA,1,0,1,0,0,0
Dominican Republic,DOM,1947,0.2091,0,0,0.15,NA,NA,1,0,1,0,0,0
Dominican Republic,DOM,1948,0.2091,0,0,0.15,NA,NA,1,0,1,0,0,0
Dominican Republic,DOM,1949,0.2091,0,0,0.15,NA,NA,1,0,1,0,0,0
Dominican Republic,DOM,1950,0.2091,0,0,0.15,NA,NA,1,0,1,0,0,0
Dominican Republic,DOM,1951,0.2091,0,0,0.149,NA,NA,1,0,1,0,0,0
Dominican Republic,DOM,1952,0.2091,0,0,0.15,NA,NA,1,0,1,0,0,0
Dominican Republic,DOM,1953,0.2091,0,0,0.15,NA,NA,1,0,1,0,0,0
Dominican Republic,DOM,1954,0.2091,0,0,0.15,NA,NA,1,0,1,0,0,0
Dominican Republic,DOM,1955,0.2091,0,0,0.15,NA,NA,1,0,1,0,0,0
Dominican Republic,DOM,1956,0.2091,0,0,0.151,NA,NA,1,0,1,0,0,0
Dominican Republic,DOM,1957,0.2091,0,0,0.15,NA,NA,1,0,1,0,0,0
Dominican Republic,DOM,1958,0.2091,0,0,0.15,NA,NA,1,0,1,0,0,0
Dominican Republic,DOM,1959,0.2091,0,0,0.152,NA,NA,1,0,1,0,0,0
Dominican Republic,DOM,1960,0.2099,0,0,0.147,NA,NA,1,0,1,0,0,0
Dominican Republic,DOM,1961,0.2099,0,0,0.16,NA,NA,1,0,1,0,0,0
Dominican Republic,DOM,1962,0.272725,0,0,0.171,NA,NA,1,0,1,0,0,0
Dominican Republic,DOM,1963,0.5526,0,0,0.363,NA,NA,1,0,1,0,0,0
Dominican Republic,DOM,1964,0.297325,0,0,0.156,NA,NA,1,0,1,0,0,0
Dominican Republic,DOM,1965,0.297325,0,0,0.148,NA,NA,1,0,1,0,0,0
Dominican Republic,DOM,1966,0.265175,0,0,0.194,NA,NA,1,0,1,0,0,0
Dominican Republic,DOM,1967,0.2793,0,0,0.264,NA,NA,1,0,1,0,0,0
Dominican Republic,DOM,1968,0.2793,0,0,0.264,NA,NA,1,0,1,0,0,0
Dominican Republic,DOM,1969,0.2793,0,0,0.264,NA,NA,1,0,1,0,0,0
Dominican Republic,DOM,1970,0.2781,0,0,0.265,NA,NA,1,0,1,0,0,0
Dominican Republic,DOM,1971,0.2781,0,0,0.267,NA,NA,1,0,1,0,0,0
Dominican Republic,DOM,1972,0.2781,0,0,0.267,NA,NA,1,0,1,0,0,0
Dominican Republic,DOM,1973,0.2797,0,0,0.267,NA,NA,1,0,1,0,0,0
Dominican Republic,DOM,1974,0.2783,0,0,0.267,NA,NA,1,0,1,0,0,0
Dominican Republic,DOM,1975,0.2783,0,0,0.272,NA,NA,1,0,1,0,0,0
Dominican Republic,DOM,1976,0.2783,0,0,0.272,NA,NA,1,0,1,0,0,0
Dominican Republic,DOM,1977,0.2795,0,0,0.272,NA,NA,1,0,1,0,0,0
Dominican Republic,DOM,1978,0.2917,0,0,0.358,NA,NA,1,0,1,0,0,0
Dominican Republic,DOM,1979,0.4677,0,0,0.467,NA,NA,1,0,1,0,0,0
Dominican Republic,DOM,1980,0.4693,0,0,0.464,NA,NA,1,0,1,0,0,0
Dominican Republic,DOM,1981,0.4693,0,0,0.464,NA,NA,1,0,1,0,0,0
Dominican Republic,DOM,1982,0.4693,1,NA,0.502,NA,NA,1,0,1,0,0,0
Dominican Republic,DOM,1983,0.4631,0,NA,0.524,NA,NA,1,0,1,0,0,0
Dominican Republic,DOM,1984,0.4631,0,NA,0.522,NA,NA,1,0,1,0,0,0
Dominican Republic,DOM,1985,0.4631,0,NA,0.522,NA,NA,1,0,1,0,0,0
Dominican Republic,DOM,1986,0.4605,0,NA,0.518,NA,NA,1,0,1,0,0,0
Dominican Republic,DOM,1987,0.432375,0,NA,0.508,NA,NA,1,0,1,0,0,0
Dominican Republic,DOM,1988,0.418025,0,NA,0.505,NA,NA,1,0,1,0,0,0
Dominican Republic,DOM,1989,0.418025,0,NA,0.505,NA,NA,1,0,1,0,0,0
Dominican Republic,DOM,1990,0.418025,0,0,0.453,NA,NA,1,0,1,0,0,0
Dominican Republic,DOM,1991,0.418025,0,0,0.424,NA,NA,1,0,1,0,0,0
Dominican Republic,DOM,1992,0.418025,0,0,0.424,NA,NA,1,0,1,0,0,0
Dominican Republic,DOM,1993,0.3946,0,0,0.424,NA,NA,1,0,1,0,0,0
Dominican Republic,DOM,1994,0.3926,0,0,0.424,NA,NA,1,0,1,0,0,0
Dominican Republic,DOM,1995,0.3926,0,0,0.441,NA,NA,1,0,1,0,0,0
Dominican Republic,DOM,1996,0.43335,1,NA,0.538,NA,NA,1,0,1,0,0,0
Dominican Republic,DOM,1997,0.487575,0,NA,0.614,NA,NA,1,0,1,0,0,0
Dominican Republic,DOM,1998,0.490975,0,NA,0.634,NA,NA,1,0,1,0,0,0
Dominican Republic,DOM,1999,0.490975,0,NA,0.641,NA,NA,1,0,1,0,0,0
Dominican Republic,DOM,2000,0.490175,0,NA,0.657,NA,NA,1,0,1,0,0,0
Dominican Republic,DOM,2001,0.490175,0,NA,0.664,NA,NA,1,0,1,0,0,0
Dominican Republic,DOM,2002,0.469975,0,NA,0.66,NA,NA,1,0,1,0,0,0
Dominican Republic,DOM,2003,0.4497,0,NA,0.658,NA,NA,1,0,1,0,0,0
Dominican Republic,DOM,2004,0.4507,0,NA,0.644,NA,NA,1,0,1,0,0,0
Dominican Republic,DOM,2005,0.4507,0,NA,0.636,NA,NA,1,0,1,0,0,0
Dominican Republic,DOM,2006,0.4507,0,NA,0.637,NA,NA,1,0,1,0,0,0
Dominican Republic,DOM,2007,0.4509,0,NA,0.635,NA,NA,1,0,1,0,0,0
Dominican Republic,DOM,2008,0.4509,0,NA,0.632,NA,NA,1,0,1,0,0,0
Dominican Republic,DOM,2009,0.4509,0,NA,0.631,NA,NA,1,0,1,0,0,0
Dominican Republic,DOM,2010,0.4499,0,NA,0.614,NA,NA,1,0,1,0,0,0
Dominican Republic,DOM,2011,0.4503,0,NA,0.606,NA,NA,1,0,1,0,0,0
Dominican Republic,DOM,2012,0.454,0,NA,0.601,NA,NA,1,0,1,0,0,0
Dominican Republic,DOM,2013,0.448325,0,NA,0.598,NA,NA,1,0,1,0,0,0
Dominican Republic,DOM,2014,0.447925,0,NA,0.598,NA,NA,1,0,1,0,0,0
Dominican Republic,DOM,2015,0.459325,0,NA,0.576,NA,NA,1,0,1,0,0,0
Dominican Republic,DOM,2016,0.443325,0,NA,0.553,NA,NA,1,0,1,0,0,0
Dominican Republic,DOM,2017,0.432025,0,NA,0.541,NA,NA,1,0,1,0,0,0
Dominican Republic,DOM,2018,0.40265,0,NA,0.547,NA,NA,1,0,1,0,0,0
Dominican Republic,DOM,2019,0.37485,0,NA,0.541,NA,NA,1,0,1,0,0,0
Dominican Republic,DOM,2020,0.539425,0,NA,0.643,NA,NA,1,0,1,0,0,0
Dominican Republic,DOM,2021,0.523425,0,NA,0.687,NA,NA,1,0,1,0,0,0
Dominican Republic,DOM,2022,0.489425,0,NA,0.683,NA,NA,1,0,1,0,0,0
Dominican Republic,DOM,2023,0.481375,0,NA,0.683,NA,NA,1,0,1,0,0,0
Dominican Republic,DOM,2024,0.474575,0,NA,0.705,NA,NA,1,0,1,0,0,0
Eritrea,ERI,1940,0.485575,0,0,0.029,0,NA,1,0,0,0,1,0
Eritrea,ERI,1941,0.4904,0,0,0.037,0,NA,1,0,0,0,1,0
Eritrea,ERI,1942,0.55865,0,0,0.131,0,NA,1,0,0,0,1,0
Eritrea,ERI,1943,0.55865,0,0,0.131,0,NA,1,0,0,0,1,0
Eritrea,ERI,1944,0.55865,0,0,0.131,0,NA,1,0,0,0,1,0
Eritrea,ERI,1945,0.55865,0,0,0.131,0,NA,1,0,0,0,1,0
Eritrea,ERI,1946,0.55865,0,0,0.131,0,NA,1,0,0,0,1,0
Eritrea,ERI,1947,0.55865,0,0,0.131,0,NA,1,0,0,0,1,0
Eritrea,ERI,1948,0.55865,0,0,0.131,0,NA,1,0,0,0,1,0
Eritrea,ERI,1949,0.55865,0,0,0.131,0,NA,1,0,0,0,1,0
Eritrea,ERI,1950,0.55355,0,0,0.119,0,NA,1,0,0,0,1,0
Eritrea,ERI,1951,0.55455,0,0,0.119,0,NA,1,0,0,0,1,0
Eritrea,ERI,1952,0.3991,0,0,0.125,0,NA,1,0,0,0,1,0
Eritrea,ERI,1953,0.3195,0,0,0.076,0,NA,1,0,0,0,1,0
Eritrea,ERI,1954,0.3195,0,0,0.077,0,NA,1,0,0,0,1,0
Eritrea,ERI,1955,0.3195,0,0,0.077,0,NA,1,0,0,0,1,0
Eritrea,ERI,1956,0.3195,0,0,0.136,0,NA,1,0,0,0,1,0
Eritrea,ERI,1957,0.3195,0,0,0.125,0,NA,1,0,0,0,1,0
Eritrea,ERI,1958,0.3195,0,0,0.12,0,NA,1,0,0,0,1,0
Eritrea,ERI,1959,0.3195,0,0,0.12,0,NA,1,0,0,0,1,0
Eritrea,ERI,1960,0.285975,0,0,0.111,0,NA,1,0,0,0,1,0
Eritrea,ERI,1961,0.269925,0,0,0.111,0,NA,1,0,0,0,1,0
Eritrea,ERI,1962,0.265525,0,0,0.105,0,NA,1,0,0,0,1,0
Eritrea,ERI,1963,0.252525,0,0,0.086,0,NA,1,0,0,0,1,0
Eritrea,ERI,1964,0.252525,0,0,0.085,0,NA,1,0,0,0,1,0
Eritrea,ERI,1965,0.252525,0,0,0.087,0,NA,1,0,0,0,1,0
Eritrea,ERI,1966,0.252525,0,0,0.086,0,NA,1,0,0,0,1,0
Eritrea,ERI,1967,0.239725,0,0,0.086,0,NA,1,0,0,0,1,0
Eritrea,ERI,1968,0.239725,0,0,0.085,0,NA,1,0,0,0,1,0
Eritrea,ERI,1969,0.239725,0,0,0.085,0,NA,1,0,0,0,1,0
Eritrea,ERI,1970,0.23605,0,0,0.083,0,NA,1,0,0,0,1,0
Eritrea,ERI,1971,0.23605,0,0,0.083,0,NA,1,0,0,0,1,0
Eritrea,ERI,1972,0.23605,0,0,0.083,0,NA,1,0,0,0,1,0
Eritrea,ERI,1973,0.22665,0,0,0.082,0,NA,1,0,0,0,1,0
Eritrea,ERI,1974,0.196425,0,0,0.076,0,NA,1,0,0,0,1,0
Eritrea,ERI,1975,0.159875,0,0,0.073,0,NA,1,0,0,0,1,0
Eritrea,ERI,1976,0.159875,0,0,0.073,0,NA,1,0,0,0,1,0
Eritrea,ERI,1977,0.159875,0,0,0.073,0,NA,1,0,0,0,1,0
Eritrea,ERI,1978,0.159875,0,0,0.073,0,NA,1,0,0,0,1,0
Eritrea,ERI,1979,0.159875,0,0,0.073,0,NA,1,0,0,0,1,0
Eritrea,ERI,1980,0.151925,0,0,0.073,0,NA,1,0,0,0,1,0
Eritrea,ERI,1981,0.151925,0,0,0.073,0,NA,1,0,0,0,1,0
Eritrea,ERI,1982,0.151925,0,0,0.073,0,NA,1,0,0,0,1,0
Eritrea,ERI,1983,0.151925,0,0,0.073,0,NA,1,0,0,0,1,0
Eritrea,ERI,1984,0.151925,0,0,0.073,0,NA,1,0,0,0,1,0
Eritrea,ERI,1985,0.151925,0,0,0.073,0,NA,1,0,0,0,1,0
Eritrea,ERI,1986,0.151925,0,0,0.073,0,NA,1,0,0,0,1,0
Eritrea,ERI,1987,0.151925,0,0,0.072,0,NA,1,0,0,0,1,0
Eritrea,ERI,1988,0.151925,0,0,0.072,0,NA,1,0,0,0,1,0
Eritrea,ERI,1989,0.151925,0,0,0.072,0,NA,1,0,0,0,1,0
Eritrea,ERI,1990,0.199125,0,0,0.076,0,NA,1,0,0,0,1,0
Eritrea,ERI,1991,0.38835,0,0,0.084,0,NA,1,0,0,0,1,0
Eritrea,ERI,1992,0.39735,0,0,0.096,0,NA,1,0,0,0,1,0
Eritrea,ERI,1993,0.39395,0,0,0.1,0,NA,1,0,0,0,1,0
Eritrea,ERI,1994,0.39395,0,0,0.103,0,NA,1,0,0,0,1,0
Eritrea,ERI,1995,0.39395,0,0,0.103,0,NA,1,0,0,0,1,0
Eritrea,ERI,1996,0.39395,0,0,0.103,0,NA,1,0,0,0,1,0
Eritrea,ERI,1997,0.39395,0,0,0.132,0,NA,1,0,0,0,1,0
Eritrea,ERI,1998,0.366725,0,0,0.122,0,NA,1,0,0,0,1,0
Eritrea,ERI,1999,0.366725,0,0,0.122,0,NA,1,0,0,0,1,0
Eritrea,ERI,2000,0.33055,0,0,0.121,0,NA,1,0,0,0,1,0
Eritrea,ERI,2001,0.2073,0,0,0.103,0,NA,1,0,0,0,1,0
Eritrea,ERI,2002,0.1759,0,0,0.084,0,NA,1,0,0,0,1,0
Eritrea,ERI,2003,0.1759,0,0,0.068,0,NA,1,0,0,0,1,0
Eritrea,ERI,2004,0.1759,0,0,0.068,0,NA,1,0,0,0,1,0
Eritrea,ERI,2005,0.1759,0,0,0.068,0,NA,1,0,0,0,1,0
Eritrea,ERI,2006,0.1759,0,0,0.068,0,NA,1,0,0,0,1,0
Eritrea,ERI,2007,0.1759,0,0,0.067,0,NA,1,0,0,0,1,0
Eritrea,ERI,2008,0.1759,0,0,0.067,0,NA,1,0,0,0,1,0
Eritrea,ERI,2009,0.1759,0,0,0.068,0,NA,1,0,0,0,1,0
Eritrea,ERI,2010,0.1759,0,0,0.068,0,NA,1,0,0,0,1,0
Eritrea,ERI,2011,0.1759,0,0,0.068,0,NA,1,0,0,0,1,0
Eritrea,ERI,2012,0.16235,0,0,0.068,0,NA,1,0,0,0,1,0
Eritrea,ERI,2013,0.16025,0,0,0.07,0,NA,1,0,0,0,1,0
Eritrea,ERI,2014,0.16025,0,0,0.07,0,NA,1,0,0,0,1,0
Eritrea,ERI,2015,0.16025,0,0,0.069,0,NA,1,0,0,0,1,0
Eritrea,ERI,2016,0.142275,0,0,0.069,0,NA,1,0,0,0,1,0
Eritrea,ERI,2017,0.156275,0,0,0.068,0,NA,1,0,0,0,1,0
Eritrea,ERI,2018,0.16945,0,0,0.069,0,NA,1,0,0,0,1,0
Eritrea,ERI,2019,0.1969,0,0,0.07,0,NA,1,0,0,0,1,0
Eritrea,ERI,2020,0.188525,0,0,0.069,0,NA,1,0,0,0,1,0
Eritrea,ERI,2021,0.1989,0,0,0.072,0,NA,1,0,0,0,1,0
Eritrea,ERI,2022,0.219175,0,0,0.072,0,NA,1,0,0,0,1,0
Eritrea,ERI,2023,0.20715,0,0,0.069,0,NA,1,0,0,0,1,0
Eritrea,ERI,2024,0.19315,0,0,0.068,0,NA,1,0,0,0,1,0
Gabon,GAB,1940,0.342525,0,0,0.015,0,NA,1,0,0,0,1,0
Gabon,GAB,1941,0.342525,0,0,0.015,0,NA,1,0,0,0,1,0
Gabon,GAB,1942,0.342525,0,0,0.015,0,NA,1,0,0,0,1,0
Gabon,GAB,1943,0.342525,0,0,0.015,0,NA,1,0,0,0,1,0
Gabon,GAB,1944,0.342525,0,0,0.015,0,NA,1,0,0,0,1,0
Gabon,GAB,1945,0.324325,0,0,0.019,0,NA,1,0,0,0,1,0
Gabon,GAB,1946,0.38815,0,0,0.087,0,NA,1,0,0,0,1,0
Gabon,GAB,1947,0.38815,0,0,0.087,0,NA,1,0,0,0,1,0
Gabon,GAB,1948,0.38815,0,0,0.087,0,NA,1,0,0,0,1,0
Gabon,GAB,1949,0.38815,0,0,0.089,0,NA,1,0,0,0,1,0
Gabon,GAB,1950,0.30735,0,0,0.095,0,NA,1,0,0,0,1,0
Gabon,GAB,1951,0.30735,0,0,0.102,0,NA,1,0,0,0,1,0
Gabon,GAB,1952,0.30735,0,0,0.098,0,NA,1,0,0,0,1,0
Gabon,GAB,1953,0.30735,0,0,0.097,0,NA,1,0,0,0,1,0
Gabon,GAB,1954,0.30735,0,0,0.097,0,NA,1,0,0,0,1,0
Gabon,GAB,1955,0.30735,0,0,0.097,0,NA,1,0,0,0,1,0
Gabon,GAB,1956,0.30735,0,0,0.097,0,NA,1,0,0,0,1,0
Gabon,GAB,1957,0.30735,0,0,0.146,0,NA,1,0,0,0,1,0
Gabon,GAB,1958,0.34845,0,0,0.149,0,NA,1,0,0,0,1,0
Gabon,GAB,1959,0.34845,0,0,0.149,0,NA,1,0,0,0,1,0
Gabon,GAB,1960,0.379,0,0,0.179,0,NA,1,0,0,0,1,0
Gabon,GAB,1961,0.373,0,0,0.211,0,NA,1,0,0,0,1,0
Gabon,GAB,1962,0.373,0,0,0.211,0,NA,1,0,0,0,1,0
Gabon,GAB,1963,0.373,0,0,0.211,0,NA,1,0,0,0,1,0
Gabon,GAB,1964,0.373,0,0,0.138,0,NA,1,0,0,0,1,0
Gabon,GAB,1965,0.373,0,0,0.135,0,NA,1,0,0,0,1,0
Gabon,GAB,1966,0.373,0,0,0.129,0,NA,1,0,0,0,1,0
Gabon,GAB,1967,0.360075,0,0,0.133,0,NA,1,0,0,0,1,0
Gabon,GAB,1968,0.360875,0,0,0.174,0,NA,1,0,0,0,1,0
Gabon,GAB,1969,0.360875,0,0,0.174,0,NA,1,0,0,0,1,0
Gabon,GAB,1970,0.343675,0,0,0.187,0,NA,1,0,0,0,1,0
Gabon,GAB,1971,0.343675,0,0,0.187,0,NA,1,0,0,0,1,0
Gabon,GAB,1972,0.343675,0,0,0.187,0,NA,1,0,0,0,1,0
Gabon,GAB,1973,0.343675,0,0,0.185,0,NA,1,0,0,0,1,0
Gabon,GAB,1974,0.343675,0,0,0.185,0,NA,1,0,0,0,1,0
Gabon,GAB,1975,0.343675,0,0,0.185,0,NA,1,0,0,0,1,0
Gabon,GAB,1976,0.343675,0,0,0.185,0,NA,1,0,0,0,1,0
Gabon,GAB,1977,0.343675,0,0,0.185,0,NA,1,0,0,0,1,0
Gabon,GAB,1978,0.343675,0,0,0.185,0,NA,1,0,0,0,1,0
Gabon,GAB,1979,0.343675,0,0,0.186,0,NA,1,0,0,0,1,0
Gabon,GAB,1980,0.343675,0,0,0.184,0,NA,1,0,0,0,1,0
Gabon,GAB,1981,0.343675,0,0,0.182,0,NA,1,0,0,0,1,0
Gabon,GAB,1982,0.343675,0,0,0.182,0,NA,1,0,0,0,1,0
Gabon,GAB,1983,0.343675,0,0,0.182,0,NA,1,0,0,0,1,0
Gabon,GAB,1984,0.343675,0,0,0.182,0,NA,1,0,0,0,1,0
Gabon,GAB,1985,0.343675,0,0,0.183,0,NA,1,0,0,0,1,0
Gabon,GAB,1986,0.343675,0,0,0.183,0,NA,1,0,0,0,1,0
Gabon,GAB,1987,0.343675,0,0,0.182,0,NA,1,0,0,0,1,0
Gabon,GAB,1988,0.343675,0,0,0.182,0,NA,1,0,0,0,1,0
Gabon,GAB,1989,0.343675,0,0,0.182,0,NA,1,0,0,0,1,0
Gabon,GAB,1990,0.48685,0,0,0.22,0,NA,1,0,0,0,1,0
Gabon,GAB,1991,0.495575,0,0,0.309,0,NA,1,0,0,0,1,0
Gabon,GAB,1992,0.495575,0,0,0.324,0,NA,1,0,0,0,1,0
Gabon,GAB,1993,0.495575,0,0,0.324,0,NA,1,0,0,0,1,0
Gabon,GAB,1994,0.495575,0,0,0.331,0,NA,1,0,0,0,1,0
Gabon,GAB,1995,0.495575,0,0,0.331,0,NA,1,0,0,0,1,0
Gabon,GAB,1996,0.495575,0,0,0.332,0,NA,1,0,0,0,1,0
Gabon,GAB,1997,0.495575,0,0,0.342,0,NA,1,0,0,0,1,0
Gabon,GAB,1998,0.495575,0,0,0.342,0,NA,1,0,0,0,1,0
Gabon,GAB,1999,0.495575,0,0,0.342,0,NA,1,0,0,0,1,0
Gabon,GAB,2000,0.493975,0,0,0.342,0,NA,1,0,0,0,1,0
Gabon,GAB,2001,0.493975,0,0,0.345,0,NA,1,0,0,0,1,0
Gabon,GAB,2002,0.493975,0,0,0.347,0,NA,1,0,0,0,1,0
Gabon,GAB,2003,0.493975,0,0,0.347,0,NA,1,0,0,0,1,0
Gabon,GAB,2004,0.493975,0,0,0.347,0,NA,1,0,0,0,1,0
Gabon,GAB,2005,0.493975,0,0,0.347,0,NA,1,0,0,0,1,0
Gabon,GAB,2006,0.493975,0,0,0.351,0,NA,1,0,0,0,1,0
Gabon,GAB,2007,0.493975,0,0,0.353,0,NA,1,0,0,0,1,0
Gabon,GAB,2008,0.493975,0,0,0.353,0,NA,1,0,0,0,1,0
Gabon,GAB,2009,0.493975,0,0,0.356,0,NA,1,0,0,0,1,0
Gabon,GAB,2010,0.4846,0,0,0.372,0,NA,1,0,0,0,1,0
Gabon,GAB,2011,0.4846,0,0,0.372,0,NA,1,0,0,0,1,0
Gabon,GAB,2012,0.4746,0,0,0.367,0,NA,1,0,0,0,1,0
Gabon,GAB,2013,0.55465,0,0,0.373,0,NA,1,0,0,0,1,0
Gabon,GAB,2014,0.55465,0,0,0.373,0,NA,1,0,0,0,1,0
Gabon,GAB,2015,0.55465,0,0,0.373,0,NA,1,0,0,0,1,0
Gabon,GAB,2016,0.55465,0,0,0.378,0,NA,1,0,0,0,1,0
Gabon,GAB,2017,0.531325,0,0,0.396,0,NA,1,0,0,0,1,0
Gabon,GAB,2018,0.558725,0,0,0.386,0,NA,1,0,0,0,1,0
Gabon,GAB,2019,0.525725,0,0,0.382,0,NA,1,0,0,0,1,0
Gabon,GAB,2020,0.557375,0,0,0.373,0,NA,1,0,0,0,1,0
Gabon,GAB,2021,0.555575,0,0,0.373,0,NA,1,0,0,0,1,0
Gabon,GAB,2022,0.57705,0,0,0.368,0,NA,1,0,0,0,1,0
Gabon,GAB,2023,0.58005,0,0,0.329,0,NA,1,0,0,0,1,0
Gabon,GAB,2024,0.58665,0,0,0.229,0,NA,1,0,0,0,1,0
The Gambia,GMB,1940,0.65275,0,0,0.055,0,NA,1,0,0,0,1,0
The Gambia,GMB,1941,0.65275,0,0,0.055,0,NA,1,0,0,0,1,0
The Gambia,GMB,1942,0.65275,0,0,0.055,0,NA,1,0,0,0,1,0
The Gambia,GMB,1943,0.65275,0,0,0.055,0,NA,1,0,0,0,1,0
The Gambia,GMB,1944,0.65275,0,0,0.055,0,NA,1,0,0,0,1,0
The Gambia,GMB,1945,0.6552,0,0,0.055,0,NA,1,0,0,0,1,0
The Gambia,GMB,1946,0.6598,0,0,0.08,0,NA,1,0,0,0,1,0
The Gambia,GMB,1947,0.6598,0,0,0.099,0,NA,1,0,0,0,1,0
The Gambia,GMB,1948,0.6598,0,0,0.16,0,NA,1,0,0,0,1,0
The Gambia,GMB,1949,0.6598,0,0,0.16,0,NA,1,0,0,0,1,0
The Gambia,GMB,1950,0.656,0,0,0.16,0,NA,1,0,0,0,1,0
The Gambia,GMB,1951,0.656,0,0,0.16,0,NA,1,0,0,0,1,0
The Gambia,GMB,1952,0.656,0,0,0.158,0,NA,1,0,0,0,1,0
The Gambia,GMB,1953,0.656,0,0,0.158,0,NA,1,0,0,0,1,0
The Gambia,GMB,1954,0.656,0,0,0.159,0,NA,1,0,0,0,1,0
The Gambia,GMB,1955,0.656,0,0,0.16,0,NA,1,0,0,0,1,0
The Gambia,GMB,1956,0.663275,0,0,0.16,0,NA,1,0,0,0,1,0
The Gambia,GMB,1957,0.663275,0,0,0.16,0,NA,1,0,0,0,1,0
The Gambia,GMB,1958,0.663275,0,0,0.16,0,NA,1,0,0,0,1,0
The Gambia,GMB,1959,0.663275,0,0,0.16,0,NA,1,0,0,0,1,0
The Gambia,GMB,1960,0.664275,0,0,0.228,0,NA,1,0,0,0,1,0
The Gambia,GMB,1961,0.670675,0,0,0.229,0,NA,1,0,0,0,1,0
The Gambia,GMB,1962,0.670675,0,0,0.285,0,NA,1,0,0,0,1,0
The Gambia,GMB,1963,0.670675,0,0,0.325,0,NA,1,0,0,0,1,0
The Gambia,GMB,1964,0.6764,0,0,0.325,0,NA,1,0,0,0,1,0
The Gambia,GMB,1965,0.664725,0,0,0.324,0,NA,1,0,0,0,1,0
The Gambia,GMB,1966,0.673975,0,0,0.431,0,NA,1,0,0,0,1,0
The Gambia,GMB,1967,0.673975,0,0,0.444,0,NA,1,0,0,0,1,0
The Gambia,GMB,1968,0.673975,0,0,0.444,0,NA,1,0,0,0,1,0
The Gambia,GMB,1969,0.673975,0,0,0.444,0,NA,1,0,0,0,1,0
The Gambia,GMB,1970,0.66325,0,0,0.494,0,NA,1,0,0,0,1,0
The Gambia,GMB,1971,0.67395,0,0,0.494,0,NA,1,0,0,0,1,0
The Gambia,GMB,1972,0.66675,0,0,0.475,0,NA,1,0,0,0,1,0
The Gambia,GMB,1973,0.66675,0,0,0.469,0,NA,1,0,0,0,1,0
The Gambia,GMB,1974,0.66675,0,0,0.469,0,NA,1,0,0,0,1,0
The Gambia,GMB,1975,0.66675,0,0,0.469,0,NA,1,0,0,0,1,0
The Gambia,GMB,1976,0.64695,0,0,0.469,0,NA,1,0,0,0,1,0
The Gambia,GMB,1977,0.64055,0,0,0.458,0,NA,1,0,0,0,1,0
The Gambia,GMB,1978,0.64055,0,0,0.456,0,NA,1,0,0,0,1,0
The Gambia,GMB,1979,0.64055,0,0,0.456,0,NA,1,0,0,0,1,0
The Gambia,GMB,1980,0.64055,0,0,0.455,0,NA,1,0,0,0,1,0
The Gambia,GMB,1981,0.6192,0,0,0.451,0,NA,1,0,0,0,1,0
The Gambia,GMB,1982,0.6192,0,0,0.454,0,NA,1,0,0,0,1,0
The Gambia,GMB,1983,0.6168,0,0,0.457,0,NA,1,0,0,0,1,0
The Gambia,GMB,1984,0.6168,0,0,0.457,0,NA,1,0,0,0,1,0
The Gambia,GMB,1985,0.63485,0,0,0.461,0,NA,1,0,0,0,1,0
The Gambia,GMB,1986,0.63485,0,0,0.461,0,NA,1,0,0,0,1,0
The Gambia,GMB,1987,0.63485,0,0,0.471,0,NA,1,0,0,0,1,0
The Gambia,GMB,1988,0.63485,0,0,0.473,0,NA,1,0,0,0,1,0
The Gambia,GMB,1989,0.63485,0,0,0.473,0,NA,1,0,0,0,1,0
The Gambia,GMB,1990,0.63485,0,0,0.473,0,NA,1,0,0,0,1,0
The Gambia,GMB,1991,0.63485,0,0,0.473,0,NA,1,0,0,0,1,0
The Gambia,GMB,1992,0.63485,0,0,0.467,0,NA,1,0,0,0,1,0
The Gambia,GMB,1993,0.63485,0,0,0.443,0,NA,1,0,0,0,1,0
The Gambia,GMB,1994,0.491275,0,0,0.207,0,NA,1,0,0,0,1,0
The Gambia,GMB,1995,0.405075,0,0,0.1,0,NA,1,0,0,0,1,0
The Gambia,GMB,1996,0.402675,0,0,0.13,0,NA,1,0,0,0,1,0
The Gambia,GMB,1997,0.41105,0,0,0.248,0,NA,1,0,0,0,1,0
The Gambia,GMB,1998,0.41025,0,0,0.258,0,NA,1,0,0,0,1,0
The Gambia,GMB,1999,0.41025,0,0,0.26,0,NA,1,0,0,0,1,0
The Gambia,GMB,2000,0.403025,0,0,0.257,0,NA,1,0,0,0,1,0
The Gambia,GMB,2001,0.403025,0,0,0.256,0,NA,1,0,0,0,1,0
The Gambia,GMB,2002,0.401825,0,0,0.257,0,NA,1,0,0,0,1,0
The Gambia,GMB,2003,0.400625,0,0,0.258,0,NA,1,0,0,0,1,0
The Gambia,GMB,2004,0.399225,0,0,0.258,0,NA,1,0,0,0,1,0
The Gambia,GMB,2005,0.399225,0,0,0.258,0,NA,1,0,0,0,1,0
The Gambia,GMB,2006,0.399225,0,0,0.253,0,NA,1,0,0,0,1,0
The Gambia,GMB,2007,0.399225,0,0,0.243,0,NA,1,0,0,0,1,0
The Gambia,GMB,2008,0.399225,0,0,0.243,0,NA,1,0,0,0,1,0
The Gambia,GMB,2009,0.399225,0,0,0.243,0,NA,1,0,0,0,1,0
The Gambia,GMB,2010,0.399225,0,0,0.242,0,NA,1,0,0,0,1,0
The Gambia,GMB,2011,0.399225,0,0,0.243,0,NA,1,0,0,0,1,0
The Gambia,GMB,2012,0.399225,0,0,0.243,0,NA,1,0,0,0,1,0
The Gambia,GMB,2013,0.3564,0,0,0.24,0,NA,1,0,0,0,1,0
The Gambia,GMB,2014,0.352075,0,0,0.242,0,NA,1,0,0,0,1,0
The Gambia,GMB,2015,0.356625,0,0,0.242,0,NA,1,0,0,0,1,0
The Gambia,GMB,2016,0.36215,0,0,0.249,0,NA,1,0,0,0,1,0
The Gambia,GMB,2017,0.7162,1,0.6931471805599453,0.5,4.74493212836325,NA,1,0,0,0,1,0
The Gambia,GMB,2018,0.721275,0,0.6931471805599453,0.533,4.7535901911063645,NA,1,0,0,0,1,0
The Gambia,GMB,2019,0.683075,0,0.6931471805599453,0.526,4.762173934797756,NA,1,0,0,0,1,0
The Gambia,GMB,2020,0.698575,0,0,0.496,0,NA,1,0,0,0,1,0
The Gambia,GMB,2021,0.701175,1,1.0986122886681096,0.503,4.762173934797756,NA,1,0,0,0,1,0
The Gambia,GMB,2022,0.713375,0,1.0986122886681096,0.626,4.770684624465665,NA,1,0,0,0,1,0
The Gambia,GMB,2023,0.7084,0,1.0986122886681096,0.64,4.77912349311153,NA,1,0,0,0,1,0
The Gambia,GMB,2024,0.71085,0,1.0986122886681096,0.634,4.787491742782046,NA,1,0,0,0,1,0
Georgia,GEO,1990,0.336875,0,0,0.311,0,NA,1,0,0,0,0,0
Georgia,GEO,1991,0.344675,0,0,0.325,0,NA,1,0,0,0,0,0
Georgia,GEO,1992,0.3182,0,0,0.256,0,NA,1,0,0,0,0,0
Georgia,GEO,1993,0.306,0,0,0.354,0,NA,1,0,0,0,0,0
Georgia,GEO,1994,0.32175,0,0,0.361,0,NA,1,0,0,0,0,0
Georgia,GEO,1995,0.32595,0,0,0.363,0,NA,1,0,0,0,0,0
Georgia,GEO,1996,0.317675,0,0,0.38,0,NA,1,0,0,0,0,0
Georgia,GEO,1997,0.318675,0,0,0.377,0,NA,1,0,0,0,0,0
Georgia,GEO,1998,0.325725,0,0,0.379,0,NA,1,0,0,0,0,0
Georgia,GEO,1999,0.330325,0,0,0.377,0,NA,1,0,0,0,0,0
Georgia,GEO,2000,0.337725,0,0,0.372,0,NA,1,0,0,0,0,0
Georgia,GEO,2001,0.337725,0,0,0.38,0,NA,1,0,0,0,0,0
Georgia,GEO,2002,0.337725,0,0,0.38,0,NA,1,0,0,0,0,0
Georgia,GEO,2003,0.337725,0,0,0.38,0,NA,1,0,0,0,0,0
Georgia,GEO,2004,0.673475,1,0.6931471805599453,0.553,2.70805020110221,NA,1,0,0,0,0,0
Georgia,GEO,2005,0.7242,0,0.6931471805599453,0.555,2.772588722239781,NA,1,0,0,0,0,0
Georgia,GEO,2006,0.7332,0,0.6931471805599453,0.553,2.833213344056216,NA,1,0,0,0,0,0
Georgia,GEO,2007,0.7309,0,0.6931471805599453,0.542,2.8903717578961645,NA,1,0,0,0,0,0
Georgia,GEO,2008,0.73315,0,0,0.498,0,NA,1,0,0,0,0,0
Georgia,GEO,2009,0.7368,0,0,0.498,0,NA,1,0,0,0,0,0
Georgia,GEO,2010,0.7364,1,1.0986122886681096,0.501,2.9444389791664403,NA,1,0,0,0,0,0
Georgia,GEO,2011,0.7353,0,1.0986122886681096,0.505,2.995732273553991,NA,1,0,0,0,0,0
Georgia,GEO,2012,0.7441,0,1.0986122886681096,0.517,3.044522437723423,NA,1,0,0,0,0,0
Georgia,GEO,2013,0.7343,0,1.0986122886681096,0.618,3.091042453358316,NA,1,0,0,0,0,0
Georgia,GEO,2014,0.73135,0,1.0986122886681096,0.667,3.1354942159291497,NA,1,0,0,0,0,0
Georgia,GEO,2015,0.724375,0,1.0986122886681096,0.669,3.1780538303479458,NA,1,0,0,0,0,0
Georgia,GEO,2016,0.754075,0,1.0986122886681096,0.682,3.2188758248682006,NA,1,0,0,0,0,0
Georgia,GEO,2017,0.74585,0,1.0986122886681096,0.674,3.258096538021482,NA,1,0,0,0,0,0
Georgia,GEO,2018,0.746425,0,1.0986122886681096,0.664,3.295836866004329,NA,1,0,0,0,0,0
Georgia,GEO,2019,0.7278,0,1.0986122886681096,0.625,3.332204510175204,NA,1,0,0,0,0,0
Georgia,GEO,2020,0.720275,0,1.0986122886681096,0.618,3.367295829986474,NA,1,0,0,0,0,0
Georgia,GEO,2021,0.7114,0,1.0986122886681096,0.604,3.4011973816621555,NA,1,0,0,0,0,0
Georgia,GEO,2022,0.72,0,1.0986122886681096,0.606,3.4339872044851463,NA,1,0,0,0,0,0
Georgia,GEO,2023,0.72775,0,1.0986122886681096,0.583,3.4657359027997265,NA,1,0,0,0,0,0
Georgia,GEO,2024,0.6217,0,0,0.48,0,NA,1,0,0,0,0,0
Guinea-Bissau,GNB,1940,0.2924,0,0,0.006,0,NA,1,0,0,0,1,0
Guinea-Bissau,GNB,1941,0.2924,0,0,0.006,0,NA,1,0,0,0,1,0
Guinea-Bissau,GNB,1942,0.2924,0,0,0.006,0,NA,1,0,0,0,1,0
Guinea-Bissau,GNB,1943,0.2924,0,0,0.006,0,NA,1,0,0,0,1,0
Guinea-Bissau,GNB,1944,0.2924,0,0,0.006,0,NA,1,0,0,0,1,0
Guinea-Bissau,GNB,1945,0.2924,0,0,0.006,0,NA,1,0,0,0,1,0
Guinea-Bissau,GNB,1946,0.2924,0,0,0.007,0,NA,1,0,0,0,1,0
Guinea-Bissau,GNB,1947,0.2924,0,0,0.007,0,NA,1,0,0,0,1,0
Guinea-Bissau,GNB,1948,0.2924,0,0,0.007,0,NA,1,0,0,0,1,0
Guinea-Bissau,GNB,1949,0.2924,0,0,0.007,0,NA,1,0,0,0,1,0
Guinea-Bissau,GNB,1950,0.2924,0,0,0.007,0,NA,1,0,0,0,1,0
Guinea-Bissau,GNB,1951,0.2924,0,0,0.007,0,NA,1,0,0,0,1,0
Guinea-Bissau,GNB,1952,0.2924,0,0,0.007,0,NA,1,0,0,0,1,0
Guinea-Bissau,GNB,1953,0.2924,0,0,0.007,0,NA,1,0,0,0,1,0
Guinea-Bissau,GNB,1954,0.2924,0,0,0.007,0,NA,1,0,0,0,1,0
Guinea-Bissau,GNB,1955,0.2924,0,0,0.007,0,NA,1,0,0,0,1,0
Guinea-Bissau,GNB,1956,0.2924,0,0,0.009,0,NA,1,0,0,0,1,0
Guinea-Bissau,GNB,1957,0.2924,0,0,0.009,0,NA,1,0,0,0,1,0
Guinea-Bissau,GNB,1958,0.2924,0,0,0.009,0,NA,1,0,0,0,1,0
Guinea-Bissau,GNB,1959,0.2924,0,0,0.009,0,NA,1,0,0,0,1,0
Guinea-Bissau,GNB,1960,0.2924,0,0,0.012,0,NA,1,0,0,0,1,0
Guinea-Bissau,GNB,1961,0.298425,0,0,0.012,0,NA,1,0,0,0,1,0
Guinea-Bissau,GNB,1962,0.298425,0,0,0.012,0,NA,1,0,0,0,1,0
Guinea-Bissau,GNB,1963,0.298425,0,0,0.012,0,NA,1,0,0,0,1,0
Guinea-Bissau,GNB,1964,0.298425,0,0,0.012,0,NA,1,0,0,0,1,0
Guinea-Bissau,GNB,1965,0.298425,0,0,0.012,0,NA,1,0,0,0,1,0
Guinea-Bissau,GNB,1966,0.298425,0,0,0.012,0,NA,1,0,0,0,1,0
Guinea-Bissau,GNB,1967,0.298425,0,0,0.012,0,NA,1,0,0,0,1,0
Guinea-Bissau,GNB,1968,0.298425,0,0,0.012,0,NA,1,0,0,0,1,0
Guinea-Bissau,GNB,1969,0.298425,0,0,0.012,0,NA,1,0,0,0,1,0
Guinea-Bissau,GNB,1970,0.298425,0,0,0.012,0,NA,1,0,0,0,1,0
Guinea-Bissau,GNB,1971,0.298425,0,0,0.012,0,NA,1,0,0,0,1,0
Guinea-Bissau,GNB,1972,0.298425,0,0,0.012,0,NA,1,0,0,0,1,0
Guinea-Bissau,GNB,1973,0.286825,0,0,0.08,0,NA,1,0,0,0,1,0
Guinea-Bissau,GNB,1974,0.29895,0,0,0.113,0,NA,1,0,0,0,1,0
Guinea-Bissau,GNB,1975,0.30275,0,0,0.115,0,NA,1,0,0,0,1,0
Guinea-Bissau,GNB,1976,0.30275,0,0,0.115,0,NA,1,0,0,0,1,0
Guinea-Bissau,GNB,1977,0.30275,0,0,0.126,0,NA,1,0,0,0,1,0
Guinea-Bissau,GNB,1978,0.30275,0,0,0.126,0,NA,1,0,0,0,1,0
Guinea-Bissau,GNB,1979,0.30275,0,0,0.126,0,NA,1,0,0,0,1,0
Guinea-Bissau,GNB,1980,0.27195,0,0,0.121,0,NA,1,0,0,0,1,0
Guinea-Bissau,GNB,1981,0.26675,0,0,0.094,0,NA,1,0,0,0,1,0
Guinea-Bissau,GNB,1982,0.26675,0,0,0.094,0,NA,1,0,0,0,1,0
Guinea-Bissau,GNB,1983,0.26675,0,0,0.094,0,NA,1,0,0,0,1,0
Guinea-Bissau,GNB,1984,0.26675,0,0,0.094,0,NA,1,0,0,0,1,0
Guinea-Bissau,GNB,1985,0.26675,0,0,0.094,0,NA,1,0,0,0,1,0
Guinea-Bissau,GNB,1986,0.26835,0,0,0.094,0,NA,1,0,0,0,1,0
Guinea-Bissau,GNB,1987,0.26835,0,0,0.094,0,NA,1,0,0,0,1,0
Guinea-Bissau,GNB,1988,0.26835,0,0,0.094,0,NA,1,0,0,0,1,0
Guinea-Bissau,GNB,1989,0.26835,0,0,0.094,0,NA,1,0,0,0,1,0
Guinea-Bissau,GNB,1990,0.26575,0,0,0.101,0,NA,1,0,0,0,1,0
Guinea-Bissau,GNB,1991,0.26575,0,0,0.101,0,NA,1,0,0,0,1,0
Guinea-Bissau,GNB,1992,0.26575,0,0,0.131,0,NA,1,0,0,0,1,0
Guinea-Bissau,GNB,1993,0.2996,0,0,0.159,0,NA,1,0,0,0,1,0
Guinea-Bissau,GNB,1994,0.283,0,0,0.25,0,NA,1,0,0,0,1,0
Guinea-Bissau,GNB,1995,0.31815,0,0,0.36,0,NA,1,0,0,0,1,0
Guinea-Bissau,GNB,1996,0.31815,0,0,0.36,0,NA,1,0,0,0,1,0
Guinea-Bissau,GNB,1997,0.296775,0,0,0.36,0,NA,1,0,0,0,1,0
Guinea-Bissau,GNB,1998,0.297775,0,0,0.358,0,NA,1,0,0,0,1,0
Guinea-Bissau,GNB,1999,0.310075,0,0,0.362,0,NA,1,0,0,0,1,0
Guinea-Bissau,GNB,2000,0.300675,0,0,0.425,0,NA,1,0,0,0,1,0
Guinea-Bissau,GNB,2001,0.307875,0,0,0.432,0,NA,1,0,0,0,1,0
Guinea-Bissau,GNB,2002,0.292975,0,0,0.438,0,NA,1,0,0,0,1,0
Guinea-Bissau,GNB,2003,0.306975,0,0,0.376,0,NA,1,0,0,0,1,0
Guinea-Bissau,GNB,2004,0.334975,0,0,0.373,0,NA,1,0,0,0,1,0
Guinea-Bissau,GNB,2005,0.334975,0,0,0.452,0,NA,1,0,0,0,1,0
Guinea-Bissau,GNB,2006,0.333575,0,0,0.449,0,NA,1,0,0,0,1,0
Guinea-Bissau,GNB,2007,0.335975,0,0,0.449,0,NA,1,0,0,0,1,0
Guinea-Bissau,GNB,2008,0.337175,0,0,0.402,0,NA,1,0,0,0,1,0
Guinea-Bissau,GNB,2009,0.337175,0,0,0.451,0,NA,1,0,0,0,1,0
Guinea-Bissau,GNB,2010,0.337175,0,0,0.444,0,NA,1,0,0,0,1,0
Guinea-Bissau,GNB,2011,0.334775,0,0,0.447,0,NA,1,0,0,0,1,0
Guinea-Bissau,GNB,2012,0.317,0,0,0.326,0,NA,1,0,0,0,1,0
Guinea-Bissau,GNB,2013,0.35155,0,0,0.288,0,NA,1,0,0,0,1,0
Guinea-Bissau,GNB,2014,0.35595,0,0,0.439,0,NA,1,0,0,0,1,0
Guinea-Bissau,GNB,2015,0.35595,1,0.6931471805599453,0.501,4.727387818712341,NA,1,0,0,0,1,0
Guinea-Bissau,GNB,2016,0.35235,0,0.6931471805599453,0.503,4.736198448394496,NA,1,0,0,0,1,0
Guinea-Bissau,GNB,2017,0.35235,0,0.6931471805599453,0.5,4.74493212836325,NA,1,0,0,0,1,0
Guinea-Bissau,GNB,2018,0.3457,0,0.6931471805599453,0.514,4.7535901911063645,NA,1,0,0,0,1,0
Guinea-Bissau,GNB,2019,0.328775,0,0.6931471805599453,0.531,4.762173934797756,NA,1,0,0,0,1,0
Guinea-Bissau,GNB,2020,0.337975,0,0.6931471805599453,0.535,4.770684624465665,NA,1,0,0,0,1,0
Guinea-Bissau,GNB,2021,0.3324,0,0.6931471805599453,0.536,4.77912349311153,NA,1,0,0,0,1,0
Guinea-Bissau,GNB,2022,0.3186,0,0,0.381,0,NA,1,0,0,0,1,0
Guinea-Bissau,GNB,2023,0.333525,0,0,0.43,0,NA,1,0,0,0,1,0
Guinea-Bissau,GNB,2024,0.333525,0,0,0.28,0,NA,1,0,0,0,1,0
Jamaica,JAM,1940,0.58095,0,0,0.206,0,NA,1,0,1,0,0,0
Jamaica,JAM,1941,0.58095,0,0,0.206,0,NA,1,0,1,0,0,0
Jamaica,JAM,1942,0.58095,0,0,0.206,0,NA,1,0,1,0,0,0
Jamaica,JAM,1943,0.58095,0,0,0.206,0,NA,1,0,1,0,0,0
Jamaica,JAM,1944,0.57335,0,0,0.291,0,NA,1,0,1,0,0,0
Jamaica,JAM,1945,0.594025,0,0,0.304,0,NA,1,0,1,0,0,0
Jamaica,JAM,1946,0.60055,0,0,0.305,0,NA,1,0,1,0,0,0
Jamaica,JAM,1947,0.60055,0,0,0.316,0,NA,1,0,1,0,0,0
Jamaica,JAM,1948,0.60055,0,0,0.316,0,NA,1,0,1,0,0,0
Jamaica,JAM,1949,0.60055,0,0,0.315,0,NA,1,0,1,0,0,0
Jamaica,JAM,1950,0.60955,0,0,0.305,0,NA,1,0,1,0,0,0
Jamaica,JAM,1951,0.60955,0,0,0.305,0,NA,1,0,1,0,0,0
Jamaica,JAM,1952,0.60955,0,0,0.306,0,NA,1,0,1,0,0,0
Jamaica,JAM,1953,0.61255,0,0,0.422,0,NA,1,0,1,0,0,0
Jamaica,JAM,1954,0.61255,0,0,0.482,0,NA,1,0,1,0,0,0
Jamaica,JAM,1955,0.61255,0,0,0.49,0,NA,1,0,1,0,0,0
Jamaica,JAM,1956,0.61255,1,0.6931471805599453,0.526,4.02535169073515,NA,1,0,1,0,0,0
Jamaica,JAM,1957,0.61255,0,0.6931471805599453,0.526,4.04305126783455,NA,1,0,1,0,0,0
Jamaica,JAM,1958,0.61255,0,0.6931471805599453,0.526,4.060443010546419,NA,1,0,1,0,0,0
Jamaica,JAM,1959,0.61255,0,0.6931471805599453,0.515,4.07753744390572,NA,1,0,1,0,0,0
Jamaica,JAM,1960,0.61475,0,0.6931471805599453,0.51,4.0943445622221,NA,1,0,1,0,0,0
Jamaica,JAM,1961,0.61475,0,0.6931471805599453,0.51,4.110873864173311,NA,1,0,1,0,0,0
Jamaica,JAM,1962,0.62165,0,0.6931471805599453,0.549,4.127134385045092,NA,1,0,1,0,0,0
Jamaica,JAM,1963,0.644875,0,0.6931471805599453,0.553,4.143134726391533,NA,1,0,1,0,0,0
Jamaica,JAM,1964,0.644875,0,0.6931471805599453,0.553,4.1588830833596715,NA,1,0,1,0,0,0
Jamaica,JAM,1965,0.644875,0,0.6931471805599453,0.548,4.174387269895637,NA,1,0,1,0,0,0
Jamaica,JAM,1966,0.644875,0,0.6931471805599453,0.548,4.189654742026425,NA,1,0,1,0,0,0
Jamaica,JAM,1967,0.644875,0,0.6931471805599453,0.524,4.204692619390966,NA,1,0,1,0,0,0
Jamaica,JAM,1968,0.644875,0,0.6931471805599453,0.519,4.219507705176107,NA,1,0,1,0,0,0
Jamaica,JAM,1969,0.644875,0,0.6931471805599453,0.519,4.23410650459726,NA,1,0,1,0,0,0
Jamaica,JAM,1970,0.68465,0,0.6931471805599453,0.524,4.248495242049359,NA,1,0,1,0,0,0
Jamaica,JAM,1971,0.68465,0,0.6931471805599453,0.524,4.2626798770413155,NA,1,0,1,0,0,0
Jamaica,JAM,1972,0.68465,0,0.6931471805599453,0.526,4.276666119016055,NA,1,0,1,0,0,0
Jamaica,JAM,1973,0.6968,0,0.6931471805599453,0.517,4.290459441148391,NA,1,0,1,0,0,0
Jamaica,JAM,1974,0.688175,0,0.6931471805599453,0.515,4.304065093204169,NA,1,0,1,0,0,0
Jamaica,JAM,1975,0.688175,0,0.6931471805599453,0.513,4.31748811353631,NA,1,0,1,0,0,0
Jamaica,JAM,1976,0.688175,0,0.6931471805599453,0.514,4.330733340286331,NA,1,0,1,0,0,0
Jamaica,JAM,1977,0.688175,0,0,0.479,0,NA,1,0,1,0,0,0
Jamaica,JAM,1978,0.688175,0,0,0.47,0,NA,1,0,1,0,0,0
Jamaica,JAM,1979,0.688175,0,0,0.478,0,NA,1,0,1,0,0,0
Jamaica,JAM,1980,0.66685,1,1.0986122886681096,0.503,4.356708826689592,NA,1,0,1,0,0,0
Jamaica,JAM,1981,0.66685,0,0,0.478,0,NA,1,0,1,0,0,0
Jamaica,JAM,1982,0.66685,0,0,0.478,0,NA,1,0,1,0,0,0
Jamaica,JAM,1983,0.66685,0,0,0.481,0,NA,1,0,1,0,0,0
Jamaica,JAM,1984,0.66685,1,1.3862943611198906,0.534,4.382026634673881,NA,1,0,1,0,0,0
Jamaica,JAM,1985,0.66685,0,1.3862943611198906,0.537,4.394449154672439,NA,1,0,1,0,0,0
Jamaica,JAM,1986,0.66685,0,1.3862943611198906,0.537,4.406719247264253,NA,1,0,1,0,0,0
Jamaica,JAM,1987,0.66685,0,1.3862943611198906,0.537,4.418840607796598,NA,1,0,1,0,0,0
Jamaica,JAM,1988,0.66685,0,1.3862943611198906,0.537,4.430816798843313,NA,1,0,1,0,0,0
Jamaica,JAM,1989,0.66685,0,1.3862943611198906,0.56,4.442651256490317,NA,1,0,1,0,0,0
Jamaica,JAM,1990,0.71905,0,1.3862943611198906,0.577,4.454347296253507,NA,1,0,1,0,0,0
Jamaica,JAM,1991,0.71905,0,1.3862943611198906,0.577,4.465908118654584,NA,1,0,1,0,0,0
Jamaica,JAM,1992,0.71905,0,1.3862943611198906,0.577,4.477336814478207,NA,1,0,1,0,0,0
Jamaica,JAM,1993,0.71905,0,1.3862943611198906,0.62,4.48863636973214,NA,1,0,1,0,0,0
Jamaica,JAM,1994,0.71905,0,1.3862943611198906,0.638,4.499809670330265,NA,1,0,1,0,0,0
Jamaica,JAM,1995,0.71905,0,1.3862943611198906,0.641,4.51085950651685,NA,1,0,1,0,0,0
Jamaica,JAM,1996,0.71905,0,1.3862943611198906,0.645,4.5217885770490405,NA,1,0,1,0,0,0
Jamaica,JAM,1997,0.71905,0,1.3862943611198906,0.651,4.532599493153256,NA,1,0,1,0,0,0
Jamaica,JAM,1998,0.71905,0,1.3862943611198906,0.678,4.543294782270004,NA,1,0,1,0,0,0
Jamaica,JAM,1999,0.71905,0,1.3862943611198906,0.678,4.553876891600541,NA,1,0,1,0,0,0
Jamaica,JAM,2000,0.738675,0,1.3862943611198906,0.683,4.564348191467836,NA,1,0,1,0,0,0
Jamaica,JAM,2001,0.738675,0,1.3862943611198906,0.683,4.574710978503383,NA,1,0,1,0,0,0
Jamaica,JAM,2002,0.738675,0,1.3862943611198906,0.706,4.584967478670572,NA,1,0,1,0,0,0
Jamaica,JAM,2003,0.738675,0,1.3862943611198906,0.751,4.59511985013459,NA,1,0,1,0,0,0
Jamaica,JAM,2004,0.738675,0,1.3862943611198906,0.751,4.605170185988092,NA,1,0,1,0,0,0
Jamaica,JAM,2005,0.738675,0,1.3862943611198906,0.756,4.61512051684126,NA,1,0,1,0,0,0
Jamaica,JAM,2006,0.738675,0,1.3862943611198906,0.763,4.624972813284271,NA,1,0,1,0,0,0
Jamaica,JAM,2007,0.738675,0,1.3862943611198906,0.767,4.634728988229636,NA,1,0,1,0,0,0
Jamaica,JAM,2008,0.738675,0,1.3862943611198906,0.776,4.6443908991413725,NA,1,0,1,0,0,0
Jamaica,JAM,2009,0.738675,0,1.3862943611198906,0.776,4.653960350157523,NA,1,0,1,0,0,0
Jamaica,JAM,2010,0.738675,0,1.3862943611198906,0.776,4.663439094112067,NA,1,0,1,0,0,0
Jamaica,JAM,2011,0.744675,0,1.3862943611198906,0.773,4.672828834461906,NA,1,0,1,0,0,0
Jamaica,JAM,2012,0.744075,0,1.3862943611198906,0.785,4.68213122712422,NA,1,0,1,0,0,0
Jamaica,JAM,2013,0.75815,0,1.3862943611198906,0.801,4.6913478822291435,NA,1,0,1,0,0,0
Jamaica,JAM,2014,0.75815,0,1.3862943611198906,0.801,4.700480365792417,NA,1,0,1,0,0,0
Jamaica,JAM,2015,0.75815,0,1.3862943611198906,0.801,4.709530201312334,NA,1,0,1,0,0,0
Jamaica,JAM,2016,0.75875,0,1.3862943611198906,0.809,4.718498871295094,NA,1,0,1,0,0,0
Jamaica,JAM,2017,0.7549,0,1.3862943611198906,0.815,4.727387818712341,NA,1,0,1,0,0,0
Jamaica,JAM,2018,0.7533,0,1.3862943611198906,0.811,4.736198448394496,NA,1,0,1,0,0,0
Jamaica,JAM,2019,0.7974,0,1.3862943611198906,0.814,4.736198448394496,NA,1,0,1,0,0,0
Jamaica,JAM,2020,0.8053,0,1.3862943611198906,0.814,4.736198448394496,NA,1,0,1,0,0,0
Jamaica,JAM,2021,0.809,0,1.3862943611198906,0.806,4.74493212836325,NA,1,0,1,0,0,0
Jamaica,JAM,2022,0.817225,0,1.3862943611198906,0.803,4.7535901911063645,NA,1,0,1,0,0,0
Jamaica,JAM,2023,0.795825,0,1.3862943611198906,0.803,4.762173934797756,NA,1,0,1,0,0,0
Jamaica,JAM,2024,0.81115,0,1.3862943611198906,0.803,4.762173934797756,NA,1,0,1,0,0,0
Kazakhstan,KAZ,1990,0.443875,0,0,0.246,0,NA,1,0,0,0,0,0
Kazakhstan,KAZ,1991,0.443075,0,0,0.29,0,NA,1,0,0,0,0,0
Kazakhstan,KAZ,1992,0.438675,0,0,0.303,0,NA,1,0,0,0,0,0
Kazakhstan,KAZ,1993,0.4455,0,0,0.304,0,NA,1,0,0,0,0,0
Kazakhstan,KAZ,1994,0.4455,0,0,0.303,0,NA,1,0,0,0,0,0
Kazakhstan,KAZ,1995,0.436575,0,0,0.29,0,NA,1,0,0,0,0,0
Kazakhstan,KAZ,1996,0.427375,0,0,0.285,0,NA,1,0,0,0,0,0
Kazakhstan,KAZ,1997,0.426775,0,0,0.296,0,NA,1,0,0,0,0,0
Kazakhstan,KAZ,1998,0.426775,0,0,0.289,0,NA,1,0,0,0,0,0
Kazakhstan,KAZ,1999,0.4212,0,0,0.272,0,NA,1,0,0,0,0,0
Kazakhstan,KAZ,2000,0.439075,0,0,0.272,0,NA,1,0,0,0,0,0
Kazakhstan,KAZ,2001,0.439075,0,0,0.258,0,NA,1,0,0,0,0,0
Kazakhstan,KAZ,2002,0.426875,0,0,0.252,0,NA,1,0,0,0,0,0
Kazakhstan,KAZ,2003,0.424475,0,0,0.248,0,NA,1,0,0,0,0,0
Kazakhstan,KAZ,2004,0.427075,0,0,0.246,0,NA,1,0,0,0,0,0
Kazakhstan,KAZ,2005,0.420175,0,0,0.239,0,NA,1,0,0,0,0,0
Kazakhstan,KAZ,2006,0.422225,0,0,0.244,0,NA,1,0,0,0,0,0
Kazakhstan,KAZ,2007,0.414975,0,0,0.242,0,NA,1,0,0,0,0,0
Kazakhstan,KAZ,2008,0.415375,0,0,0.242,0,NA,1,0,0,0,0,0
Kazakhstan,KAZ,2009,0.415375,0,0,0.242,0,NA,1,0,0,0,0,0
Kazakhstan,KAZ,2010,0.415375,0,0,0.238,0,NA,1,0,0,0,0,0
Kazakhstan,KAZ,2011,0.415775,0,0,0.234,0,NA,1,0,0,0,0,0
Kazakhstan,KAZ,2012,0.414975,0,0,0.235,0,NA,1,0,0,0,0,0
Kazakhstan,KAZ,2013,0.4078,0,0,0.231,0,NA,1,0,0,0,0,0
Kazakhstan,KAZ,2014,0.4078,0,0,0.232,0,NA,1,0,0,0,0,0
Kazakhstan,KAZ,2015,0.4086,0,0,0.236,0,NA,1,0,0,0,0,0
Kazakhstan,KAZ,2016,0.407875,0,0,0.245,0,NA,1,0,0,0,0,0
Kazakhstan,KAZ,2017,0.409725,0,0,0.236,0,NA,1,0,0,0,0,0
Kazakhstan,KAZ,2018,0.375825,0,0,0.234,0,NA,1,0,0,0,0,0
Kazakhstan,KAZ,2019,0.398225,0,0,0.236,0,NA,1,0,0,0,0,0
Kazakhstan,KAZ,2020,0.401625,0,0,0.24,0,NA,1,0,0,0,0,0
Kazakhstan,KAZ,2021,0.39435,0,0,0.252,0,NA,1,0,0,0,0,0
Kazakhstan,KAZ,2022,0.441075,0,0,0.265,0,NA,1,0,0,0,0,0
Kazakhstan,KAZ,2023,0.44005,0,0,0.271,0,NA,1,0,0,0,0,0
Kazakhstan,KAZ,2024,0.39345,0,0,0.272,0,NA,1,0,0,0,0,0
Kyrgyzstan,KGZ,1990,0.593675,0,0,0.257,0,NA,1,0,0,0,0,0
Kyrgyzstan,KGZ,1991,0.549375,0,0,0.291,0,NA,1,0,0,0,0,0
Kyrgyzstan,KGZ,1992,0.5232,0,0,0.351,0,NA,1,0,0,0,0,0
Kyrgyzstan,KGZ,1993,0.5068,0,0,0.341,0,NA,1,0,0,0,0,0
Kyrgyzstan,KGZ,1994,0.437675,0,0,0.32,0,NA,1,0,0,0,0,0
Kyrgyzstan,KGZ,1995,0.409475,0,0,0.303,0,NA,1,0,0,0,0,0
Kyrgyzstan,KGZ,1996,0.3942,0,0,0.294,0,NA,1,0,0,0,0,0
Kyrgyzstan,KGZ,1997,0.391,0,0,0.289,0,NA,1,0,0,0,0,0
Kyrgyzstan,KGZ,1998,0.391,0,0,0.29,0,NA,1,0,0,0,0,0
Kyrgyzstan,KGZ,1999,0.391,0,0,0.287,0,NA,1,0,0,0,0,0
Kyrgyzstan,KGZ,2000,0.3786,0,0,0.288,0,NA,1,0,0,0,0,0
Kyrgyzstan,KGZ,2001,0.367825,0,0,0.286,0,NA,1,0,0,0,0,0
Kyrgyzstan,KGZ,2002,0.364025,0,0,0.285,0,NA,1,0,0,0,0,0
Kyrgyzstan,KGZ,2003,0.364025,0,0,0.284,0,NA,1,0,0,0,0,0
Kyrgyzstan,KGZ,2004,0.364025,0,0,0.284,0,NA,1,0,0,0,0,0
Kyrgyzstan,KGZ,2005,0.338925,0,0,0.324,0,NA,1,0,0,0,0,0
Kyrgyzstan,KGZ,2006,0.338925,0,0,0.333,0,NA,1,0,0,0,0,0
Kyrgyzstan,KGZ,2007,0.335925,0,0,0.318,0,NA,1,0,0,0,0,0
Kyrgyzstan,KGZ,2008,0.335325,0,0,0.305,0,NA,1,0,0,0,0,0
Kyrgyzstan,KGZ,2009,0.3359,0,0,0.298,0,NA,1,0,0,0,0,0
Kyrgyzstan,KGZ,2010,0.4159,0,0,0.383,0,NA,1,0,0,0,0,0
Kyrgyzstan,KGZ,2011,0.449375,0,0,0.473,0,NA,1,0,0,0,0,0
Kyrgyzstan,KGZ,2012,0.440575,0,0,0.459,0,NA,1,0,0,0,0,0
Kyrgyzstan,KGZ,2013,0.457125,0,0,0.446,0,NA,1,0,0,0,0,0
Kyrgyzstan,KGZ,2014,0.457125,0,0,0.445,0,NA,1,0,0,0,0,0
Kyrgyzstan,KGZ,2015,0.43795,0,0,0.456,0,NA,1,0,0,0,0,0
Kyrgyzstan,KGZ,2016,0.4533,0,0,0.452,0,NA,1,0,0,0,0,0
Kyrgyzstan,KGZ,2017,0.457575,0,0,0.453,0,NA,1,0,0,0,0,0
Kyrgyzstan,KGZ,2018,0.46905,0,0,0.467,0,NA,1,0,0,0,0,0
Kyrgyzstan,KGZ,2019,0.46765,0,0,0.446,0,NA,1,0,0,0,0,0
Kyrgyzstan,KGZ,2020,0.449125,0,0,0.39,0,NA,1,0,0,0,0,0
Kyrgyzstan,KGZ,2021,0.4398,0,0,0.409,0,NA,1,0,0,0,0,0
Kyrgyzstan,KGZ,2022,0.440475,0,0,0.379,0,NA,1,0,0,0,0,0
Kyrgyzstan,KGZ,2023,0.457075,0,0,0.35,0,NA,1,0,0,0,0,0
Kyrgyzstan,KGZ,2024,0.467075,0,0,0.333,0,NA,1,0,0,0,0,0
Laos,LAO,1940,0.2317,0,0,0.034,0,NA,1,0,0,0,0,1
Laos,LAO,1941,0.2343,0,0,0.042,0,NA,1,0,0,0,0,1
Laos,LAO,1942,0.2355,0,0,0.042,0,NA,1,0,0,0,0,1
Laos,LAO,1943,0.2339,0,0,0.041,0,NA,1,0,0,0,0,1
Laos,LAO,1944,0.2361,0,0,0.045,0,NA,1,0,0,0,0,1
Laos,LAO,1945,0.2385,0,0,0.06,0,NA,1,0,0,0,0,1
Laos,LAO,1946,0.262075,0,0,0.105,0,NA,1,0,0,0,0,1
Laos,LAO,1947,0.302875,0,0,0.169,0,NA,1,0,0,0,0,1
Laos,LAO,1948,0.311475,0,0,0.195,0,NA,1,0,0,0,0,1
Laos,LAO,1949,0.302475,0,0,0.194,0,NA,1,0,0,0,0,1
Laos,LAO,1950,0.302475,0,0,0.19,0,NA,1,0,0,0,0,1
Laos,LAO,1951,0.302475,0,0,0.201,0,NA,1,0,0,0,0,1
Laos,LAO,1952,0.302475,0,0,0.202,0,NA,1,0,0,0,0,1
Laos,LAO,1953,0.342575,0,0,0.212,0,NA,1,0,0,0,0,1
Laos,LAO,1954,0.312375,0,0,0.216,0,NA,1,0,0,0,0,1
Laos,LAO,1955,0.310775,0,0,0.23,0,NA,1,0,0,0,0,1
Laos,LAO,1956,0.310775,0,0,0.229,0,NA,1,0,0,0,0,1
Laos,LAO,1957,0.3009,0,0,0.265,0,NA,1,0,0,0,0,1
Laos,LAO,1958,0.3009,0,0,0.314,0,NA,1,0,0,0,0,1
Laos,LAO,1959,0.3009,0,0,0.295,0,NA,1,0,0,0,0,1
Laos,LAO,1960,0.26795,0,0,0.27,0,NA,1,0,0,0,0,1
Laos,LAO,1961,0.26795,0,0,0.217,0,NA,1,0,0,0,0,1
Laos,LAO,1962,0.26795,0,0,0.217,0,NA,1,0,0,0,0,1
Laos,LAO,1963,0.26295,0,0,0.216,0,NA,1,0,0,0,0,1
Laos,LAO,1964,0.26295,0,0,0.22,0,NA,1,0,0,0,0,1
Laos,LAO,1965,0.26295,0,0,0.166,0,NA,1,0,0,0,0,1
Laos,LAO,1966,0.26295,0,0,0.169,0,NA,1,0,0,0,0,1
Laos,LAO,1967,0.26295,0,0,0.238,0,NA,1,0,0,0,0,1
Laos,LAO,1968,0.26295,0,0,0.238,0,NA,1,0,0,0,0,1
Laos,LAO,1969,0.26295,0,0,0.238,0,NA,1,0,0,0,0,1
Laos,LAO,1970,0.26175,0,0,0.24,0,NA,1,0,0,0,0,1
Laos,LAO,1971,0.26175,0,0,0.238,0,NA,1,0,0,0,0,1
Laos,LAO,1972,0.26175,0,0,0.234,0,NA,1,0,0,0,0,1
Laos,LAO,1973,0.26175,0,0,0.234,0,NA,1,0,0,0,0,1
Laos,LAO,1974,0.26175,0,0,0.23,0,NA,1,0,0,0,0,1
Laos,LAO,1975,0.27065,0,0,0.129,0,NA,1,0,0,0,0,1
Laos,LAO,1976,0.29725,0,0,0.069,0,NA,1,0,0,0,0,1
Laos,LAO,1977,0.29725,0,0,0.069,0,NA,1,0,0,0,0,1
Laos,LAO,1978,0.29725,0,0,0.069,0,NA,1,0,0,0,0,1
Laos,LAO,1979,0.29725,0,0,0.069,0,NA,1,0,0,0,0,1
Laos,LAO,1980,0.29725,0,0,0.069,0,NA,1,0,0,0,0,1
Laos,LAO,1981,0.29725,0,0,0.069,0,NA,1,0,0,0,0,1
Laos,LAO,1982,0.29725,0,0,0.069,0,NA,1,0,0,0,0,1
Laos,LAO,1983,0.29725,0,0,0.069,0,NA,1,0,0,0,0,1
Laos,LAO,1984,0.29725,0,0,0.069,0,NA,1,0,0,0,0,1
Laos,LAO,1985,0.29725,0,0,0.069,0,NA,1,0,0,0,0,1
Laos,LAO,1986,0.297725,0,0,0.069,0,NA,1,0,0,0,0,1
Laos,LAO,1987,0.289225,0,0,0.069,0,NA,1,0,0,0,0,1
Laos,LAO,1988,0.289225,0,0,0.069,0,NA,1,0,0,0,0,1
Laos,LAO,1989,0.289225,0,0,0.113,0,NA,1,0,0,0,0,1
Laos,LAO,1990,0.289425,0,0,0.116,0,NA,1,0,0,0,0,1
Laos,LAO,1991,0.301225,0,0,0.085,0,NA,1,0,0,0,0,1
Laos,LAO,1992,0.296425,0,0,0.085,0,NA,1,0,0,0,0,1
Laos,LAO,1993,0.294025,0,0,0.085,0,NA,1,0,0,0,0,1
Laos,LAO,1994,0.288025,0,0,0.085,0,NA,1,0,0,0,0,1
Laos,LAO,1995,0.288025,0,0,0.085,0,NA,1,0,0,0,0,1
Laos,LAO,1996,0.288025,0,0,0.085,0,NA,1,0,0,0,0,1
Laos,LAO,1997,0.288025,0,0,0.086,0,NA,1,0,0,0,0,1
Laos,LAO,1998,0.288025,0,0,0.087,0,NA,1,0,0,0,0,1
Laos,LAO,1999,0.288025,0,0,0.087,0,NA,1,0,0,0,0,1
Laos,LAO,2000,0.288025,0,0,0.087,0,NA,1,0,0,0,0,1
Laos,LAO,2001,0.288025,0,0,0.087,0,NA,1,0,0,0,0,1
Laos,LAO,2002,0.284375,0,0,0.091,0,NA,1,0,0,0,0,1
Laos,LAO,2003,0.284375,0,0,0.091,0,NA,1,0,0,0,0,1
Laos,LAO,2004,0.284375,0,0,0.091,0,NA,1,0,0,0,0,1
Laos,LAO,2005,0.284375,0,0,0.091,0,NA,1,0,0,0,0,1
Laos,LAO,2006,0.284375,0,0,0.091,0,NA,1,0,0,0,0,1
Laos,LAO,2007,0.284375,0,0,0.091,0,NA,1,0,0,0,0,1
Laos,LAO,2008,0.284375,0,0,0.091,0,NA,1,0,0,0,0,1
Laos,LAO,2009,0.284375,0,0,0.091,0,NA,1,0,0,0,0,1
Laos,LAO,2010,0.28095,0,0,0.091,0,NA,1,0,0,0,0,1
Laos,LAO,2011,0.28095,0,0,0.09,0,NA,1,0,0,0,0,1
Laos,LAO,2012,0.28095,0,0,0.09,0,NA,1,0,0,0,0,1
Laos,LAO,2013,0.28015,0,0,0.091,0,NA,1,0,0,0,0,1
Laos,LAO,2014,0.28015,0,0,0.091,0,NA,1,0,0,0,0,1
Laos,LAO,2015,0.28015,0,0,0.09,0,NA,1,0,0,0,0,1
Laos,LAO,2016,0.28015,0,0,0.094,0,NA,1,0,0,0,0,1
Laos,LAO,2017,0.29115,0,0,0.125,0,NA,1,0,0,0,0,1
Laos,LAO,2018,0.3031,0,0,0.126,0,NA,1,0,0,0,0,1
Laos,LAO,2019,0.3182,0,0,0.127,0,NA,1,0,0,0,0,1
Laos,LAO,2020,0.349875,0,0,0.126,0,NA,1,0,0,0,0,1
Laos,LAO,2021,0.33135,0,0,0.134,0,NA,1,0,0,0,0,1
Laos,LAO,2022,0.345775,0,0,0.134,0,NA,1,0,0,0,0,1
Laos,LAO,2023,0.322175,0,0,0.132,0,NA,1,0,0,0,0,1
Laos,LAO,2024,0.34335,0,0,0.134,0,NA,1,0,0,0,0,1
Libya,LBY,1940,0.19445,0,0,0.014,NA,NA,1,0,0,0,1,0
Libya,LBY,1941,0.20585,0,0,0.014,NA,NA,1,0,0,0,1,0
Libya,LBY,1951,0.45985,0,0,0.06,NA,NA,1,0,0,0,1,0
Libya,LBY,1952,0.45985,0,0,0.071,NA,NA,1,0,0,0,1,0
Libya,LBY,1953,0.46425,0,0,0.067,NA,NA,1,0,0,0,1,0
Libya,LBY,1954,0.462675,0,0,0.067,NA,NA,1,0,0,0,1,0
Libya,LBY,1955,0.464875,0,0,0.067,NA,NA,1,0,0,0,1,0
Libya,LBY,1956,0.469075,0,0,0.102,NA,NA,1,0,0,0,1,0
Libya,LBY,1957,0.469075,0,0,0.103,NA,NA,1,0,0,0,1,0
Libya,LBY,1958,0.469075,0,0,0.103,NA,NA,1,0,0,0,1,0
Libya,LBY,1959,0.469075,0,0,0.103,NA,NA,1,0,0,0,1,0
Libya,LBY,1960,0.469075,0,0,0.105,NA,NA,1,0,0,0,1,0
Libya,LBY,1961,0.469075,0,0,0.105,NA,NA,1,0,0,0,1,0
Libya,LBY,1962,0.469075,0,0,0.105,NA,NA,1,0,0,0,1,0
Libya,LBY,1963,0.469075,0,0,0.136,NA,NA,1,0,0,0,1,0
Libya,LBY,1964,0.469075,0,0,0.136,NA,NA,1,0,0,0,1,0
Libya,LBY,1965,0.469075,0,0,0.14,NA,NA,1,0,0,0,1,0
Libya,LBY,1966,0.469075,0,0,0.142,NA,NA,1,0,0,0,1,0
Libya,LBY,1967,0.469075,0,0,0.141,NA,NA,1,0,0,0,1,0
Libya,LBY,1968,0.46015,0,0,0.141,NA,NA,1,0,0,0,1,0
Libya,LBY,1969,0.41557500000000003,0,0,0.087,NA,NA,1,0,0,0,1,0
Libya,LBY,1970,0.234475,0,0,0.072,NA,NA,1,0,0,0,1,0
Libya,LBY,1971,0.204675,0,0,0.072,NA,NA,1,0,0,0,1,0
Libya,LBY,1972,0.204675,0,0,0.072,NA,NA,1,0,0,0,1,0
Libya,LBY,1973,0.204475,0,0,0.072,NA,NA,1,0,0,0,1,0
Libya,LBY,1974,0.208075,0,0,0.072,NA,NA,1,0,0,0,1,0
Libya,LBY,1975,0.203675,0,0,0.072,NA,NA,1,0,0,0,1,0
Libya,LBY,1976,0.203675,0,0,0.072,NA,NA,1,0,0,0,1,0
Libya,LBY,1977,0.203675,0,0,0.072,NA,NA,1,0,0,0,1,0
Libya,LBY,1978,0.203675,0,0,0.072,NA,NA,1,0,0,0,1,0
Libya,LBY,1979,0.203675,0,0,0.072,NA,NA,1,0,0,0,1,0
Libya,LBY,1980,0.203875,0,0,0.072,NA,NA,1,0,0,0,1,0
Libya,LBY,1981,0.203275,0,0,0.072,NA,NA,1,0,0,0,1,0
Libya,LBY,1982,0.203275,0,0,0.072,NA,NA,1,0,0,0,1,0
Libya,LBY,1983,0.203275,0,0,0.072,NA,NA,1,0,0,0,1,0
Libya,LBY,1984,0.203275,0,0,0.072,NA,NA,1,0,0,0,1,0
Libya,LBY,1985,0.203275,0,0,0.072,NA,NA,1,0,0,0,1,0
Libya,LBY,1986,0.203675,0,0,0.072,NA,NA,1,0,0,0,1,0
Libya,LBY,1987,0.203675,0,0,0.072,NA,NA,1,0,0,0,1,0
Libya,LBY,1988,0.203675,0,0,0.072,NA,NA,1,0,0,0,1,0
Libya,LBY,1989,0.203875,0,0,0.072,NA,NA,1,0,0,0,1,0
Libya,LBY,1990,0.203875,0,0,0.072,NA,NA,1,0,0,0,1,0
Libya,LBY,1991,0.203875,0,0,0.072,NA,NA,1,0,0,0,1,0
Libya,LBY,1992,0.203875,0,0,0.072,NA,NA,1,0,0,0,1,0
Libya,LBY,1993,0.203875,0,0,0.072,NA,NA,1,0,0,0,1,0
Libya,LBY,1994,0.203875,0,0,0.072,NA,NA,1,0,0,0,1,0
Libya,LBY,1995,0.203875,0,0,0.072,NA,NA,1,0,0,0,1,0
Libya,LBY,1996,0.203875,0,0,0.072,NA,NA,1,0,0,0,1,0
Libya,LBY,1997,0.203875,0,0,0.072,NA,NA,1,0,0,0,1,0
Libya,LBY,1998,0.203875,0,0,0.072,NA,NA,1,0,0,0,1,0
Libya,LBY,1999,0.203875,0,0,0.072,NA,NA,1,0,0,0,1,0
Libya,LBY,2000,0.203875,0,0,0.072,NA,NA,1,0,0,0,1,0
Libya,LBY,2001,0.203875,0,0,0.072,NA,NA,1,0,0,0,1,0
Libya,LBY,2002,0.203875,0,0,0.072,NA,NA,1,0,0,0,1,0
Libya,LBY,2003,0.201475,0,0,0.072,NA,NA,1,0,0,0,1,0
Libya,LBY,2004,0.201475,0,0,0.072,NA,NA,1,0,0,0,1,0
Libya,LBY,2005,0.201475,0,0,0.072,NA,NA,1,0,0,0,1,0
Libya,LBY,2006,0.201475,0,0,0.072,NA,NA,1,0,0,0,1,0
Libya,LBY,2007,0.201475,0,0,0.072,NA,NA,1,0,0,0,1,0
Libya,LBY,2008,0.201475,0,0,0.072,NA,NA,1,0,0,0,1,0
Libya,LBY,2009,0.201475,0,0,0.072,NA,NA,1,0,0,0,1,0
Libya,LBY,2010,0.202275,0,0,0.072,NA,NA,1,0,0,0,1,0
Libya,LBY,2011,0.187125,0,0,0.176,NA,NA,1,0,0,0,1,0
Libya,LBY,2012,0.2867,0,0,0.33,NA,NA,1,0,0,0,1,0
Libya,LBY,2013,0.242275,1,NA,0.541,NA,NA,1,0,0,0,1,0
Libya,LBY,2014,0.206575,0,0,0.28,NA,NA,1,0,0,0,1,0
Libya,LBY,2015,0.2207,0,0,0.284,NA,NA,1,0,0,0,1,0
Libya,LBY,2016,0.2115,0,0,0.284,NA,NA,1,0,0,0,1,0
Libya,LBY,2017,0.18935,0,0,0.273,NA,NA,1,0,0,0,1,0
Libya,LBY,2018,0.140775,0,0,0.267,NA,NA,1,0,0,0,1,0
Libya,LBY,2019,0.136175,0,0,0.265,NA,NA,1,0,0,0,1,0
Libya,LBY,2020,0.137975,0,0,0.265,NA,NA,1,0,0,0,1,0
Libya,LBY,2021,0.135975,0,0,0.218,NA,NA,1,0,0,0,1,0
Libya,LBY,2022,0.18335,0,0,0.207,NA,NA,1,0,0,0,1,0
Libya,LBY,2023,0.16795,0,0,0.196,NA,NA,1,0,0,0,1,0
Libya,LBY,2024,0.17315,0,0,0.196,NA,NA,1,0,0,0,1,0
Madagascar,MDG,1940,0.426425,0,0,0.027,NA,NA,1,0,0,0,1,0
Madagascar,MDG,1941,0.426425,0,0,0.027,NA,NA,1,0,0,0,1,0
Madagascar,MDG,1942,0.426425,0,0,0.027,NA,NA,1,0,0,0,1,0
Madagascar,MDG,1943,0.426425,0,0,0.027,NA,NA,1,0,0,0,1,0
Madagascar,MDG,1944,0.426425,0,0,0.027,NA,NA,1,0,0,0,1,0
Madagascar,MDG,1945,0.4207,0,0,0.031,NA,NA,1,0,0,0,1,0
Madagascar,MDG,1946,0.4207,0,0,0.084,NA,NA,1,0,0,0,1,0
Madagascar,MDG,1947,0.4359,0,0,0.054,NA,NA,1,0,0,0,1,0
Madagascar,MDG,1948,0.4431,0,0,0.05,NA,NA,1,0,0,0,1,0
Madagascar,MDG,1949,0.4431,0,0,0.05,NA,NA,1,0,0,0,1,0
Madagascar,MDG,1950,0.4431,0,0,0.05,NA,NA,1,0,0,0,1,0
Madagascar,MDG,1951,0.4431,0,0,0.05,NA,NA,1,0,0,0,1,0
Madagascar,MDG,1952,0.4431,0,0,0.056,NA,NA,1,0,0,0,1,0
Madagascar,MDG,1953,0.4431,0,0,0.056,NA,NA,1,0,0,0,1,0
Madagascar,MDG,1954,0.4431,0,0,0.056,NA,NA,1,0,0,0,1,0
Madagascar,MDG,1955,0.4431,0,0,0.056,NA,NA,1,0,0,0,1,0
Madagascar,MDG,1956,0.4431,0,0,0.063,NA,NA,1,0,0,0,1,0
Madagascar,MDG,1957,0.4431,0,0,0.132,NA,NA,1,0,0,0,1,0
Madagascar,MDG,1958,0.4431,0,0,0.132,NA,NA,1,0,0,0,1,0
Madagascar,MDG,1959,0.4171,0,0,0.136,NA,NA,1,0,0,0,1,0
Madagascar,MDG,1960,0.405825,0,0,0.15,NA,NA,1,0,0,0,1,0
Madagascar,MDG,1961,0.43285,0,0,0.18,NA,NA,1,0,0,0,1,0
Madagascar,MDG,1962,0.43285,0,0,0.254,NA,NA,1,0,0,0,1,0
Madagascar,MDG,1963,0.43285,0,0,0.254,NA,NA,1,0,0,0,1,0
Madagascar,MDG,1964,0.43285,0,0,0.254,NA,NA,1,0,0,0,1,0
Madagascar,MDG,1965,0.43285,0,0,0.25,NA,NA,1,0,0,0,1,0
Madagascar,MDG,1966,0.43285,0,0,0.249,NA,NA,1,0,0,0,1,0
Madagascar,MDG,1967,0.43285,0,0,0.249,NA,NA,1,0,0,0,1,0
Madagascar,MDG,1968,0.43285,0,0,0.249,NA,NA,1,0,0,0,1,0
Madagascar,MDG,1969,0.43285,0,0,0.249,NA,NA,1,0,0,0,1,0
Madagascar,MDG,1970,0.43225,0,0,0.249,NA,NA,1,0,0,0,1,0
Madagascar,MDG,1971,0.43225,0,0,0.254,NA,NA,1,0,0,0,1,0
Madagascar,MDG,1972,0.42625,0,0,0.191,NA,NA,1,0,0,0,1,0
Madagascar,MDG,1973,0.41665,0,0,0.148,NA,NA,1,0,0,0,1,0
Madagascar,MDG,1974,0.41665,0,0,0.148,NA,NA,1,0,0,0,1,0
Madagascar,MDG,1975,0.372075,0,0,0.151,NA,NA,1,0,0,0,1,0
Madagascar,MDG,1976,0.315825,0,0,0.201,NA,NA,1,0,0,0,1,0
Madagascar,MDG,1977,0.315825,0,0,0.2,NA,NA,1,0,0,0,1,0
Madagascar,MDG,1978,0.315025,0,0,0.199,NA,NA,1,0,0,0,1,0
Madagascar,MDG,1979,0.315025,0,0,0.199,NA,NA,1,0,0,0,1,0
Madagascar,MDG,1980,0.315025,0,0,0.198,NA,NA,1,0,0,0,1,0
Madagascar,MDG,1981,0.315025,0,0,0.2,NA,NA,1,0,0,0,1,0
Madagascar,MDG,1982,0.315025,0,0,0.2,NA,NA,1,0,0,0,1,0
Madagascar,MDG,1983,0.315025,0,0,0.197,NA,NA,1,0,0,0,1,0
Madagascar,MDG,1984,0.315025,0,0,0.196,NA,NA,1,0,0,0,1,0
Madagascar,MDG,1985,0.315025,0,0,0.2,NA,NA,1,0,0,0,1,0
Madagascar,MDG,1986,0.315025,0,0,0.2,NA,NA,1,0,0,0,1,0
Madagascar,MDG,1987,0.321425,0,0,0.205,NA,NA,1,0,0,0,1,0
Madagascar,MDG,1988,0.321425,0,0,0.213,NA,NA,1,0,0,0,1,0
Madagascar,MDG,1989,0.321425,0,0,0.219,NA,NA,1,0,0,0,1,0
Madagascar,MDG,1990,0.324425,0,0,0.234,NA,NA,1,0,0,0,1,0
Madagascar,MDG,1991,0.331025,0,0,0.249,NA,NA,1,0,0,0,1,0
Madagascar,MDG,1992,0.4054,0,0,0.285,NA,NA,1,0,0,0,1,0
Madagascar,MDG,1993,0.4054,0,0,0.442,NA,NA,1,0,0,0,1,0
Madagascar,MDG,1994,0.4054,1,0.6931471805599453,0.557,NA,NA,1,0,0,0,1,0
Madagascar,MDG,1995,0.4002,0,0.6931471805599453,0.557,NA,NA,1,0,0,0,1,0
Madagascar,MDG,1996,0.4002,0,0.6931471805599453,0.549,NA,NA,1,0,0,0,1,0
Madagascar,MDG,1997,0.3805,0,0.6931471805599453,0.508,NA,NA,1,0,0,0,1,0
Madagascar,MDG,1998,0.3703,0,0.6931471805599453,0.509,NA,NA,1,0,0,0,1,0
Madagascar,MDG,1999,0.3703,0,0.6931471805599453,0.508,NA,NA,1,0,0,0,1,0
Madagascar,MDG,2000,0.379525,0,0.6931471805599453,0.503,NA,NA,1,0,0,0,1,0
Madagascar,MDG,2001,0.374375,0,0,0.498,NA,NA,1,0,0,0,1,0
Madagascar,MDG,2002,0.4168,0,0,0.427,NA,NA,1,0,0,0,1,0
Madagascar,MDG,2003,0.4258,0,0,0.488,NA,NA,1,0,0,0,1,0
Madagascar,MDG,2004,0.4272,0,0,0.488,NA,NA,1,0,0,0,1,0
Madagascar,MDG,2005,0.4272,0,0,0.488,NA,NA,1,0,0,0,1,0
Madagascar,MDG,2006,0.4272,0,0,0.48,NA,NA,1,0,0,0,1,0
Madagascar,MDG,2007,0.4452,0,0,0.488,NA,NA,1,0,0,0,1,0
Madagascar,MDG,2008,0.4362,0,0,0.497,NA,NA,1,0,0,0,1,0
Madagascar,MDG,2009,0.2349,0,0,0.276,NA,NA,1,0,0,0,1,0
Madagascar,MDG,2010,0.239175,0,0,0.226,NA,NA,1,0,0,0,1,0
Madagascar,MDG,2011,0.243375,0,0,0.226,NA,NA,1,0,0,0,1,0
Madagascar,MDG,2012,0.243375,0,0,0.226,NA,NA,1,0,0,0,1,0
Madagascar,MDG,2013,0.262475,0,0,0.252,NA,NA,1,0,0,0,1,0
Madagascar,MDG,2014,0.32425,0,0,0.449,NA,NA,1,0,0,0,1,0
Madagascar,MDG,2015,0.33945,0,0,0.469,NA,NA,1,0,0,0,1,0
Madagascar,MDG,2016,0.33945,0,0,0.474,NA,NA,1,0,0,0,1,0
Madagascar,MDG,2017,0.341525,0,0,0.473,NA,NA,1,0,0,0,1,0
Madagascar,MDG,2018,0.380725,0,0,0.492,NA,NA,1,0,0,0,1,0
Madagascar,MDG,2019,0.360175,0,0,0.494,NA,NA,1,0,0,0,1,0
Madagascar,MDG,2020,0.35265,1,1.0986122886681096,0.501,NA,NA,1,0,0,0,1,0
Madagascar,MDG,2021,0.35245,0,0,0.494,NA,NA,1,0,0,0,1,0
Madagascar,MDG,2022,0.35245,0,0,0.497,NA,NA,1,0,0,0,1,0
Madagascar,MDG,2023,0.3476,0,0,0.479,NA,NA,1,0,0,0,1,0
Madagascar,MDG,2024,0.332025,0,0,0.417,NA,NA,1,0,0,0,1,0
Moldova,MDA,1990,0.44905,0,0,0.424,0,NA,1,0,0,0,0,0
Moldova,MDA,1991,0.45565,0,0,0.461,0,NA,1,0,0,0,0,0
Moldova,MDA,1992,0.44465,0,0,0.498,0,NA,1,0,0,0,0,0
Moldova,MDA,1993,0.44465,1,0.6931471805599453,0.504,1.3862943611198906,NA,1,0,0,0,0,0
Moldova,MDA,1994,0.46065,0,0.6931471805599453,0.57,1.6094379124341003,NA,1,0,0,0,0,0
Moldova,MDA,1995,0.478575,0,0.6931471805599453,0.587,1.791759469228055,NA,1,0,0,0,0,0
Moldova,MDA,1996,0.478575,0,0.6931471805599453,0.586,1.9459101490553132,NA,1,0,0,0,0,0
Moldova,MDA,1997,0.478575,0,0.6931471805599453,0.59,2.0794415416798357,NA,1,0,0,0,0,0
Moldova,MDA,1998,0.476975,0,0.6931471805599453,0.582,2.1972245773362196,NA,1,0,0,0,0,0
Moldova,MDA,1999,0.518225,0,0.6931471805599453,0.583,2.302585092994046,NA,1,0,0,0,0,0
Moldova,MDA,2000,0.52755,0,0.6931471805599453,0.575,2.3978952727983707,NA,1,0,0,0,0,0
Moldova,MDA,2001,0.5074,0,0.6931471805599453,0.505,2.4849066497880004,NA,1,0,0,0,0,0
Moldova,MDA,2002,0.4896,0,0,0.499,0,NA,1,0,0,0,0,0
Moldova,MDA,2003,0.4896,0,0,0.499,0,NA,1,0,0,0,0,0
Moldova,MDA,2004,0.4896,1,1.0986122886681096,0.503,2.5649493574615367,NA,1,0,0,0,0,0
Moldova,MDA,2005,0.4902,0,0,0.444,0,NA,1,0,0,0,0,0
Moldova,MDA,2006,0.4914,0,0,0.433,0,NA,1,0,0,0,0,0
Moldova,MDA,2007,0.4908,0,0,0.431,0,NA,1,0,0,0,0,0
Moldova,MDA,2008,0.4916,0,0,0.431,0,NA,1,0,0,0,0,0
Moldova,MDA,2009,0.50045,0,0,0.451,0,NA,1,0,0,0,0,0
Moldova,MDA,2010,0.615825,1,1.3862943611198906,0.6,2.833213344056216,NA,1,0,0,0,0,0
Moldova,MDA,2011,0.6176,0,1.3862943611198906,0.668,2.8903717578961645,NA,1,0,0,0,0,0
Moldova,MDA,2012,0.6262,0,1.3862943611198906,0.659,2.9444389791664403,NA,1,0,0,0,0,0
Moldova,MDA,2013,0.570825,0,1.3862943611198906,0.626,2.995732273553991,NA,1,0,0,0,0,0
Moldova,MDA,2014,0.570825,0,1.3862943611198906,0.617,3.044522437723423,NA,1,0,0,0,0,0
Moldova,MDA,2015,0.549425,0,1.3862943611198906,0.566,3.091042453358316,NA,1,0,0,0,0,0
Moldova,MDA,2016,0.510925,0,1.3862943611198906,0.525,3.1354942159291497,NA,1,0,0,0,0,0
Moldova,MDA,2017,0.524525,0,1.3862943611198906,0.505,3.1780538303479458,NA,1,0,0,0,0,0
Moldova,MDA,2018,0.5178,0,1.3862943611198906,0.504,3.2188758248682006,NA,1,0,0,0,0,0
Moldova,MDA,2019,0.5498,0,1.3862943611198906,0.58,3.258096538021482,NA,1,0,0,0,0,0
Moldova,MDA,2020,0.596675,0,1.3862943611198906,0.651,3.295836866004329,NA,1,0,0,0,0,0
Moldova,MDA,2021,0.665075,0,1.3862943611198906,0.755,3.332204510175204,NA,1,0,0,0,0,0
Moldova,MDA,2022,0.716125,0,1.3862943611198906,0.763,3.367295829986474,NA,1,0,0,0,0,0
Moldova,MDA,2023,0.705525,0,1.3862943611198906,0.709,3.4011973816621555,NA,1,0,0,0,0,0
Moldova,MDA,2024,0.69145,0,1.3862943611198906,0.632,3.4339872044851463,NA,1,0,0,0,0,0
Namibia,NAM,1940,0.394125,0,0,0.059,0,NA,1,0,0,0,1,0
Namibia,NAM,1941,0.394125,0,0,0.059,0,NA,1,0,0,0,1,0
Namibia,NAM,1942,0.394125,0,0,0.059,0,NA,1,0,0,0,1,0
Namibia,NAM,1943,0.394125,0,0,0.059,0,NA,1,0,0,0,1,0
Namibia,NAM,1944,0.394125,0,0,0.059,0,NA,1,0,0,0,1,0
Namibia,NAM,1945,0.394125,0,0,0.06,0,NA,1,0,0,0,1,0
Namibia,NAM,1946,0.394125,0,0,0.06,0,NA,1,0,0,0,1,0
Namibia,NAM,1947,0.394125,0,0,0.06,0,NA,1,0,0,0,1,0
Namibia,NAM,1948,0.394125,0,0,0.057,0,NA,1,0,0,0,1,0
Namibia,NAM,1949,0.388225,0,0,0.057,0,NA,1,0,0,0,1,0
Namibia,NAM,1950,0.388225,0,0,0.057,0,NA,1,0,0,0,1,0
Namibia,NAM,1951,0.388225,0,0,0.058,0,NA,1,0,0,0,1,0
Namibia,NAM,1952,0.388225,0,0,0.058,0,NA,1,0,0,0,1,0
Namibia,NAM,1953,0.388225,0,0,0.058,0,NA,1,0,0,0,1,0
Namibia,NAM,1954,0.388225,0,0,0.058,0,NA,1,0,0,0,1,0
Namibia,NAM,1955,0.388225,0,0,0.058,0,NA,1,0,0,0,1,0
Namibia,NAM,1956,0.388225,0,0,0.058,0,NA,1,0,0,0,1,0
Namibia,NAM,1957,0.388225,0,0,0.058,0,NA,1,0,0,0,1,0
Namibia,NAM,1958,0.388225,0,0,0.058,0,NA,1,0,0,0,1,0
Namibia,NAM,1959,0.388225,0,0,0.058,0,NA,1,0,0,0,1,0
Namibia,NAM,1960,0.388225,0,0,0.063,0,NA,1,0,0,0,1,0
Namibia,NAM,1961,0.388225,0,0,0.062,0,NA,1,0,0,0,1,0
Namibia,NAM,1962,0.388225,0,0,0.061,0,NA,1,0,0,0,1,0
Namibia,NAM,1963,0.388225,0,0,0.061,0,NA,1,0,0,0,1,0
Namibia,NAM,1964,0.388225,0,0,0.061,0,NA,1,0,0,0,1,0
Namibia,NAM,1965,0.388225,0,0,0.062,0,NA,1,0,0,0,1,0
Namibia,NAM,1966,0.388225,0,0,0.067,0,NA,1,0,0,0,1,0
Namibia,NAM,1967,0.388225,0,0,0.067,0,NA,1,0,0,0,1,0
Namibia,NAM,1968,0.388225,0,0,0.067,0,NA,1,0,0,0,1,0
Namibia,NAM,1969,0.388225,0,0,0.067,0,NA,1,0,0,0,1,0
Namibia,NAM,1970,0.388225,0,0,0.064,0,NA,1,0,0,0,1,0
Namibia,NAM,1971,0.388225,0,0,0.062,0,NA,1,0,0,0,1,0
Namibia,NAM,1972,0.388225,0,0,0.062,0,NA,1,0,0,0,1,0
Namibia,NAM,1973,0.388225,0,0,0.062,0,NA,1,0,0,0,1,0
Namibia,NAM,1974,0.388225,0,0,0.063,0,NA,1,0,0,0,1,0
Namibia,NAM,1975,0.388225,0,0,0.064,0,NA,1,0,0,0,1,0
Namibia,NAM,1976,0.388225,0,0,0.068,0,NA,1,0,0,0,1,0
Namibia,NAM,1977,0.388225,0,0,0.069,0,NA,1,0,0,0,1,0
Namibia,NAM,1978,0.388225,0,0,0.069,0,NA,1,0,0,0,1,0
Namibia,NAM,1979,0.388225,0,0,0.07,0,NA,1,0,0,0,1,0
Namibia,NAM,1980,0.391175,0,0,0.089,0,NA,1,0,0,0,1,0
Namibia,NAM,1981,0.391175,0,0,0.089,0,NA,1,0,0,0,1,0
Namibia,NAM,1982,0.391175,0,0,0.089,0,NA,1,0,0,0,1,0
Namibia,NAM,1983,0.391175,0,0,0.071,0,NA,1,0,0,0,1,0
Namibia,NAM,1984,0.391175,0,0,0.07,0,NA,1,0,0,0,1,0
Namibia,NAM,1985,0.4039,0,0,0.081,0,NA,1,0,0,0,1,0
Namibia,NAM,1986,0.4057,0,0,0.081,0,NA,1,0,0,0,1,0
Namibia,NAM,1987,0.4057,0,0,0.081,0,NA,1,0,0,0,1,0
Namibia,NAM,1988,0.4105,0,0,0.08,0,NA,1,0,0,0,1,0
Namibia,NAM,1989,0.4248,0,0,0.184,0,NA,1,0,0,0,1,0
Namibia,NAM,1990,0.71015,1,0.6931471805599453,0.527,4.51085950651685,NA,1,0,0,0,1,0
Namibia,NAM,1991,0.761925,0,0.6931471805599453,0.592,4.5217885770490405,NA,1,0,0,0,1,0
Namibia,NAM,1992,0.761925,0,0.6931471805599453,0.592,4.532599493153256,NA,1,0,0,0,1,0
Namibia,NAM,1993,0.761925,0,0.6931471805599453,0.592,4.543294782270004,NA,1,0,0,0,1,0
Namibia,NAM,1994,0.761925,0,0.6931471805599453,0.592,4.553876891600541,NA,1,0,0,0,1,0
Namibia,NAM,1995,0.761925,0,0.6931471805599453,0.67,4.564348191467836,NA,1,0,0,0,1,0
Namibia,NAM,1996,0.761925,0,0.6931471805599453,0.67,4.574710978503383,NA,1,0,0,0,1,0
Namibia,NAM,1997,0.761925,0,0.6931471805599453,0.67,4.584967478670572,NA,1,0,0,0,1,0
Namibia,NAM,1998,0.761925,0,0.6931471805599453,0.67,4.59511985013459,NA,1,0,0,0,1,0
Namibia,NAM,1999,0.761925,0,0.6931471805599453,0.669,4.605170185988092,NA,1,0,0,0,1,0
Namibia,NAM,2000,0.769925,0,0.6931471805599453,0.653,4.61512051684126,NA,1,0,0,0,1,0
Namibia,NAM,2001,0.769925,0,0.6931471805599453,0.649,4.624972813284271,NA,1,0,0,0,1,0
Namibia,NAM,2002,0.768325,0,0.6931471805599453,0.649,4.634728988229636,NA,1,0,0,0,1,0
Namibia,NAM,2003,0.770325,0,0.6931471805599453,0.645,4.6443908991413725,NA,1,0,0,0,1,0
Namibia,NAM,2004,0.768125,0,0.6931471805599453,0.652,4.653960350157523,NA,1,0,0,0,1,0
Namibia,NAM,2005,0.770125,0,0.6931471805599453,0.663,4.663439094112067,NA,1,0,0,0,1,0
Namibia,NAM,2006,0.770125,0,0.6931471805599453,0.661,4.672828834461906,NA,1,0,0,0,1,0
Namibia,NAM,2007,0.770125,0,0.6931471805599453,0.656,4.68213122712422,NA,1,0,0,0,1,0
Namibia,NAM,2008,0.770125,0,0.6931471805599453,0.661,4.6913478822291435,NA,1,0,0,0,1,0
Namibia,NAM,2009,0.770125,0,0.6931471805599453,0.654,4.700480365792417,NA,1,0,0,0,1,0
Namibia,NAM,2010,0.7749,0,0.6931471805599453,0.635,4.709530201312334,NA,1,0,0,0,1,0
Namibia,NAM,2011,0.7751,0,0.6931471805599453,0.647,4.718498871295094,NA,1,0,0,0,1,0
Namibia,NAM,2012,0.7753,0,0.6931471805599453,0.647,4.727387818712341,NA,1,0,0,0,1,0
Namibia,NAM,2013,0.7747,0,0.6931471805599453,0.647,4.736198448394496,NA,1,0,0,0,1,0
Namibia,NAM,2014,0.7747,0,0.6931471805599453,0.659,4.74493212836325,NA,1,0,0,0,1,0
Namibia,NAM,2015,0.7745,0,0.6931471805599453,0.705,4.7535901911063645,NA,1,0,0,0,1,0
Namibia,NAM,2016,0.7745,0,0.6931471805599453,0.712,4.762173934797756,NA,1,0,0,0,1,0
Namibia,NAM,2017,0.765225,0,0.6931471805599453,0.709,4.770684624465665,NA,1,0,0,0,1,0
Namibia,NAM,2018,0.781175,0,0.6931471805599453,0.683,4.77912349311153,NA,1,0,0,0,1,0
Namibia,NAM,2019,0.7585,0,0.6931471805599453,0.648,4.787491742782046,NA,1,0,0,0,1,0
Namibia,NAM,2020,0.7432,0,0.6931471805599453,0.634,4.795790545596741,NA,1,0,0,0,1,0
Namibia,NAM,2021,0.7409,0,0.6931471805599453,0.624,4.804021044733257,NA,1,0,0,0,1,0
Namibia,NAM,2022,0.7373,0,0.6931471805599453,0.63,4.812184355372417,NA,1,0,0,0,1,0
Namibia,NAM,2023,0.7399,0,0.6931471805599453,0.627,4.820281565605037,NA,1,0,0,0,1,0
Namibia,NAM,2024,0.7681,0,0.6931471805599453,0.623,4.8283137373023015,NA,1,0,0,0,1,0
Palestine/West Bank,PSE,1948,0.37415,0,0,0.049,0,NA,1,0,0,0,1,0
Palestine/West Bank,PSE,1949,0.389175,0,0,0.051,0,NA,1,0,0,0,1,0
Palestine/West Bank,PSE,1967,0.306425,0,0,0.052,0,NA,1,0,0,0,1,0
Palestine/West Bank,PSE,1968,0.295725,0,0,0.049,0,NA,1,0,0,0,1,0
Palestine/West Bank,PSE,1969,0.295725,0,0,0.049,0,NA,1,0,0,0,1,0
Palestine/West Bank,PSE,1970,0.309775,0,0,0.084,0,NA,1,0,0,0,1,0
Palestine/West Bank,PSE,1971,0.309775,0,0,0.084,0,NA,1,0,0,0,1,0
Palestine/West Bank,PSE,1972,0.309775,0,0,0.084,0,NA,1,0,0,0,1,0
Palestine/West Bank,PSE,1973,0.309775,0,0,0.086,0,NA,1,0,0,0,1,0
Palestine/West Bank,PSE,1974,0.309775,0,0,0.086,0,NA,1,0,0,0,1,0
Palestine/West Bank,PSE,1975,0.309775,0,0,0.086,0,NA,1,0,0,0,1,0
Palestine/West Bank,PSE,1976,0.309775,0,0,0.086,0,NA,1,0,0,0,1,0
Palestine/West Bank,PSE,1977,0.309775,0,0,0.086,0,NA,1,0,0,0,1,0
Palestine/West Bank,PSE,1978,0.309775,0,0,0.086,0,NA,1,0,0,0,1,0
Palestine/West Bank,PSE,1979,0.309775,0,0,0.086,0,NA,1,0,0,0,1,0
Palestine/West Bank,PSE,1980,0.309775,0,0,0.086,0,NA,1,0,0,0,1,0
Palestine/West Bank,PSE,1981,0.309775,0,0,0.089,0,NA,1,0,0,0,1,0
Palestine/West Bank,PSE,1982,0.309775,0,0,0.089,0,NA,1,0,0,0,1,0
Palestine/West Bank,PSE,1983,0.309775,0,0,0.089,0,NA,1,0,0,0,1,0
Palestine/West Bank,PSE,1984,0.309775,0,0,0.087,0,NA,1,0,0,0,1,0
Palestine/West Bank,PSE,1985,0.309775,0,0,0.087,0,NA,1,0,0,0,1,0
Palestine/West Bank,PSE,1986,0.309775,0,0,0.087,0,NA,1,0,0,0,1,0
Palestine/West Bank,PSE,1987,0.309775,0,0,0.082,0,NA,1,0,0,0,1,0
Palestine/West Bank,PSE,1988,0.309775,0,0,0.082,0,NA,1,0,0,0,1,0
Palestine/West Bank,PSE,1989,0.309775,0,0,0.082,0,NA,1,0,0,0,1,0
Palestine/West Bank,PSE,1990,0.309775,0,0,0.077,0,NA,1,0,0,0,1,0
Palestine/West Bank,PSE,1991,0.309775,0,0,0.079,0,NA,1,0,0,0,1,0
Palestine/West Bank,PSE,1992,0.309775,0,0,0.079,0,NA,1,0,0,0,1,0
Palestine/West Bank,PSE,1993,0.322825,0,0,0.083,0,NA,1,0,0,0,1,0
Palestine/West Bank,PSE,1994,0.610125,0,0,0.157,0,NA,1,0,0,0,1,0
Palestine/West Bank,PSE,1995,0.598725,0,0,0.165,0,NA,1,0,0,0,1,0
Palestine/West Bank,PSE,1996,0.596125,0,0,0.446,0,NA,1,0,0,0,1,0
Palestine/West Bank,PSE,1997,0.596125,0,0,0.456,0,NA,1,0,0,0,1,0
Palestine/West Bank,PSE,1998,0.596125,0,0,0.471,0,NA,1,0,0,0,1,0
Palestine/West Bank,PSE,1999,0.606925,0,0,0.471,0,NA,1,0,0,0,1,0
Palestine/West Bank,PSE,2000,0.593675,0,0,0.475,0,NA,1,0,0,0,1,0
Palestine/West Bank,PSE,2001,0.593675,0,0,0.48,0,NA,1,0,0,0,1,0
Palestine/West Bank,PSE,2002,0.600875,0,0,0.477,0,NA,1,0,0,0,1,0
Palestine/West Bank,PSE,2003,0.60395,1,0.6931471805599453,0.505,3.6375861597263857,NA,1,0,0,0,1,0
Palestine/West Bank,PSE,2004,0.60585,0,0.6931471805599453,0.513,3.6635616461296463,NA,1,0,0,0,1,0
Palestine/West Bank,PSE,2005,0.6155,0,0.6931471805599453,0.536,3.6888794541139363,NA,1,0,0,0,1,0
Palestine/West Bank,PSE,2006,0.61745,0,0.6931471805599453,0.506,3.713572066704308,NA,1,0,0,0,1,0
Palestine/West Bank,PSE,2007,0.619025,0,0,0.329,0,NA,1,0,0,0,1,0
Palestine/West Bank,PSE,2008,0.621025,0,0,0.251,0,NA,1,0,0,0,1,0
Palestine/West Bank,PSE,2009,0.6293,0,0,0.245,0,NA,1,0,0,0,1,0
Palestine/West Bank,PSE,2010,0.63135,0,0,0.249,0,NA,1,0,0,0,1,0
Palestine/West Bank,PSE,2011,0.63475,0,0,0.245,0,NA,1,0,0,0,1,0
Palestine/West Bank,PSE,2012,0.63475,0,0,0.246,0,NA,1,0,0,0,1,0
Palestine/West Bank,PSE,2013,0.651075,0,0,0.249,0,NA,1,0,0,0,1,0
Palestine/West Bank,PSE,2014,0.650475,0,0,0.253,0,NA,1,0,0,0,1,0
Palestine/West Bank,PSE,2015,0.6399,0,0,0.246,0,NA,1,0,0,0,1,0
Palestine/West Bank,PSE,2016,0.6383,0,0,0.244,0,NA,1,0,0,0,1,0
Palestine/West Bank,PSE,2017,0.62535,0,0,0.256,0,NA,1,0,0,0,1,0
Palestine/West Bank,PSE,2018,0.609525,0,0,0.266,0,NA,1,0,0,0,1,0
Palestine/West Bank,PSE,2019,0.605075,0,0,0.273,0,NA,1,0,0,0,1,0
Palestine/West Bank,PSE,2020,0.604875,0,0,0.245,0,NA,1,0,0,0,1,0
Palestine/West Bank,PSE,2021,0.4824,0,0,0.238,0,NA,1,0,0,0,1,0
Palestine/West Bank,PSE,2022,0.462725,0,0,0.235,0,NA,1,0,0,0,1,0
Palestine/West Bank,PSE,2023,0.47195,0,0,0.232,0,NA,1,0,0,0,1,0
Palestine/West Bank,PSE,2024,0.507425,0,0,0.214,0,NA,1,0,0,0,1,0
Rwanda,RWA,1940,0.335275,0,0,0.015,0,NA,1,0,0,0,1,0
Rwanda,RWA,1941,0.335275,0,0,0.015,0,NA,1,0,0,0,1,0
Rwanda,RWA,1942,0.335275,0,0,0.015,0,NA,1,0,0,0,1,0
Rwanda,RWA,1943,0.335275,0,0,0.015,0,NA,1,0,0,0,1,0
Rwanda,RWA,1944,0.335275,0,0,0.016,0,NA,1,0,0,0,1,0
Rwanda,RWA,1945,0.335275,0,0,0.016,0,NA,1,0,0,0,1,0
Rwanda,RWA,1946,0.335275,0,0,0.016,0,NA,1,0,0,0,1,0
Rwanda,RWA,1947,0.335275,0,0,0.016,0,NA,1,0,0,0,1,0
Rwanda,RWA,1948,0.335275,0,0,0.016,0,NA,1,0,0,0,1,0
Rwanda,RWA,1949,0.335275,0,0,0.016,0,NA,1,0,0,0,1,0
Rwanda,RWA,1950,0.329275,0,0,0.016,0,NA,1,0,0,0,1,0
Rwanda,RWA,1951,0.329275,0,0,0.016,0,NA,1,0,0,0,1,0
Rwanda,RWA,1952,0.329275,0,0,0.016,0,NA,1,0,0,0,1,0
Rwanda,RWA,1953,0.329275,0,0,0.016,0,NA,1,0,0,0,1,0
Rwanda,RWA,1954,0.329275,0,0,0.016,0,NA,1,0,0,0,1,0
Rwanda,RWA,1955,0.329275,0,0,0.047,0,NA,1,0,0,0,1,0
Rwanda,RWA,1956,0.329275,0,0,0.051,0,NA,1,0,0,0,1,0
Rwanda,RWA,1957,0.329275,0,0,0.062,0,NA,1,0,0,0,1,0
Rwanda,RWA,1958,0.329275,0,0,0.072,0,NA,1,0,0,0,1,0
Rwanda,RWA,1959,0.3103,0,0,0.076,0,NA,1,0,0,0,1,0
Rwanda,RWA,1960,0.3579,0,0,0.087,0,NA,1,0,0,0,1,0
Rwanda,RWA,1961,0.435275,0,0,0.149,0,NA,1,0,0,0,1,0
Rwanda,RWA,1962,0.48375,0,0,0.265,0,NA,1,0,0,0,1,0
Rwanda,RWA,1963,0.55375,0,0,0.255,0,NA,1,0,0,0,1,0
Rwanda,RWA,1964,0.586,0,0,0.248,0,NA,1,0,0,0,1,0
Rwanda,RWA,1965,0.586,0,0,0.239,0,NA,1,0,0,0,1,0
Rwanda,RWA,1966,0.586,0,0,0.238,0,NA,1,0,0,0,1,0
Rwanda,RWA,1967,0.586,0,0,0.238,0,NA,1,0,0,0,1,0
Rwanda,RWA,1968,0.586,0,0,0.238,0,NA,1,0,0,0,1,0
Rwanda,RWA,1969,0.586,0,0,0.238,0,NA,1,0,0,0,1,0
Rwanda,RWA,1970,0.573525,0,0,0.241,0,NA,1,0,0,0,1,0
Rwanda,RWA,1971,0.564925,0,0,0.241,0,NA,1,0,0,0,1,0
Rwanda,RWA,1972,0.564925,0,0,0.241,0,NA,1,0,0,0,1,0
Rwanda,RWA,1973,0.58585,0,0,0.167,0,NA,1,0,0,0,1,0
Rwanda,RWA,1974,0.56445,0,0,0.089,0,NA,1,0,0,0,1,0
Rwanda,RWA,1975,0.56445,0,0,0.087,0,NA,1,0,0,0,1,0
Rwanda,RWA,1976,0.56445,0,0,0.09,0,NA,1,0,0,0,1,0
Rwanda,RWA,1977,0.56445,0,0,0.09,0,NA,1,0,0,0,1,0
Rwanda,RWA,1978,0.571625,0,0,0.094,0,NA,1,0,0,0,1,0
Rwanda,RWA,1979,0.574425,0,0,0.168,0,NA,1,0,0,0,1,0
Rwanda,RWA,1980,0.574425,0,0,0.166,0,NA,1,0,0,0,1,0
Rwanda,RWA,1981,0.574425,0,0,0.166,0,NA,1,0,0,0,1,0
Rwanda,RWA,1982,0.574425,0,0,0.21,0,NA,1,0,0,0,1,0
Rwanda,RWA,1983,0.574425,0,0,0.21,0,NA,1,0,0,0,1,0
Rwanda,RWA,1984,0.574425,0,0,0.204,0,NA,1,0,0,0,1,0
Rwanda,RWA,1985,0.574425,0,0,0.204,0,NA,1,0,0,0,1,0
Rwanda,RWA,1986,0.574425,0,0,0.204,0,NA,1,0,0,0,1,0
Rwanda,RWA,1987,0.574425,0,0,0.204,0,NA,1,0,0,0,1,0
Rwanda,RWA,1988,0.574425,0,0,0.206,0,NA,1,0,0,0,1,0
Rwanda,RWA,1989,0.574425,0,0,0.213,0,NA,1,0,0,0,1,0
Rwanda,RWA,1990,0.581375,0,0,0.219,0,NA,1,0,0,0,1,0
Rwanda,RWA,1991,0.583975,0,0,0.256,0,NA,1,0,0,0,1,0
Rwanda,RWA,1992,0.583975,0,0,0.291,0,NA,1,0,0,0,1,0
Rwanda,RWA,1993,0.583975,0,0,0.187,0,NA,1,0,0,0,1,0
Rwanda,RWA,1994,0.525675,0,0,0.143,0,NA,1,0,0,0,1,0
Rwanda,RWA,1995,0.5017,0,0,0.102,0,NA,1,0,0,0,1,0
Rwanda,RWA,1996,0.5029,0,0,0.105,0,NA,1,0,0,0,1,0
Rwanda,RWA,1997,0.5029,0,0,0.105,0,NA,1,0,0,0,1,0
Rwanda,RWA,1998,0.531025,0,0,0.105,0,NA,1,0,0,0,1,0
Rwanda,RWA,1999,0.531025,0,0,0.106,0,NA,1,0,0,0,1,0
Rwanda,RWA,2000,0.57225,0,0,0.113,0,NA,1,0,0,0,1,0
Rwanda,RWA,2001,0.58305,0,0,0.113,0,NA,1,0,0,0,1,0
Rwanda,RWA,2002,0.58305,0,0,0.114,0,NA,1,0,0,0,1,0
Rwanda,RWA,2003,0.58305,0,0,0.142,0,NA,1,0,0,0,1,0
Rwanda,RWA,2004,0.59065,0,0,0.197,0,NA,1,0,0,0,1,0
Rwanda,RWA,2005,0.59065,0,0,0.195,0,NA,1,0,0,0,1,0
Rwanda,RWA,2006,0.59065,0,0,0.196,0,NA,1,0,0,0,1,0
Rwanda,RWA,2007,0.59525,0,0,0.197,0,NA,1,0,0,0,1,0
Rwanda,RWA,2008,0.59525,0,0,0.203,0,NA,1,0,0,0,1,0
Rwanda,RWA,2009,0.5994,0,0,0.217,0,NA,1,0,0,0,1,0
Rwanda,RWA,2010,0.606375,0,0,0.218,0,NA,1,0,0,0,1,0
Rwanda,RWA,2011,0.611275,0,0,0.217,0,NA,1,0,0,0,1,0
Rwanda,RWA,2012,0.611275,0,0,0.22,0,NA,1,0,0,0,1,0
Rwanda,RWA,2013,0.598475,0,0,0.221,0,NA,1,0,0,0,1,0
Rwanda,RWA,2014,0.598475,0,0,0.224,0,NA,1,0,0,0,1,0
Rwanda,RWA,2015,0.59745,0,0,0.225,0,NA,1,0,0,0,1,0
Rwanda,RWA,2016,0.572475,0,0,0.226,0,NA,1,0,0,0,1,0
Rwanda,RWA,2017,0.567675,0,0,0.223,0,NA,1,0,0,0,1,0
Rwanda,RWA,2018,0.548275,0,0,0.225,0,NA,1,0,0,0,1,0
Rwanda,RWA,2019,0.550875,0,0,0.228,0,NA,1,0,0,0,1,0
Rwanda,RWA,2020,0.553475,0,0,0.225,0,NA,1,0,0,0,1,0
Rwanda,RWA,2021,0.537675,0,0,0.226,0,NA,1,0,0,0,1,0
Rwanda,RWA,2022,0.52735,0,0,0.219,0,NA,1,0,0,0,1,0
Rwanda,RWA,2023,0.4827,0,0,0.213,0,NA,1,0,0,0,1,0
Rwanda,RWA,2024,0.4849,0,0,0.202,0,NA,1,0,0,0,1,0
Somalia,SOM,1940,0.45955,0,0,0.032,0,NA,1,0,0,0,1,0
Somalia,SOM,1941,0.45995,0,0,0.043,0,NA,1,0,0,0,1,0
Somalia,SOM,1942,0.45555,0,0,0.048,0,NA,1,0,0,0,1,0
Somalia,SOM,1943,0.45555,0,0,0.048,0,NA,1,0,0,0,1,0
Somalia,SOM,1944,0.45555,0,0,0.048,0,NA,1,0,0,0,1,0
Somalia,SOM,1945,0.45555,0,0,0.046,0,NA,1,0,0,0,1,0
Somalia,SOM,1946,0.45555,0,0,0.047,0,NA,1,0,0,0,1,0
Somalia,SOM,1947,0.45555,0,0,0.051,0,NA,1,0,0,0,1,0
Somalia,SOM,1948,0.45555,0,0,0.051,0,NA,1,0,0,0,1,0
Somalia,SOM,1949,0.45555,0,0,0.051,0,NA,1,0,0,0,1,0
Somalia,SOM,1950,0.437325,0,0,0.07,0,NA,1,0,0,0,1,0
Somalia,SOM,1951,0.440525,0,0,0.075,0,NA,1,0,0,0,1,0
Somalia,SOM,1952,0.440525,0,0,0.075,0,NA,1,0,0,0,1,0
Somalia,SOM,1953,0.440525,0,0,0.075,0,NA,1,0,0,0,1,0
Somalia,SOM,1954,0.439725,0,0,0.075,0,NA,1,0,0,0,1,0
Somalia,SOM,1955,0.439725,0,0,0.088,0,NA,1,0,0,0,1,0
Somalia,SOM,1956,0.4533,0,0,0.279,0,NA,1,0,0,0,1,0
Somalia,SOM,1957,0.45605,0,0,0.279,0,NA,1,0,0,0,1,0
Somalia,SOM,1958,0.45605,0,0,0.279,0,NA,1,0,0,0,1,0
Somalia,SOM,1959,0.45605,0,0,0.275,0,NA,1,0,0,0,1,0
Somalia,SOM,1960,0.454075,0,0,0.357,0,NA,1,0,0,0,1,0
Somalia,SOM,1961,0.431075,0,0,0.371,0,NA,1,0,0,0,1,0
Somalia,SOM,1962,0.429075,0,0,0.367,0,NA,1,0,0,0,1,0
Somalia,SOM,1963,0.429075,0,0,0.367,0,NA,1,0,0,0,1,0
Somalia,SOM,1964,0.429075,0,0,0.358,0,NA,1,0,0,0,1,0
Somalia,SOM,1965,0.429075,0,0,0.346,0,NA,1,0,0,0,1,0
Somalia,SOM,1966,0.429075,0,0,0.343,0,NA,1,0,0,0,1,0
Somalia,SOM,1967,0.423675,0,0,0.343,0,NA,1,0,0,0,1,0
Somalia,SOM,1968,0.423675,0,0,0.343,0,NA,1,0,0,0,1,0
Somalia,SOM,1969,0.430675,0,0,0.21,0,NA,1,0,0,0,1,0
Somalia,SOM,1970,0.29815,0,0,0.076,0,NA,1,0,0,0,1,0
Somalia,SOM,1971,0.302525,0,0,0.076,0,NA,1,0,0,0,1,0
Somalia,SOM,1972,0.302525,0,0,0.076,0,NA,1,0,0,0,1,0
Somalia,SOM,1973,0.302525,0,0,0.076,0,NA,1,0,0,0,1,0
Somalia,SOM,1974,0.302525,0,0,0.076,0,NA,1,0,0,0,1,0
Somalia,SOM,1975,0.302525,0,0,0.076,0,NA,1,0,0,0,1,0
Somalia,SOM,1976,0.302525,0,0,0.076,0,NA,1,0,0,0,1,0
Somalia,SOM,1977,0.293325,0,0,0.076,0,NA,1,0,0,0,1,0
Somalia,SOM,1978,0.289925,0,0,0.076,0,NA,1,0,0,0,1,0
Somalia,SOM,1979,0.289925,0,0,0.076,0,NA,1,0,0,0,1,0
Somalia,SOM,1980,0.287725,0,0,0.084,0,NA,1,0,0,0,1,0
Somalia,SOM,1981,0.287725,0,0,0.145,0,NA,1,0,0,0,1,0
Somalia,SOM,1982,0.287725,0,0,0.145,0,NA,1,0,0,0,1,0
Somalia,SOM,1983,0.287725,0,0,0.145,0,NA,1,0,0,0,1,0
Somalia,SOM,1984,0.287725,0,0,0.145,0,NA,1,0,0,0,1,0
Somalia,SOM,1985,0.287725,0,0,0.142,0,NA,1,0,0,0,1,0
Somalia,SOM,1986,0.287725,0,0,0.142,0,NA,1,0,0,0,1,0
Somalia,SOM,1987,0.287725,0,0,0.143,0,NA,1,0,0,0,1,0
Somalia,SOM,1988,0.287725,0,0,0.143,0,NA,1,0,0,0,1,0
Somalia,SOM,1989,0.287725,0,0,0.143,0,NA,1,0,0,0,1,0
Somalia,SOM,1990,0.24875,0,0,0.144,0,NA,1,0,0,0,1,0
Somalia,SOM,1991,0.186,0,0,0.133,0,NA,1,0,0,0,1,0
Somalia,SOM,1992,0.095775,0,0,0.154,0,NA,1,0,0,0,1,0
Somalia,SOM,1993,0.095775,0,0,0.159,0,NA,1,0,0,0,1,0
Somalia,SOM,1994,0.095775,0,0,0.162,0,NA,1,0,0,0,1,0
Somalia,SOM,1995,0.095775,0,0,0.163,0,NA,1,0,0,0,1,0
Somalia,SOM,1996,0.095775,0,0,0.163,0,NA,1,0,0,0,1,0
Somalia,SOM,1997,0.095775,0,0,0.163,0,NA,1,0,0,0,1,0
Somalia,SOM,1998,0.095775,0,0,0.163,0,NA,1,0,0,0,1,0
Somalia,SOM,1999,0.095775,0,0,0.163,0,NA,1,0,0,0,1,0
Somalia,SOM,2000,0.100375,0,0,0.174,0,NA,1,0,0,0,1,0
Somalia,SOM,2001,0.103175,0,0,0.172,0,NA,1,0,0,0,1,0
Somalia,SOM,2002,0.104575,0,0,0.172,0,NA,1,0,0,0,1,0
Somalia,SOM,2003,0.104575,0,0,0.172,0,NA,1,0,0,0,1,0
Somalia,SOM,2004,0.11775,0,0,0.175,0,NA,1,0,0,0,1,0
Somalia,SOM,2005,0.120875,0,0,0.177,0,NA,1,0,0,0,1,0
Somalia,SOM,2006,0.122275,0,0,0.178,0,NA,1,0,0,0,1,0
Somalia,SOM,2007,0.122675,0,0,0.178,0,NA,1,0,0,0,1,0
Somalia,SOM,2008,0.122875,0,0,0.178,0,NA,1,0,0,0,1,0
Somalia,SOM,2009,0.124075,0,0,0.18,0,NA,1,0,0,0,1,0
Somalia,SOM,2010,0.1476,0,0,0.192,0,NA,1,0,0,0,1,0
Somalia,SOM,2011,0.148,0,0,0.197,0,NA,1,0,0,0,1,0
Somalia,SOM,2012,0.177225,0,0,0.173,0,NA,1,0,0,0,1,0
Somalia,SOM,2013,0.192425,0,0,0.166,0,NA,1,0,0,0,1,0
Somalia,SOM,2014,0.192425,0,0,0.166,0,NA,1,0,0,0,1,0
Somalia,SOM,2015,0.192425,0,0,0.166,0,NA,1,0,0,0,1,0
Somalia,SOM,2016,0.205475,0,0,0.167,0,NA,1,0,0,0,1,0
Somalia,SOM,2017,0.2437,0,0,0.171,0,NA,1,0,0,0,1,0
Somalia,SOM,2018,0.21445,0,0,0.156,0,NA,1,0,0,0,1,0
Somalia,SOM,2019,0.231625,0,0,0.151,0,NA,1,0,0,0,1,0
Somalia,SOM,2020,0.222775,0,0,0.158,0,NA,1,0,0,0,1,0
Somalia,SOM,2021,0.258975,0,0,0.166,0,NA,1,0,0,0,1,0
Somalia,SOM,2022,0.266,0,0,0.162,0,NA,1,0,0,0,1,0
Somalia,SOM,2023,0.3224,0,0,0.17,0,NA,1,0,0,0,1,0
Somalia,SOM,2024,0.3122,0,0,0.169,0,NA,1,0,0,0,1,0
Sri Lanka,LKA,1940,0.757275,0,0,0.336,0,NA,1,0,0,0,0,1
Sri Lanka,LKA,1941,0.757275,0,0,0.336,0,NA,1,0,0,0,0,1
Sri Lanka,LKA,1942,0.757275,0,0,0.336,0,NA,1,0,0,0,0,1
Sri Lanka,LKA,1943,0.757275,0,0,0.336,0,NA,1,0,0,0,0,1
Sri Lanka,LKA,1944,0.757275,0,0,0.336,0,NA,1,0,0,0,0,1
Sri Lanka,LKA,1945,0.757275,0,0,0.336,0,NA,1,0,0,0,0,1
Sri Lanka,LKA,1946,0.757275,0,0,0.344,0,NA,1,0,0,0,0,1
Sri Lanka,LKA,1947,0.752675,0,0,0.425,0,NA,1,0,0,0,0,1
Sri Lanka,LKA,1948,0.745875,1,0.6931471805599453,0.676,3.8712010109078907,NA,1,0,0,0,0,1
Sri Lanka,LKA,1949,0.758975,0,0.6931471805599453,0.664,3.8918202981106265,NA,1,0,0,0,0,1
Sri Lanka,LKA,1950,0.758975,0,0.6931471805599453,0.676,3.912023005428146,NA,1,0,0,0,0,1
Sri Lanka,LKA,1951,0.758975,0,0.6931471805599453,0.676,3.9318256327243257,NA,1,0,0,0,0,1
Sri Lanka,LKA,1952,0.758975,0,0.6931471805599453,0.651,3.9512437185814275,NA,1,0,0,0,0,1
Sri Lanka,LKA,1953,0.758975,0,0.6931471805599453,0.634,3.970291913552122,NA,1,0,0,0,0,1
Sri Lanka,LKA,1954,0.758975,0,0.6931471805599453,0.634,3.9889840465642745,NA,1,0,0,0,0,1
Sri Lanka,LKA,1955,0.758975,0,0.6931471805599453,0.637,4.007333185232471,NA,1,0,0,0,0,1
Sri Lanka,LKA,1956,0.7133,0,0.6931471805599453,0.632,4.02535169073515,NA,1,0,0,0,0,1
Sri Lanka,LKA,1957,0.719,0,0.6931471805599453,0.634,4.04305126783455,NA,1,0,0,0,0,1
Sri Lanka,LKA,1958,0.719,0,0.6931471805599453,0.629,4.060443010546419,NA,1,0,0,0,0,1
Sri Lanka,LKA,1959,0.719,0,0.6931471805599453,0.629,4.07753744390572,NA,1,0,0,0,0,1
Sri Lanka,LKA,1960,0.719,0,0.6931471805599453,0.659,4.0943445622221,NA,1,0,0,0,0,1
Sri Lanka,LKA,1961,0.719,0,0.6931471805599453,0.662,4.110873864173311,NA,1,0,0,0,0,1
Sri Lanka,LKA,1962,0.719,0,0.6931471805599453,0.66,4.127134385045092,NA,1,0,0,0,0,1
Sri Lanka,LKA,1963,0.719,0,0.6931471805599453,0.66,4.143134726391533,NA,1,0,0,0,0,1
Sri Lanka,LKA,1964,0.719,0,0.6931471805599453,0.66,4.1588830833596715,NA,1,0,0,0,0,1
Sri Lanka,LKA,1965,0.719,0,0.6931471805599453,0.662,4.174387269895637,NA,1,0,0,0,0,1
Sri Lanka,LKA,1966,0.719,0,0.6931471805599453,0.665,4.189654742026425,NA,1,0,0,0,0,1
Sri Lanka,LKA,1967,0.719,0,0.6931471805599453,0.665,4.204692619390966,NA,1,0,0,0,0,1
Sri Lanka,LKA,1968,0.719,0,0.6931471805599453,0.665,4.219507705176107,NA,1,0,0,0,0,1
Sri Lanka,LKA,1969,0.719,0,0.6931471805599453,0.665,4.23410650459726,NA,1,0,0,0,0,1
Sri Lanka,LKA,1970,0.6914,0,0.6931471805599453,0.645,4.248495242049359,NA,1,0,0,0,0,1
Sri Lanka,LKA,1971,0.67435,0,0.6931471805599453,0.612,4.2626798770413155,NA,1,0,0,0,0,1
Sri Lanka,LKA,1972,0.67235,0,0.6931471805599453,0.601,4.276666119016055,NA,1,0,0,0,0,1
Sri Lanka,LKA,1973,0.664,0,0.6931471805599453,0.598,4.290459441148391,NA,1,0,0,0,0,1
Sri Lanka,LKA,1974,0.671,0,0.6931471805599453,0.599,4.304065093204169,NA,1,0,0,0,0,1
Sri Lanka,LKA,1975,0.6926,0,0.6931471805599453,0.598,4.31748811353631,NA,1,0,0,0,0,1
Sri Lanka,LKA,1976,0.6926,0,0.6931471805599453,0.598,4.330733340286331,NA,1,0,0,0,0,1
Sri Lanka,LKA,1977,0.6849,0,0.6931471805599453,0.574,4.343805421853684,NA,1,0,0,0,0,1
Sri Lanka,LKA,1978,0.646225,0,0.6931471805599453,0.555,4.356708826689592,NA,1,0,0,0,0,1
Sri Lanka,LKA,1979,0.646225,0,0.6931471805599453,0.544,4.3694478524670215,NA,1,0,0,0,0,1
Sri Lanka,LKA,1980,0.631225,0,0.6931471805599453,0.517,4.382026634673881,NA,1,0,0,0,0,1
Sri Lanka,LKA,1981,0.631225,0,0.6931471805599453,0.517,4.394449154672439,NA,1,0,0,0,0,1
Sri Lanka,LKA,1982,0.631225,0,0.6931471805599453,0.511,4.406719247264253,NA,1,0,0,0,0,1
Sri Lanka,LKA,1983,0.60035,0,0,0.484,0,NA,1,0,0,0,0,1
Sri Lanka,LKA,1984,0.60035,0,0,0.484,0,NA,1,0,0,0,0,1
Sri Lanka,LKA,1985,0.60035,0,0,0.484,0,NA,1,0,0,0,0,1
Sri Lanka,LKA,1986,0.58295,0,0,0.478,0,NA,1,0,0,0,0,1
Sri Lanka,LKA,1987,0.56055,0,0,0.47,0,NA,1,0,0,0,0,1
Sri Lanka,LKA,1988,0.545375,0,0,0.463,0,NA,1,0,0,0,0,1
Sri Lanka,LKA,1989,0.503575,0,0,0.437,0,NA,1,0,0,0,0,1
Sri Lanka,LKA,1990,0.5315,0,0,0.444,0,NA,1,0,0,0,0,1
Sri Lanka,LKA,1991,0.5385,0,0,0.444,0,NA,1,0,0,0,0,1
Sri Lanka,LKA,1992,0.5385,0,0,0.445,0,NA,1,0,0,0,0,1
Sri Lanka,LKA,1993,0.5385,0,0,0.449,0,NA,1,0,0,0,0,1
Sri Lanka,LKA,1994,0.555625,0,0,0.49,0,NA,1,0,0,0,0,1
Sri Lanka,LKA,1995,0.565725,1,1.0986122886681096,0.55,4.532599493153256,NA,1,0,0,0,0,1
Sri Lanka,LKA,1996,0.565725,0,1.0986122886681096,0.55,4.543294782270004,NA,1,0,0,0,0,1
Sri Lanka,LKA,1997,0.565725,0,1.0986122886681096,0.55,4.553876891600541,NA,1,0,0,0,0,1
Sri Lanka,LKA,1998,0.565725,0,1.0986122886681096,0.533,4.564348191467836,NA,1,0,0,0,0,1
Sri Lanka,LKA,1999,0.565725,0,1.0986122886681096,0.532,4.574710978503383,NA,1,0,0,0,0,1
Sri Lanka,LKA,2000,0.565725,0,0,0.493,0,NA,1,0,0,0,0,1
Sri Lanka,LKA,2001,0.577925,0,0,0.497,0,NA,1,0,0,0,0,1
Sri Lanka,LKA,2002,0.577925,1,1.3862943611198906,0.536,4.584967478670572,NA,1,0,0,0,0,1
Sri Lanka,LKA,2003,0.577925,0,1.3862943611198906,0.536,4.59511985013459,NA,1,0,0,0,0,1
Sri Lanka,LKA,2004,0.564225,0,1.3862943611198906,0.517,4.605170185988092,NA,1,0,0,0,0,1
Sri Lanka,LKA,2005,0.50475,0,0,0.432,0,NA,1,0,0,0,0,1
Sri Lanka,LKA,2006,0.49145,0,0,0.378,0,NA,1,0,0,0,0,1
Sri Lanka,LKA,2007,0.49145,0,0,0.373,0,NA,1,0,0,0,0,1
Sri Lanka,LKA,2008,0.49105,0,0,0.366,0,NA,1,0,0,0,0,1
Sri Lanka,LKA,2009,0.484125,0,0,0.364,0,NA,1,0,0,0,0,1
Sri Lanka,LKA,2010,0.441175,0,0,0.39,0,NA,1,0,0,0,0,1
Sri Lanka,LKA,2011,0.441175,0,0,0.388,0,NA,1,0,0,0,0,1
Sri Lanka,LKA,2012,0.445975,0,0,0.387,0,NA,1,0,0,0,0,1
Sri Lanka,LKA,2013,0.460025,0,0,0.422,0,NA,1,0,0,0,0,1
Sri Lanka,LKA,2014,0.462225,0,0,0.422,0,NA,1,0,0,0,0,1
Sri Lanka,LKA,2015,0.5702,1,1.6094379124341003,0.545,4.6913478822291435,NA,1,0,0,0,0,1
Sri Lanka,LKA,2016,0.607625,0,1.6094379124341003,0.587,4.700480365792417,NA,1,0,0,0,0,1
Sri Lanka,LKA,2017,0.60565,0,1.6094379124341003,0.583,4.709530201312334,NA,1,0,0,0,0,1
Sri Lanka,LKA,2018,0.617225,0,1.6094379124341003,0.607,4.718498871295094,NA,1,0,0,0,0,1
Sri Lanka,LKA,2019,0.577925,0,1.6094379124341003,0.558,4.727387818712341,NA,1,0,0,0,0,1
Sri Lanka,LKA,2020,0.485875,0,1.6094379124341003,0.578,4.736198448394496,NA,1,0,0,0,0,1
Sri Lanka,LKA,2021,0.484575,0,1.6094379124341003,0.57,4.74493212836325,NA,1,0,0,0,0,1
Sri Lanka,LKA,2022,0.5655,0,1.6094379124341003,0.598,4.7535901911063645,NA,1,0,0,0,0,1
Sri Lanka,LKA,2023,0.57985,0,1.6094379124341003,0.574,4.762173934797756,NA,1,0,0,0,0,1
Sri Lanka,LKA,2024,0.643825,0,1.6094379124341003,0.664,4.770684624465665,NA,1,0,0,0,0,1
Eswatini,SWZ,1940,0.3776,0,0,0.051,0,NA,1,0,0,0,1,0
Eswatini,SWZ,1941,0.3776,0,0,0.051,0,NA,1,0,0,0,1,0
Eswatini,SWZ,1942,0.3776,0,0,0.051,0,NA,1,0,0,0,1,0
Eswatini,SWZ,1943,0.3776,0,0,0.051,0,NA,1,0,0,0,1,0
Eswatini,SWZ,1944,0.3776,0,0,0.051,0,NA,1,0,0,0,1,0
Eswatini,SWZ,1945,0.3776,0,0,0.051,0,NA,1,0,0,0,1,0
Eswatini,SWZ,1946,0.3776,0,0,0.051,0,NA,1,0,0,0,1,0
Eswatini,SWZ,1947,0.3776,0,0,0.051,0,NA,1,0,0,0,1,0
Eswatini,SWZ,1948,0.3776,0,0,0.051,0,NA,1,0,0,0,1,0
Eswatini,SWZ,1949,0.3776,0,0,0.051,0,NA,1,0,0,0,1,0
Eswatini,SWZ,1950,0.3792,0,0,0.051,0,NA,1,0,0,0,1,0
Eswatini,SWZ,1951,0.3792,0,0,0.051,0,NA,1,0,0,0,1,0
Eswatini,SWZ,1952,0.3792,0,0,0.051,0,NA,1,0,0,0,1,0
Eswatini,SWZ,1953,0.3792,0,0,0.051,0,NA,1,0,0,0,1,0
Eswatini,SWZ,1954,0.38,0,0,0.051,0,NA,1,0,0,0,1,0
Eswatini,SWZ,1955,0.38,0,0,0.051,0,NA,1,0,0,0,1,0
Eswatini,SWZ,1956,0.38,0,0,0.051,0,NA,1,0,0,0,1,0
Eswatini,SWZ,1957,0.38,0,0,0.051,0,NA,1,0,0,0,1,0
Eswatini,SWZ,1958,0.38,0,0,0.051,0,NA,1,0,0,0,1,0
Eswatini,SWZ,1959,0.38,0,0,0.051,0,NA,1,0,0,0,1,0
Eswatini,SWZ,1960,0.3956,0,0,0.051,0,NA,1,0,0,0,1,0
Eswatini,SWZ,1961,0.3956,0,0,0.055,0,NA,1,0,0,0,1,0
Eswatini,SWZ,1962,0.3956,0,0,0.055,0,NA,1,0,0,0,1,0
Eswatini,SWZ,1963,0.3956,0,0,0.06,0,NA,1,0,0,0,1,0
Eswatini,SWZ,1964,0.3956,0,0,0.145,0,NA,1,0,0,0,1,0
Eswatini,SWZ,1965,0.3956,0,0,0.176,0,NA,1,0,0,0,1,0
Eswatini,SWZ,1966,0.3956,0,0,0.185,0,NA,1,0,0,0,1,0
Eswatini,SWZ,1967,0.3988,0,0,0.187,0,NA,1,0,0,0,1,0
Eswatini,SWZ,1968,0.371225,0,0,0.204,0,NA,1,0,0,0,1,0
Eswatini,SWZ,1969,0.396275,0,0,0.21,0,NA,1,0,0,0,1,0
Eswatini,SWZ,1970,0.396275,0,0,0.212,0,NA,1,0,0,0,1,0
Eswatini,SWZ,1971,0.394875,0,0,0.209,0,NA,1,0,0,0,1,0
Eswatini,SWZ,1972,0.394875,0,0,0.208,0,NA,1,0,0,0,1,0
Eswatini,SWZ,1973,0.397075,0,0,0.129,0,NA,1,0,0,0,1,0
Eswatini,SWZ,1974,0.397075,0,0,0.091,0,NA,1,0,0,0,1,0
Eswatini,SWZ,1975,0.397075,0,0,0.091,0,NA,1,0,0,0,1,0
Eswatini,SWZ,1976,0.397075,0,0,0.091,0,NA,1,0,0,0,1,0
Eswatini,SWZ,1977,0.397075,0,0,0.091,0,NA,1,0,0,0,1,0
Eswatini,SWZ,1978,0.397075,0,0,0.098,0,NA,1,0,0,0,1,0
Eswatini,SWZ,1979,0.397075,0,0,0.132,0,NA,1,0,0,0,1,0
Eswatini,SWZ,1980,0.397075,0,0,0.133,0,NA,1,0,0,0,1,0
Eswatini,SWZ,1981,0.397075,0,0,0.133,0,NA,1,0,0,0,1,0
Eswatini,SWZ,1982,0.397075,0,0,0.133,0,NA,1,0,0,0,1,0
Eswatini,SWZ,1983,0.375275,0,0,0.132,0,NA,1,0,0,0,1,0
Eswatini,SWZ,1984,0.375275,0,0,0.127,0,NA,1,0,0,0,1,0
Eswatini,SWZ,1985,0.375275,0,0,0.127,0,NA,1,0,0,0,1,0
Eswatini,SWZ,1986,0.375275,0,0,0.127,0,NA,1,0,0,0,1,0
Eswatini,SWZ,1987,0.375275,0,0,0.127,0,NA,1,0,0,0,1,0
Eswatini,SWZ,1988,0.375275,0,0,0.124,0,NA,1,0,0,0,1,0
Eswatini,SWZ,1989,0.375275,0,0,0.124,0,NA,1,0,0,0,1,0
Eswatini,SWZ,1990,0.363575,0,0,0.126,0,NA,1,0,0,0,1,0
Eswatini,SWZ,1991,0.363575,0,0,0.126,0,NA,1,0,0,0,1,0
Eswatini,SWZ,1992,0.363575,0,0,0.126,0,NA,1,0,0,0,1,0
Eswatini,SWZ,1993,0.363575,0,0,0.124,0,NA,1,0,0,0,1,0
Eswatini,SWZ,1994,0.360775,0,0,0.117,0,NA,1,0,0,0,1,0
Eswatini,SWZ,1995,0.360775,0,0,0.117,0,NA,1,0,0,0,1,0
Eswatini,SWZ,1996,0.360775,0,0,0.116,0,NA,1,0,0,0,1,0
Eswatini,SWZ,1997,0.360775,0,0,0.116,0,NA,1,0,0,0,1,0
Eswatini,SWZ,1998,0.355975,0,0,0.118,0,NA,1,0,0,0,1,0
Eswatini,SWZ,1999,0.355975,0,0,0.126,0,NA,1,0,0,0,1,0
Eswatini,SWZ,2000,0.3556,0,0,0.126,0,NA,1,0,0,0,1,0
Eswatini,SWZ,2001,0.3556,0,0,0.128,0,NA,1,0,0,0,1,0
Eswatini,SWZ,2002,0.3556,0,0,0.128,0,NA,1,0,0,0,1,0
Eswatini,SWZ,2003,0.3556,0,0,0.127,0,NA,1,0,0,0,1,0
Eswatini,SWZ,2004,0.3556,0,0,0.124,0,NA,1,0,0,0,1,0
Eswatini,SWZ,2005,0.346,0,0,0.129,0,NA,1,0,0,0,1,0
Eswatini,SWZ,2006,0.3472,0,0,0.13,0,NA,1,0,0,0,1,0
Eswatini,SWZ,2007,0.3472,0,0,0.13,0,NA,1,0,0,0,1,0
Eswatini,SWZ,2008,0.3466,0,0,0.128,0,NA,1,0,0,0,1,0
Eswatini,SWZ,2009,0.347,0,0,0.126,0,NA,1,0,0,0,1,0
Eswatini,SWZ,2010,0.3468,0,0,0.126,0,NA,1,0,0,0,1,0
Eswatini,SWZ,2011,0.3459,0,0,0.126,0,NA,1,0,0,0,1,0
Eswatini,SWZ,2012,0.3459,0,0,0.126,0,NA,1,0,0,0,1,0
Eswatini,SWZ,2013,0.3455,0,0,0.131,0,NA,1,0,0,0,1,0
Eswatini,SWZ,2014,0.3455,0,0,0.131,0,NA,1,0,0,0,1,0
Eswatini,SWZ,2015,0.3455,0,0,0.131,0,NA,1,0,0,0,1,0
Eswatini,SWZ,2016,0.3455,0,0,0.131,0,NA,1,0,0,0,1,0
Eswatini,SWZ,2017,0.3702,0,0,0.133,0,NA,1,0,0,0,1,0
Eswatini,SWZ,2018,0.376675,0,0,0.132,0,NA,1,0,0,0,1,0
Eswatini,SWZ,2019,0.364175,0,0,0.135,0,NA,1,0,0,0,1,0
Eswatini,SWZ,2020,0.361075,0,0,0.133,0,NA,1,0,0,0,1,0
Eswatini,SWZ,2021,0.344525,0,0,0.121,0,NA,1,0,0,0,1,0
Eswatini,SWZ,2022,0.3215,0,0,0.119,0,NA,1,0,0,0,1,0
Eswatini,SWZ,2023,0.303075,0,0,0.122,0,NA,1,0,0,0,1,0
Eswatini,SWZ,2024,0.31185,0,0,0.13,0,NA,1,0,0,0,1,0
Tajikistan,TJK,1990,0.519725,0,0,0.26,0,NA,1,0,0,0,0,0
Tajikistan,TJK,1991,0.369825,0,0,0.304,0,NA,1,0,0,0,0,0
Tajikistan,TJK,1992,0.15295,0,0,0.275,0,NA,1,0,0,0,0,0
Tajikistan,TJK,1993,0.16175,0,0,0.216,0,NA,1,0,0,0,0,0
Tajikistan,TJK,1994,0.16175,0,0,0.194,0,NA,1,0,0,0,0,0
Tajikistan,TJK,1995,0.17175,0,0,0.172,0,NA,1,0,0,0,0,0
Tajikistan,TJK,1996,0.19075,0,0,0.173,0,NA,1,0,0,0,0,0
Tajikistan,TJK,1997,0.19075,0,0,0.182,0,NA,1,0,0,0,0,0
Tajikistan,TJK,1998,0.2054,0,0,0.194,0,NA,1,0,0,0,0,0
Tajikistan,TJK,1999,0.2044,0,0,0.209,0,NA,1,0,0,0,0,0
Tajikistan,TJK,2000,0.230175,0,0,0.24,0,NA,1,0,0,0,0,0
Tajikistan,TJK,2001,0.23535,0,0,0.246,0,NA,1,0,0,0,0,0
Tajikistan,TJK,2002,0.23075,0,0,0.245,0,NA,1,0,0,0,0,0
Tajikistan,TJK,2003,0.229725,0,0,0.249,0,NA,1,0,0,0,0,0
Tajikistan,TJK,2004,0.229725,0,0,0.247,0,NA,1,0,0,0,0,0
Tajikistan,TJK,2005,0.216125,0,0,0.233,0,NA,1,0,0,0,0,0
Tajikistan,TJK,2006,0.215925,0,0,0.23,0,NA,1,0,0,0,0,0
Tajikistan,TJK,2007,0.212725,0,0,0.231,0,NA,1,0,0,0,0,0
Tajikistan,TJK,2008,0.212725,0,0,0.233,0,NA,1,0,0,0,0,0
Tajikistan,TJK,2009,0.212725,0,0,0.233,0,NA,1,0,0,0,0,0
Tajikistan,TJK,2010,0.20255,0,0,0.227,0,NA,1,0,0,0,0,0
Tajikistan,TJK,2011,0.20195,0,0,0.226,0,NA,1,0,0,0,0,0
Tajikistan,TJK,2012,0.19875,0,0,0.226,0,NA,1,0,0,0,0,0
Tajikistan,TJK,2013,0.1734,0,0,0.208,0,NA,1,0,0,0,0,0
Tajikistan,TJK,2014,0.1734,0,0,0.204,0,NA,1,0,0,0,0,0
Tajikistan,TJK,2015,0.14965,0,0,0.185,0,NA,1,0,0,0,0,0
Tajikistan,TJK,2016,0.162775,0,0,0.174,0,NA,1,0,0,0,0,0
Tajikistan,TJK,2017,0.1777,0,0,0.169,0,NA,1,0,0,0,0,0
Tajikistan,TJK,2018,0.18945,0,0,0.166,0,NA,1,0,0,0,0,0
Tajikistan,TJK,2019,0.18435000000000001,0,0,0.166,0,NA,1,0,0,0,0,0
Tajikistan,TJK,2020,0.1836,0,0,0.173,0,NA,1,0,0,0,0,0
Tajikistan,TJK,2021,0.1629,0,0,0.173,0,NA,1,0,0,0,0,0
Tajikistan,TJK,2022,0.141225,0,0,0.167,0,NA,1,0,0,0,0,0
Tajikistan,TJK,2023,0.140825,0,0,0.166,0,NA,1,0,0,0,0,0
Tajikistan,TJK,2024,0.152075,0,0,0.174,0,NA,1,0,0,0,0,0
Togo,TGO,1940,0.436925,0,0,0.016,0,NA,1,0,0,0,1,0
Togo,TGO,1941,0.436925,0,0,0.017,0,NA,1,0,0,0,1,0
Togo,TGO,1942,0.436925,0,0,0.017,0,NA,1,0,0,0,1,0
Togo,TGO,1943,0.436925,0,0,0.017,0,NA,1,0,0,0,1,0
Togo,TGO,1944,0.436925,0,0,0.026,0,NA,1,0,0,0,1,0
Togo,TGO,1945,0.418325,0,0,0.029,0,NA,1,0,0,0,1,0
Togo,TGO,1946,0.418325,0,0,0.044,0,NA,1,0,0,0,1,0
Togo,TGO,1947,0.418325,0,0,0.066,0,NA,1,0,0,0,1,0
Togo,TGO,1948,0.418325,0,0,0.066,0,NA,1,0,0,0,1,0
Togo,TGO,1949,0.418325,0,0,0.066,0,NA,1,0,0,0,1,0
Togo,TGO,1950,0.418325,0,0,0.066,0,NA,1,0,0,0,1,0
Togo,TGO,1951,0.418325,0,0,0.066,0,NA,1,0,0,0,1,0
Togo,TGO,1952,0.418325,0,0,0.074,0,NA,1,0,0,0,1,0
Togo,TGO,1953,0.418325,0,0,0.075,0,NA,1,0,0,0,1,0
Togo,TGO,1954,0.418325,0,0,0.075,0,NA,1,0,0,0,1,0
Togo,TGO,1955,0.418325,0,0,0.076,0,NA,1,0,0,0,1,0
Togo,TGO,1956,0.451825,0,0,0.123,0,NA,1,0,0,0,1,0
Togo,TGO,1957,0.451825,0,0,0.174,0,NA,1,0,0,0,1,0
Togo,TGO,1958,0.454225,0,0,0.204,0,NA,1,0,0,0,1,0
Togo,TGO,1959,0.454225,0,0,0.225,0,NA,1,0,0,0,1,0
Togo,TGO,1960,0.507825,0,0,0.249,0,NA,1,0,0,0,1,0
Togo,TGO,1961,0.4718,0,0,0.265,0,NA,1,0,0,0,1,0
Togo,TGO,1962,0.4718,0,0,0.262,0,NA,1,0,0,0,1,0
Togo,TGO,1963,0.4508,0,0,0.216,0,NA,1,0,0,0,1,0
Togo,TGO,1964,0.433375,0,0,0.232,0,NA,1,0,0,0,1,0
Togo,TGO,1965,0.433375,0,0,0.231,0,NA,1,0,0,0,1,0
Togo,TGO,1966,0.433375,0,0,0.231,0,NA,1,0,0,0,1,0
Togo,TGO,1967,0.38175,0,0,0.1,0,NA,1,0,0,0,1,0
Togo,TGO,1968,0.377725,0,0,0.087,0,NA,1,0,0,0,1,0
Togo,TGO,1969,0.377725,0,0,0.08,0,NA,1,0,0,0,1,0
Togo,TGO,1970,0.377725,0,0,0.08,0,NA,1,0,0,0,1,0
Togo,TGO,1971,0.401125,0,0,0.08,0,NA,1,0,0,0,1,0
Togo,TGO,1972,0.401125,0,0,0.08,0,NA,1,0,0,0,1,0
Togo,TGO,1973,0.401125,0,0,0.08,0,NA,1,0,0,0,1,0
Togo,TGO,1974,0.401125,0,0,0.08,0,NA,1,0,0,0,1,0
Togo,TGO,1975,0.401125,0,0,0.08,0,NA,1,0,0,0,1,0
Togo,TGO,1976,0.401125,0,0,0.08,0,NA,1,0,0,0,1,0
Togo,TGO,1977,0.401125,0,0,0.081,0,NA,1,0,0,0,1,0
Togo,TGO,1978,0.401125,0,0,0.081,0,NA,1,0,0,0,1,0
Togo,TGO,1979,0.401125,0,0,0.081,0,NA,1,0,0,0,1,0
Togo,TGO,1980,0.401125,0,0,0.141,0,NA,1,0,0,0,1,0
Togo,TGO,1981,0.403525,0,0,0.151,0,NA,1,0,0,0,1,0
Togo,TGO,1982,0.403525,0,0,0.151,0,NA,1,0,0,0,1,0
Togo,TGO,1983,0.403525,0,0,0.151,0,NA,1,0,0,0,1,0
Togo,TGO,1984,0.403525,0,0,0.151,0,NA,1,0,0,0,1,0
Togo,TGO,1985,0.403525,0,0,0.151,0,NA,1,0,0,0,1,0
Togo,TGO,1986,0.403525,0,0,0.151,0,NA,1,0,0,0,1,0
Togo,TGO,1987,0.403525,0,0,0.151,0,NA,1,0,0,0,1,0
Togo,TGO,1988,0.403525,0,0,0.151,0,NA,1,0,0,0,1,0
Togo,TGO,1989,0.403525,0,0,0.151,0,NA,1,0,0,0,1,0
Togo,TGO,1990,0.40445,0,0,0.155,0,NA,1,0,0,0,1,0
Togo,TGO,1991,0.329475,0,0,0.23,0,NA,1,0,0,0,1,0
Togo,TGO,1992,0.328875,0,0,0.277,0,NA,1,0,0,0,1,0
Togo,TGO,1993,0.317275,0,0,0.292,0,NA,1,0,0,0,1,0
Togo,TGO,1994,0.31535,0,0,0.32,0,NA,1,0,0,0,1,0
Togo,TGO,1995,0.31535,0,0,0.324,0,NA,1,0,0,0,1,0
Togo,TGO,1996,0.31535,0,0,0.331,0,NA,1,0,0,0,1,0
Togo,TGO,1997,0.31535,0,0,0.331,0,NA,1,0,0,0,1,0
Togo,TGO,1998,0.31695,0,0,0.309,0,NA,1,0,0,0,1,0
Togo,TGO,1999,0.31695,0,0,0.3,0,NA,1,0,0,0,1,0
Togo,TGO,2000,0.314525,0,0,0.304,0,NA,1,0,0,0,1,0
Togo,TGO,2001,0.314525,0,0,0.304,0,NA,1,0,0,0,1,0
Togo,TGO,2002,0.314525,0,0,0.303,0,NA,1,0,0,0,1,0
Togo,TGO,2003,0.314525,0,0,0.306,0,NA,1,0,0,0,1,0
Togo,TGO,2004,0.314525,0,0,0.306,0,NA,1,0,0,0,1,0
Togo,TGO,2005,0.3295,0,0,0.328,0,NA,1,0,0,0,1,0
Togo,TGO,2006,0.3461,0,0,0.339,0,NA,1,0,0,0,1,0
Togo,TGO,2007,0.3503,0,0,0.359,0,NA,1,0,0,0,1,0
Togo,TGO,2008,0.3507,0,0,0.441,0,NA,1,0,0,0,1,0
Togo,TGO,2009,0.3607,0,0,0.441,0,NA,1,0,0,0,1,0
Togo,TGO,2010,0.376775,0,0,0.417,0,NA,1,0,0,0,1,0
Togo,TGO,2011,0.38715,0,0,0.417,0,NA,1,0,0,0,1,0
Togo,TGO,2012,0.38715,0,0,0.418,0,NA,1,0,0,0,1,0
Togo,TGO,2013,0.372325,0,0,0.443,0,NA,1,0,0,0,1,0
Togo,TGO,2014,0.372325,0,0,0.476,0,NA,1,0,0,0,1,0
Togo,TGO,2015,0.381025,0,0,0.473,0,NA,1,0,0,0,1,0
Togo,TGO,2016,0.381625,0,0,0.48,0,NA,1,0,0,0,1,0
Togo,TGO,2017,0.376075,0,0,0.452,0,NA,1,0,0,0,1,0
Togo,TGO,2018,0.37855,0,0,0.44,0,NA,1,0,0,0,1,0
Togo,TGO,2019,0.36875,0,0,0.399,0,NA,1,0,0,0,1,0
Togo,TGO,2020,0.4473,0,0,0.434,0,NA,1,0,0,0,1,0
Togo,TGO,2021,0.4477,0,0,0.403,0,NA,1,0,0,0,1,0
Togo,TGO,2022,0.4487,0,0,0.407,0,NA,1,0,0,0,1,0
Togo,TGO,2023,0.370725,0,0,0.394,0,NA,1,0,0,0,1,0
Togo,TGO,2024,0.363725,0,0,0.355,0,NA,1,0,0,0,1,0
Trinidad and Tobago,TTO,1940,0.71435,0,0,0.217,0,NA,1,0,1,0,0,0
Trinidad and Tobago,TTO,1941,0.71435,0,0,0.217,0,NA,1,0,1,0,0,0
Trinidad and Tobago,TTO,1942,0.71435,0,0,0.22,0,NA,1,0,1,0,0,0
Trinidad and Tobago,TTO,1943,0.71435,0,0,0.22,0,NA,1,0,1,0,0,0
Trinidad and Tobago,TTO,1944,0.71435,0,0,0.22,0,NA,1,0,1,0,0,0
Trinidad and Tobago,TTO,1945,0.71435,0,0,0.229,0,NA,1,0,1,0,0,0
Trinidad and Tobago,TTO,1946,0.71435,0,0,0.298,0,NA,1,0,1,0,0,0
Trinidad and Tobago,TTO,1947,0.71435,0,0,0.298,0,NA,1,0,1,0,0,0
Trinidad and Tobago,TTO,1948,0.71435,0,0,0.3,0,NA,1,0,1,0,0,0
Trinidad and Tobago,TTO,1949,0.71435,0,0,0.3,0,NA,1,0,1,0,0,0
Trinidad and Tobago,TTO,1950,0.777975,0,0,0.301,0,NA,1,0,1,0,0,0
Trinidad and Tobago,TTO,1951,0.777975,0,0,0.307,0,NA,1,0,1,0,0,0
Trinidad and Tobago,TTO,1952,0.777975,0,0,0.307,0,NA,1,0,1,0,0,0
Trinidad and Tobago,TTO,1953,0.777975,0,0,0.307,0,NA,1,0,1,0,0,0
Trinidad and Tobago,TTO,1954,0.777975,0,0,0.307,0,NA,1,0,1,0,0,0
Trinidad and Tobago,TTO,1955,0.777975,0,0,0.308,0,NA,1,0,1,0,0,0
Trinidad and Tobago,TTO,1956,0.765375,0,0,0.336,0,NA,1,0,1,0,0,0
Trinidad and Tobago,TTO,1957,0.765375,0,0,0.47,0,NA,1,0,1,0,0,0
Trinidad and Tobago,TTO,1958,0.765375,0,0,0.47,0,NA,1,0,1,0,0,0
Trinidad and Tobago,TTO,1959,0.765375,0,0,0.47,0,NA,1,0,1,0,0,0
Trinidad and Tobago,TTO,1960,0.764775,0,0,0.482,0,NA,1,0,1,0,0,0
Trinidad and Tobago,TTO,1961,0.764775,0,0,0.481,0,NA,1,0,1,0,0,0
Trinidad and Tobago,TTO,1962,0.776775,1,0.6931471805599453,0.534,4.127134385045092,NA,1,0,1,0,0,0
Trinidad and Tobago,TTO,1963,0.776775,0,0.6931471805599453,0.549,4.143134726391533,NA,1,0,1,0,0,0
Trinidad and Tobago,TTO,1964,0.776775,0,0.6931471805599453,0.548,4.1588830833596715,NA,1,0,1,0,0,0
Trinidad and Tobago,TTO,1965,0.776775,0,0.6931471805599453,0.548,4.174387269895637,NA,1,0,1,0,0,0
Trinidad and Tobago,TTO,1966,0.776775,0,0.6931471805599453,0.552,4.189654742026425,NA,1,0,1,0,0,0
Trinidad and Tobago,TTO,1967,0.776775,0,0.6931471805599453,0.574,4.204692619390966,NA,1,0,1,0,0,0
Trinidad and Tobago,TTO,1968,0.776775,0,0.6931471805599453,0.576,4.219507705176107,NA,1,0,1,0,0,0
Trinidad and Tobago,TTO,1969,0.776775,0,0.6931471805599453,0.58,4.23410650459726,NA,1,0,1,0,0,0
Trinidad and Tobago,TTO,1970,0.776775,0,0.6931471805599453,0.586,4.248495242049359,NA,1,0,1,0,0,0
Trinidad and Tobago,TTO,1971,0.776775,0,0.6931471805599453,0.571,4.2626798770413155,NA,1,0,1,0,0,0
Trinidad and Tobago,TTO,1972,0.775175,0,0.6931471805599453,0.559,4.276666119016055,NA,1,0,1,0,0,0
Trinidad and Tobago,TTO,1973,0.775175,0,0.6931471805599453,0.564,4.290459441148391,NA,1,0,1,0,0,0
Trinidad and Tobago,TTO,1974,0.775175,0,0.6931471805599453,0.564,4.304065093204169,NA,1,0,1,0,0,0
Trinidad and Tobago,TTO,1975,0.775175,0,0.6931471805599453,0.562,4.31748811353631,NA,1,0,1,0,0,0
Trinidad and Tobago,TTO,1976,0.775175,0,0.6931471805599453,0.6,4.330733340286331,NA,1,0,1,0,0,0
Trinidad and Tobago,TTO,1977,0.777175,0,0.6931471805599453,0.65,4.343805421853684,NA,1,0,1,0,0,0
Trinidad and Tobago,TTO,1978,0.776175,0,0.6931471805599453,0.657,4.356708826689592,NA,1,0,1,0,0,0
Trinidad and Tobago,TTO,1979,0.776175,0,0.6931471805599453,0.657,4.3694478524670215,NA,1,0,1,0,0,0
Trinidad and Tobago,TTO,1980,0.779,0,0.6931471805599453,0.666,4.382026634673881,NA,1,0,1,0,0,0
Trinidad and Tobago,TTO,1981,0.779,0,0.6931471805599453,0.673,4.394449154672439,NA,1,0,1,0,0,0
Trinidad and Tobago,TTO,1982,0.779,0,0.6931471805599453,0.678,4.406719247264253,NA,1,0,1,0,0,0
Trinidad and Tobago,TTO,1983,0.779,0,0.6931471805599453,0.678,4.418840607796598,NA,1,0,1,0,0,0
Trinidad and Tobago,TTO,1984,0.779,0,0.6931471805599453,0.681,4.430816798843313,NA,1,0,1,0,0,0
Trinidad and Tobago,TTO,1985,0.779,0,0.6931471805599453,0.681,4.442651256490317,NA,1,0,1,0,0,0
Trinidad and Tobago,TTO,1986,0.779,0,0.6931471805599453,0.693,4.454347296253507,NA,1,0,1,0,0,0
Trinidad and Tobago,TTO,1987,0.779,0,0.6931471805599453,0.725,4.465908118654584,NA,1,0,1,0,0,0
Trinidad and Tobago,TTO,1988,0.779,0,0.6931471805599453,0.725,4.477336814478207,NA,1,0,1,0,0,0
Trinidad and Tobago,TTO,1989,0.779,0,0.6931471805599453,0.725,4.48863636973214,NA,1,0,1,0,0,0
Trinidad and Tobago,TTO,1990,0.777,0,0.6931471805599453,0.73,4.499809670330265,NA,1,0,1,0,0,0
Trinidad and Tobago,TTO,1991,0.777,0,0.6931471805599453,0.746,4.51085950651685,NA,1,0,1,0,0,0
Trinidad and Tobago,TTO,1992,0.777,0,0.6931471805599453,0.765,4.5217885770490405,NA,1,0,1,0,0,0
Trinidad and Tobago,TTO,1993,0.777,0,0.6931471805599453,0.765,4.532599493153256,NA,1,0,1,0,0,0
Trinidad and Tobago,TTO,1994,0.777,0,0.6931471805599453,0.765,4.543294782270004,NA,1,0,1,0,0,0
Trinidad and Tobago,TTO,1995,0.7758,0,0.6931471805599453,0.76,4.553876891600541,NA,1,0,1,0,0,0
Trinidad and Tobago,TTO,1996,0.7758,0,0.6931471805599453,0.759,4.564348191467836,NA,1,0,1,0,0,0
Trinidad and Tobago,TTO,1997,0.7758,0,0.6931471805599453,0.759,4.574710978503383,NA,1,0,1,0,0,0
Trinidad and Tobago,TTO,1998,0.7758,0,0.6931471805599453,0.759,4.584967478670572,NA,1,0,1,0,0,0
Trinidad and Tobago,TTO,1999,0.7758,0,0.6931471805599453,0.759,4.59511985013459,NA,1,0,1,0,0,0
Trinidad and Tobago,TTO,2000,0.7758,0,0.6931471805599453,0.767,4.605170185988092,NA,1,0,1,0,0,0
Trinidad and Tobago,TTO,2001,0.7758,0,0.6931471805599453,0.731,4.61512051684126,NA,1,0,1,0,0,0
Trinidad and Tobago,TTO,2002,0.7776,0,0.6931471805599453,0.746,4.624972813284271,NA,1,0,1,0,0,0
Trinidad and Tobago,TTO,2003,0.7776,0,0.6931471805599453,0.758,4.634728988229636,NA,1,0,1,0,0,0
Trinidad and Tobago,TTO,2004,0.7776,0,0.6931471805599453,0.758,4.6443908991413725,NA,1,0,1,0,0,0
Trinidad and Tobago,TTO,2005,0.782775,0,0.6931471805599453,0.759,4.6443908991413725,NA,1,0,1,0,0,0
Trinidad and Tobago,TTO,2006,0.782775,0,0.6931471805599453,0.763,4.653960350157523,NA,1,0,1,0,0,0
Trinidad and Tobago,TTO,2007,0.782775,0,0.6931471805599453,0.76,4.663439094112067,NA,1,0,1,0,0,0
Trinidad and Tobago,TTO,2008,0.782775,0,0.6931471805599453,0.764,4.672828834461906,NA,1,0,1,0,0,0
Trinidad and Tobago,TTO,2009,0.782775,0,0.6931471805599453,0.764,4.68213122712422,NA,1,0,1,0,0,0
Trinidad and Tobago,TTO,2010,0.7751,0,0.6931471805599453,0.775,4.6913478822291435,NA,1,0,1,0,0,0
Trinidad and Tobago,TTO,2011,0.7751,0,0.6931471805599453,0.78,4.700480365792417,NA,1,0,1,0,0,0
Trinidad and Tobago,TTO,2012,0.7751,0,0.6931471805599453,0.78,4.709530201312334,NA,1,0,1,0,0,0
Trinidad and Tobago,TTO,2013,0.7751,0,0.6931471805599453,0.746,4.718498871295094,NA,1,0,1,0,0,0
Trinidad and Tobago,TTO,2014,0.7751,0,0.6931471805599453,0.746,4.727387818712341,NA,1,0,1,0,0,0
Trinidad and Tobago,TTO,2015,0.77815,0,0.6931471805599453,0.764,4.736198448394496,NA,1,0,1,0,0,0
Trinidad and Tobago,TTO,2016,0.8084,0,0.6931471805599453,0.754,4.74493212836325,NA,1,0,1,0,0,0
Trinidad and Tobago,TTO,2017,0.80005,0,0.6931471805599453,0.75,4.7535901911063645,NA,1,0,1,0,0,0
Trinidad and Tobago,TTO,2018,0.80725,0,0.6931471805599453,0.744,4.762173934797756,NA,1,0,1,0,0,0
Trinidad and Tobago,TTO,2019,0.80725,0,0.6931471805599453,0.75,4.770684624465665,NA,1,0,1,0,0,0
Trinidad and Tobago,TTO,2020,0.7961,0,0.6931471805599453,0.753,4.77912349311153,NA,1,0,1,0,0,0
Trinidad and Tobago,TTO,2021,0.7663,0,0.6931471805599453,0.77,4.77912349311153,NA,1,0,1,0,0,0
Trinidad and Tobago,TTO,2022,0.7797,0,0.6931471805599453,0.755,4.787491742782046,NA,1,0,1,0,0,0
Trinidad and Tobago,TTO,2023,0.7761,0,0.6931471805599453,0.755,4.795790545596741,NA,1,0,1,0,0,0
Trinidad and Tobago,TTO,2024,0.7761,0,0.6931471805599453,0.755,4.804021044733257,NA,1,0,1,0,0,0
Turkmenistan,TKM,1990,0.2715,NA,NA,NA,NA,NA,1,0,0,0,0,0
Turkmenistan,TKM,1991,0.2573,0,0,0.176,NA,NA,1,0,0,0,0,0
Turkmenistan,TKM,1992,0.17705,0,0,0.161,NA,NA,1,0,0,0,0,0
Turkmenistan,TKM,1993,0.17665,0,0,0.15,NA,NA,1,0,0,0,0,0
Turkmenistan,TKM,1994,0.17665,0,0,0.149,NA,NA,1,0,0,0,0,0
Turkmenistan,TKM,1995,0.17665,0,0,0.148,NA,NA,1,0,0,0,0,0
Turkmenistan,TKM,1996,0.17665,0,0,0.148,NA,NA,1,0,0,0,0,0
Turkmenistan,TKM,1997,0.151925,0,0,0.143,NA,NA,1,0,0,0,0,0
Turkmenistan,TKM,1998,0.151925,0,0,0.143,NA,NA,1,0,0,0,0,0
Turkmenistan,TKM,1999,0.151925,0,0,0.143,NA,NA,1,0,0,0,0,0
Turkmenistan,TKM,2000,0.1392,0,0,0.07,NA,NA,1,0,0,0,0,0
Turkmenistan,TKM,2001,0.10985,0,0,0.07,NA,NA,1,0,0,0,0,0
Turkmenistan,TKM,2002,0.10985,0,0,0.07,NA,NA,1,0,0,0,0,0
Turkmenistan,TKM,2003,0.10985,0,0,0.07,NA,NA,1,0,0,0,0,0
Turkmenistan,TKM,2004,0.10985,0,0,0.07,NA,NA,1,0,0,0,0,0
Turkmenistan,TKM,2005,0.10985,0,0,0.079,NA,NA,1,0,0,0,0,0
Turkmenistan,TKM,2006,0.10985,0,0,0.079,NA,NA,1,0,0,0,0,0
Turkmenistan,TKM,2007,0.1424,0,0,0.134,NA,NA,1,0,0,0,0,0
Turkmenistan,TKM,2008,0.1586,0,0,0.141,NA,NA,1,0,0,0,0,0
Turkmenistan,TKM,2009,0.151875,0,0,0.143,NA,NA,1,0,0,0,0,0
Turkmenistan,TKM,2010,0.1379,0,0,0.144,NA,NA,1,0,0,0,0,0
Turkmenistan,TKM,2011,0.1379,0,0,0.144,NA,NA,1,0,0,0,0,0
Turkmenistan,TKM,2012,0.1379,0,0,0.145,NA,NA,1,0,0,0,0,0
Turkmenistan,TKM,2013,0.1447,0,0,0.144,NA,NA,1,0,0,0,0,0
Turkmenistan,TKM,2014,0.155125,0,0,0.144,NA,NA,1,0,0,0,0,0
Turkmenistan,TKM,2015,0.155125,0,0,0.144,NA,NA,1,0,0,0,0,0
Turkmenistan,TKM,2016,0.155125,0,0,0.144,NA,NA,1,0,0,0,0,0
Turkmenistan,TKM,2017,0.160725,0,0,0.147,NA,NA,1,0,0,0,0,0
Turkmenistan,TKM,2018,0.161125,0,0,0.149,NA,NA,1,0,0,0,0,0
Turkmenistan,TKM,2019,0.160525,0,0,0.149,NA,NA,1,0,0,0,0,0
Turkmenistan,TKM,2020,0.15315,0,0,0.15,NA,NA,1,0,0,0,0,0
Turkmenistan,TKM,2021,0.15415,0,0,0.149,NA,NA,1,0,0,0,0,0
Turkmenistan,TKM,2022,0.15295,0,0,0.147,NA,NA,1,0,0,0,0,0
Turkmenistan,TKM,2023,0.17255,0,0,0.149,NA,NA,1,0,0,0,0,0
Turkmenistan,TKM,2024,0.18695,0,0,0.149,NA,NA,1,0,0,0,0,0
German Democratic Republic,DDR,1949,0.43775,0,0,0.109,0,NA,1,0,NA,NA,0,0
German Democratic Republic,DDR,1950,0.44115,0,0,0.172,0,NA,1,0,NA,NA,0,0
German Democratic Republic,DDR,1951,0.44115,0,0,0.171,0,NA,1,0,NA,NA,0,0
German Democratic Republic,DDR,1952,0.44115,0,0,0.171,0,NA,1,0,NA,NA,0,0
German Democratic Republic,DDR,1953,0.447575,0,0,0.173,0,NA,1,0,NA,NA,0,0
German Democratic Republic,DDR,1954,0.440475,0,0,0.171,0,NA,1,0,NA,NA,0,0
German Democratic Republic,DDR,1955,0.440475,0,0,0.168,0,NA,1,0,NA,NA,0,0
German Democratic Republic,DDR,1956,0.440475,0,0,0.168,0,NA,1,0,NA,NA,0,0
German Democratic Republic,DDR,1957,0.440475,0,0,0.167,0,NA,1,0,NA,NA,0,0
German Democratic Republic,DDR,1958,0.4699,0,0,0.167,0,NA,1,0,NA,NA,0,0
German Democratic Republic,DDR,1959,0.4699,0,0,0.167,0,NA,1,0,NA,NA,0,0
German Democratic Republic,DDR,1960,0.4699,0,0,0.167,0,NA,1,0,NA,NA,0,0
German Democratic Republic,DDR,1961,0.4699,0,0,0.167,0,NA,1,0,NA,NA,0,0
German Democratic Republic,DDR,1962,0.4699,0,0,0.168,0,NA,1,0,NA,NA,0,0
German Democratic Republic,DDR,1963,0.4699,0,0,0.168,0,NA,1,0,NA,NA,0,0
German Democratic Republic,DDR,1964,0.4699,0,0,0.167,0,NA,1,0,NA,NA,0,0
German Democratic Republic,DDR,1965,0.4699,0,0,0.167,0,NA,1,0,NA,NA,0,0
German Democratic Republic,DDR,1966,0.4699,0,0,0.167,0,NA,1,0,NA,NA,0,0
German Democratic Republic,DDR,1967,0.4699,0,0,0.168,0,NA,1,0,NA,NA,0,0
German Democratic Republic,DDR,1968,0.4699,0,0,0.168,0,NA,1,0,NA,NA,0,0
German Democratic Republic,DDR,1969,0.4699,0,0,0.168,0,NA,1,0,NA,NA,0,0
German Democratic Republic,DDR,1970,0.4803,0,0,0.168,0,NA,1,0,NA,NA,0,0
German Democratic Republic,DDR,1971,0.4803,0,0,0.168,0,NA,1,0,NA,NA,0,0
German Democratic Republic,DDR,1972,0.4803,0,0,0.167,0,NA,1,0,NA,NA,0,0
German Democratic Republic,DDR,1973,0.4803,0,0,0.168,0,NA,1,0,NA,NA,0,0
German Democratic Republic,DDR,1974,0.4803,0,0,0.168,0,NA,1,0,NA,NA,0,0
German Democratic Republic,DDR,1975,0.4803,0,0,0.168,0,NA,1,0,NA,NA,0,0
German Democratic Republic,DDR,1976,0.4803,0,0,0.168,0,NA,1,0,NA,NA,0,0
German Democratic Republic,DDR,1977,0.4803,0,0,0.168,0,NA,1,0,NA,NA,0,0
German Democratic Republic,DDR,1978,0.4803,0,0,0.168,0,NA,1,0,NA,NA,0,0
German Democratic Republic,DDR,1979,0.4803,0,0,0.168,0,NA,1,0,NA,NA,0,0
German Democratic Republic,DDR,1980,0.4803,0,0,0.168,0,NA,1,0,NA,NA,0,0
German Democratic Republic,DDR,1981,0.4803,0,0,0.168,0,NA,1,0,NA,NA,0,0
German Democratic Republic,DDR,1982,0.4803,0,0,0.168,0,NA,1,0,NA,NA,0,0
German Democratic Republic,DDR,1983,0.4803,0,0,0.168,0,NA,1,0,NA,NA,0,0
German Democratic Republic,DDR,1984,0.4803,0,0,0.168,0,NA,1,0,NA,NA,0,0
German Democratic Republic,DDR,1985,0.4803,0,0,0.168,0,NA,1,0,NA,NA,0,0
German Democratic Republic,DDR,1986,0.4803,0,0,0.172,0,NA,1,0,NA,NA,0,0
German Democratic Republic,DDR,1987,0.4803,0,0,0.175,0,NA,1,0,NA,NA,0,0
German Democratic Republic,DDR,1988,0.4803,0,0,0.175,0,NA,1,0,NA,NA,0,0
German Democratic Republic,DDR,1989,0.4753,0,0,0.18,0,NA,1,0,NA,NA,0,0
German Democratic Republic,DDR,1990,0.8089,1,0.6931471805599453,0.709,3.7376696182833684,NA,1,0,NA,NA,0,0
Palestine/Gaza,PSG,1948,0.4929,0,0,0.04,0,NA,1,0,NA,NA,0,0
Palestine/Gaza,PSG,1949,0.4929,0,0,0.04,0,NA,1,0,NA,NA,0,0
Palestine/Gaza,PSG,1950,0.4929,0,0,0.04,0,NA,1,0,NA,NA,0,0
Palestine/Gaza,PSG,1951,0.4929,0,0,0.04,0,NA,1,0,NA,NA,0,0
Palestine/Gaza,PSG,1952,0.4929,0,0,0.04,0,NA,1,0,NA,NA,0,0
Palestine/Gaza,PSG,1953,0.4929,0,0,0.04,0,NA,1,0,NA,NA,0,0
Palestine/Gaza,PSG,1954,0.4929,0,0,0.038,0,NA,1,0,NA,NA,0,0
Palestine/Gaza,PSG,1955,0.4929,0,0,0.038,0,NA,1,0,NA,NA,0,0
Palestine/Gaza,PSG,1956,0.4929,0,0,0.038,0,NA,1,0,NA,NA,0,0
Palestine/Gaza,PSG,1957,0.4929,0,0,0.038,0,NA,1,0,NA,NA,0,0
Palestine/Gaza,PSG,1958,0.4929,0,0,0.038,0,NA,1,0,NA,NA,0,0
Palestine/Gaza,PSG,1959,0.4929,0,0,0.038,0,NA,1,0,NA,NA,0,0
Palestine/Gaza,PSG,1960,0.4879,0,0,0.038,0,NA,1,0,NA,NA,0,0
Palestine/Gaza,PSG,1961,0.4879,0,0,0.038,0,NA,1,0,NA,NA,0,0
Palestine/Gaza,PSG,1962,0.4879,0,0,0.038,0,NA,1,0,NA,NA,0,0
Palestine/Gaza,PSG,1963,0.4879,0,0,0.038,0,NA,1,0,NA,NA,0,0
Palestine/Gaza,PSG,1964,0.4879,0,0,0.038,0,NA,1,0,NA,NA,0,0
Palestine/Gaza,PSG,1965,0.4879,0,0,0.04,0,NA,1,0,NA,NA,0,0
Palestine/Gaza,PSG,1966,0.4879,0,0,0.04,0,NA,1,0,NA,NA,0,0
Palestine/Gaza,PSG,2007,0.481275,0,0,0.134,0,NA,1,0,NA,NA,0,0
Palestine/Gaza,PSG,2008,0.481875,0,0,0.136,0,NA,1,0,NA,NA,0,0
Palestine/Gaza,PSG,2009,0.480475,0,0,0.139,0,NA,1,0,NA,NA,0,0
Palestine/Gaza,PSG,2010,0.498525,0,0,0.144,0,NA,1,0,NA,NA,0,0
Palestine/Gaza,PSG,2011,0.499325,0,0,0.144,0,NA,1,0,NA,NA,0,0
Palestine/Gaza,PSG,2012,0.498125,0,0,0.145,0,NA,1,0,NA,NA,0,0
Palestine/Gaza,PSG,2013,0.469875,0,0,0.13,0,NA,1,0,NA,NA,0,0
Palestine/Gaza,PSG,2014,0.4659,0,0,0.131,0,NA,1,0,NA,NA,0,0
Palestine/Gaza,PSG,2015,0.46425,0,0,0.122,0,NA,1,0,NA,NA,0,0
Palestine/Gaza,PSG,2016,0.46425,0,0,0.12,0,NA,1,0,NA,NA,0,0
Palestine/Gaza,PSG,2017,0.4628,0,0,0.121,0,NA,1,0,NA,NA,0,0
Palestine/Gaza,PSG,2018,0.401575,0,0,0.116,0,NA,1,0,NA,NA,0,0
Palestine/Gaza,PSG,2019,0.450125,0,0,0.119,0,NA,1,0,NA,NA,0,0
Palestine/Gaza,PSG,2020,0.4186,0,0,0.13,0,NA,1,0,NA,NA,0,0
Palestine/Gaza,PSG,2021,0.4202,0,0,0.128,0,NA,1,0,NA,NA,0,0
Palestine/Gaza,PSG,2022,0.467,0,0,0.125,0,NA,1,0,NA,NA,0,0
Palestine/Gaza,PSG,2023,0.46555,0,0,0.123,0,NA,1,0,NA,NA,0,0
Palestine/Gaza,PSG,2024,0.387625,0,0,0.095,0,NA,1,0,NA,NA,0,0
Somaliland,SML,1940,0.737025,0,0,0.058,0,NA,1,0,NA,NA,0,0
Somaliland,SML,1941,0.737025,0,0,0.062,0,NA,1,0,NA,NA,0,0
Somaliland,SML,1942,0.737025,0,0,0.062,0,NA,1,0,NA,NA,0,0
Somaliland,SML,1943,0.737025,0,0,0.065,0,NA,1,0,NA,NA,0,0
Somaliland,SML,1944,0.737025,0,0,0.065,0,NA,1,0,NA,NA,0,0
Somaliland,SML,1945,0.737025,0,0,0.065,0,NA,1,0,NA,NA,0,0
Somaliland,SML,1946,0.737025,0,0,0.065,0,NA,1,0,NA,NA,0,0
Somaliland,SML,1947,0.737025,0,0,0.075,0,NA,1,0,NA,NA,0,0
Somaliland,SML,1948,0.737025,0,0,0.075,0,NA,1,0,NA,NA,0,0
Somaliland,SML,1949,0.737025,0,0,0.075,0,NA,1,0,NA,NA,0,0
Somaliland,SML,1950,0.737025,0,0,0.075,0,NA,1,0,NA,NA,0,0
Somaliland,SML,1951,0.733825,0,0,0.075,0,NA,1,0,NA,NA,0,0
Somaliland,SML,1952,0.733825,0,0,0.075,0,NA,1,0,NA,NA,0,0
Somaliland,SML,1953,0.733825,0,0,0.075,0,NA,1,0,NA,NA,0,0
Somaliland,SML,1954,0.733825,0,0,0.084,0,NA,1,0,NA,NA,0,0
Somaliland,SML,1955,0.733825,0,0,0.087,0,NA,1,0,NA,NA,0,0
Somaliland,SML,1956,0.733825,0,0,0.096,0,NA,1,0,NA,NA,0,0
Somaliland,SML,1957,0.733825,0,0,0.112,0,NA,1,0,NA,NA,0,0
Somaliland,SML,1958,0.733825,0,0,0.112,0,NA,1,0,NA,NA,0,0
Somaliland,SML,1959,0.733825,0,0,0.117,0,NA,1,0,NA,NA,0,0
Somaliland,SML,1991,0.381575,0,0,0.145,0,NA,1,0,NA,NA,0,0
Somaliland,SML,1992,0.381575,0,0,0.145,0,NA,1,0,NA,NA,0,0
Somaliland,SML,1993,0.389,0,0,0.166,0,NA,1,0,NA,NA,0,0
Somaliland,SML,1994,0.3904,0,0,0.174,0,NA,1,0,NA,NA,0,0
Somaliland,SML,1995,0.3928,0,0,0.174,0,NA,1,0,NA,NA,0,0
Somaliland,SML,1996,0.3928,0,0,0.174,0,NA,1,0,NA,NA,0,0
Somaliland,SML,1997,0.3928,0,0,0.177,0,NA,1,0,NA,NA,0,0
Somaliland,SML,1998,0.417,0,0,0.174,0,NA,1,0,NA,NA,0,0
Somaliland,SML,1999,0.4247,0,0,0.174,0,NA,1,0,NA,NA,0,0
Somaliland,SML,2000,0.433475,0,0,0.172,0,NA,1,0,NA,NA,0,0
Somaliland,SML,2001,0.440375,0,0,0.181,0,NA,1,0,NA,NA,0,0
Somaliland,SML,2002,0.440375,0,0,0.199,0,NA,1,0,NA,NA,0,0
Somaliland,SML,2003,0.440375,0,0,0.359,0,NA,1,0,NA,NA,0,0
Somaliland,SML,2004,0.440375,0,0,0.381,0,NA,1,0,NA,NA,0,0
Somaliland,SML,2005,0.440375,0,0,0.388,0,NA,1,0,NA,NA,0,0
Somaliland,SML,2006,0.440375,0,0,0.402,0,NA,1,0,NA,NA,0,0
Somaliland,SML,2007,0.440375,0,0,0.4,0,NA,1,0,NA,NA,0,0
Somaliland,SML,2008,0.440375,0,0,0.4,0,NA,1,0,NA,NA,0,0
Somaliland,SML,2009,0.440375,0,0,0.4,0,NA,1,0,NA,NA,0,0
Somaliland,SML,2010,0.440375,0,0,0.42,0,NA,1,0,NA,NA,0,0
Somaliland,SML,2011,0.44935,0,0,0.438,0,NA,1,0,NA,NA,0,0
Somaliland,SML,2012,0.455075,0,0,0.438,0,NA,1,0,NA,NA,0,0
Somaliland,SML,2013,0.467975,0,0,0.408,0,NA,1,0,NA,NA,0,0
Somaliland,SML,2014,0.467975,0,0,0.407,0,NA,1,0,NA,NA,0,0
Somaliland,SML,2015,0.467975,0,0,0.407,0,NA,1,0,NA,NA,0,0
Somaliland,SML,2016,0.4718,0,0,0.412,0,NA,1,0,NA,NA,0,0
Somaliland,SML,2017,0.4702,0,0,0.417,0,NA,1,0,NA,NA,0,0
Somaliland,SML,2018,0.465525,0,0,0.402,0,NA,1,0,NA,NA,0,0
Somaliland,SML,2019,0.452675,0,0,0.398,0,NA,1,0,NA,NA,0,0
Somaliland,SML,2020,0.456875,0,0,0.406,0,NA,1,0,NA,NA,0,0
Somaliland,SML,2021,0.451875,0,0,0.414,0,NA,1,0,NA,NA,0,0
Somaliland,SML,2022,0.460675,0,0,0.415,0,NA,1,0,NA,NA,0,0
Somaliland,SML,2023,0.4533,0,0,0.41,0,NA,1,0,NA,NA,0,0
Somaliland,SML,2024,0.4631,0,0,0.419,0,NA,1,0,NA,NA,0,0
Uzbekistan,UZB,1990,0.33855,0,0,0.204,NA,NA,1,0,0,0,0,0
Uzbekistan,UZB,1991,0.33855,0,0,0.226,NA,NA,1,0,0,0,0,0
Uzbekistan,UZB,1992,0.28595,0,0,0.203,NA,NA,1,0,0,0,0,0
Uzbekistan,UZB,1993,0.270375,0,0,0.198,NA,NA,1,0,0,0,0,0
Uzbekistan,UZB,1994,0.260675,0,0,0.186,NA,NA,1,0,0,0,0,0
Uzbekistan,UZB,1995,0.260675,0,0,0.164,NA,NA,1,0,0,0,0,0
Uzbekistan,UZB,1996,0.258575,0,0,0.163,NA,NA,1,0,0,0,0,0
Uzbekistan,UZB,1997,0.24645,0,0,0.163,NA,NA,1,0,0,0,0,0
Uzbekistan,UZB,1998,0.22405,0,0,0.163,NA,NA,1,0,0,0,0,0
Uzbekistan,UZB,1999,0.218825,0,0,0.157,NA,NA,1,0,0,0,0,0
Uzbekistan,UZB,2000,0.218825,0,0,0.156,NA,NA,1,0,0,0,0,0
Uzbekistan,UZB,2001,0.218825,0,0,0.155,NA,NA,1,0,0,0,0,0
Uzbekistan,UZB,2002,0.218825,0,0,0.156,NA,NA,1,0,0,0,0,0
Uzbekistan,UZB,2003,0.22965,0,0,0.157,NA,NA,1,0,0,0,0,0
Uzbekistan,UZB,2004,0.22745,0,0,0.157,NA,NA,1,0,0,0,0,0
Uzbekistan,UZB,2005,0.230725,0,0,0.161,NA,NA,1,0,0,0,0,0
Uzbekistan,UZB,2006,0.231725,0,0,0.16,NA,NA,1,0,0,0,0,0
Uzbekistan,UZB,2007,0.23405,0,0,0.16,NA,NA,1,0,0,0,0,0
Uzbekistan,UZB,2008,0.2358,0,0,0.163,NA,NA,1,0,0,0,0,0
Uzbekistan,UZB,2009,0.2362,0,0,0.162,NA,NA,1,0,0,0,0,0
Uzbekistan,UZB,2010,0.2372,0,0,0.162,NA,NA,1,0,0,0,0,0
Uzbekistan,UZB,2011,0.235275,0,0,0.162,NA,NA,1,0,0,0,0,0
Uzbekistan,UZB,2012,0.23625,0,0,0.162,NA,NA,1,0,0,0,0,0
Uzbekistan,UZB,2013,0.23875,0,0,0.166,NA,NA,1,0,0,0,0,0
Uzbekistan,UZB,2014,0.241975,0,0,0.167,NA,NA,1,0,0,0,0,0
Uzbekistan,UZB,2015,0.239375,0,0,0.165,NA,NA,1,0,0,0,0,0
Uzbekistan,UZB,2016,0.244375,0,0,0.169,NA,NA,1,0,0,0,0,0
Uzbekistan,UZB,2017,0.305625,0,0,0.19,NA,NA,1,0,0,0,0,0
Uzbekistan,UZB,2018,0.329825,0,0,0.188,NA,NA,1,0,0,0,0,0
Uzbekistan,UZB,2019,0.38045,0,0,0.202,NA,NA,1,0,0,0,0,0
Uzbekistan,UZB,2020,0.37355,0,0,0.205,NA,NA,1,0,0,0,0,0
Uzbekistan,UZB,2021,0.36875,0,0,0.205,NA,NA,1,0,0,0,0,0
Uzbekistan,UZB,2022,0.35875,0,0,0.212,NA,NA,1,0,0,0,0,0
Uzbekistan,UZB,2023,0.36115,0,0,0.214,NA,NA,1,0,0,0,0,0
Uzbekistan,UZB,2024,0.35195,0,0,0.215,NA,NA,1,0,0,0,0,0
Austria,AUT,1945,0.8254,1,1.0986122886681096,0.716,NA,NA,0,1,0,0,0,0
Austria,AUT,1946,0.842825,0,1.0986122886681096,0.761,NA,NA,0,1,0,0,0,0
Austria,AUT,1947,0.842825,0,1.0986122886681096,0.759,NA,NA,0,1,0,0,0,0
Austria,AUT,1948,0.842825,0,1.0986122886681096,0.759,NA,NA,0,1,0,0,0,0
Austria,AUT,1949,0.842825,0,1.0986122886681096,0.765,NA,NA,0,1,0,0,0,0
Austria,AUT,1950,0.842825,0,1.0986122886681096,0.768,NA,NA,0,1,0,0,0,0
Austria,AUT,1951,0.842825,0,1.0986122886681096,0.767,NA,NA,0,1,0,0,0,0
Austria,AUT,1952,0.842825,0,1.0986122886681096,0.766,NA,NA,0,1,0,0,0,0
Austria,AUT,1953,0.842825,0,1.0986122886681096,0.769,NA,NA,0,1,0,0,0,0
Austria,AUT,1954,0.847225,0,1.0986122886681096,0.77,NA,NA,0,1,0,0,0,0
Austria,AUT,1955,0.847225,0,1.0986122886681096,0.77,NA,NA,0,1,0,0,0,0
Austria,AUT,1956,0.878475,0,1.0986122886681096,0.826,NA,NA,0,1,0,0,0,0
Austria,AUT,1957,0.878475,0,1.0986122886681096,0.82,NA,NA,0,1,0,0,0,0
Austria,AUT,1958,0.878475,0,1.0986122886681096,0.82,NA,NA,0,1,0,0,0,0
Austria,AUT,1959,0.878475,0,1.0986122886681096,0.82,NA,NA,0,1,0,0,0,0
Austria,AUT,1960,0.878475,0,1.0986122886681096,0.824,NA,NA,0,1,0,0,0,0
Austria,AUT,1961,0.878475,0,1.0986122886681096,0.824,NA,NA,0,1,0,0,0,0
Austria,AUT,1962,0.878475,0,1.0986122886681096,0.824,NA,NA,0,1,0,0,0,0
Austria,AUT,1963,0.878475,0,1.0986122886681096,0.829,NA,NA,0,1,0,0,0,0
Austria,AUT,1964,0.878475,0,1.0986122886681096,0.829,NA,NA,0,1,0,0,0,0
Austria,AUT,1965,0.878475,0,1.0986122886681096,0.828,NA,NA,0,1,0,0,0,0
Austria,AUT,1966,0.878475,0,1.0986122886681096,0.828,NA,NA,0,1,0,0,0,0
Austria,AUT,1967,0.878475,0,1.0986122886681096,0.831,NA,NA,0,1,0,0,0,0
Austria,AUT,1968,0.878475,0,1.0986122886681096,0.831,NA,NA,0,1,0,0,0,0
Austria,AUT,1969,0.878475,0,1.0986122886681096,0.831,NA,NA,0,1,0,0,0,0
Austria,AUT,1970,0.878475,0,1.0986122886681096,0.831,NA,NA,0,1,0,0,0,0
Austria,AUT,1971,0.89745,0,1.0986122886681096,0.829,NA,NA,0,1,0,0,0,0
Austria,AUT,1972,0.89745,0,1.0986122886681096,0.841,NA,NA,0,1,0,0,0,0
Austria,AUT,1973,0.89745,0,1.0986122886681096,0.845,NA,NA,0,1,0,0,0,0
Austria,AUT,1974,0.89745,0,1.0986122886681096,0.851,NA,NA,0,1,0,0,0,0
Austria,AUT,1975,0.89925,0,1.0986122886681096,0.85,NA,NA,0,1,0,0,0,0
Austria,AUT,1976,0.90225,0,1.0986122886681096,0.856,NA,NA,0,1,0,0,0,0
Austria,AUT,1977,0.90225,0,1.0986122886681096,0.856,NA,NA,0,1,0,0,0,0
Austria,AUT,1978,0.90225,0,1.0986122886681096,0.856,NA,NA,0,1,0,0,0,0
Austria,AUT,1979,0.90225,0,1.0986122886681096,0.856,NA,NA,0,1,0,0,0,0
Austria,AUT,1980,0.88665,0,1.0986122886681096,0.856,NA,NA,0,1,0,0,0,0
Austria,AUT,1981,0.88645,0,1.0986122886681096,0.855,NA,NA,0,1,0,0,0,0
Austria,AUT,1982,0.88645,0,1.0986122886681096,0.855,NA,NA,0,1,0,0,0,0
Austria,AUT,1983,0.88645,0,1.0986122886681096,0.854,NA,NA,0,1,0,0,0,0
Austria,AUT,1984,0.88645,0,1.0986122886681096,0.853,NA,NA,0,1,0,0,0,0
Austria,AUT,1985,0.88645,0,1.0986122886681096,0.853,NA,NA,0,1,0,0,0,0
Austria,AUT,1986,0.88705,0,1.0986122886681096,0.856,NA,NA,0,1,0,0,0,0
Austria,AUT,1987,0.89905,0,1.0986122886681096,0.857,NA,NA,0,1,0,0,0,0
Austria,AUT,1988,0.89905,0,1.0986122886681096,0.855,NA,NA,0,1,0,0,0,0
Austria,AUT,1989,0.89905,0,1.0986122886681096,0.859,NA,NA,0,1,0,0,0,0
Austria,AUT,1990,0.89905,0,1.0986122886681096,0.859,NA,NA,0,1,0,0,0,0
Austria,AUT,1991,0.89905,0,1.0986122886681096,0.858,NA,NA,0,1,0,0,0,0
Austria,AUT,1992,0.89905,0,1.0986122886681096,0.861,NA,NA,0,1,0,0,0,0
Austria,AUT,1993,0.89905,0,1.0986122886681096,0.863,NA,NA,0,1,0,0,0,0
Austria,AUT,1994,0.89905,0,1.0986122886681096,0.862,NA,NA,0,1,0,0,0,0
Austria,AUT,1995,0.89905,0,1.0986122886681096,0.861,NA,NA,0,1,0,0,0,0
Austria,AUT,1996,0.89905,0,1.0986122886681096,0.859,NA,NA,0,1,0,0,0,0
Austria,AUT,1997,0.89905,0,1.0986122886681096,0.859,NA,NA,0,1,0,0,0,0
Austria,AUT,1998,0.89905,0,1.0986122886681096,0.858,NA,NA,0,1,0,0,0,0
Austria,AUT,1999,0.89905,0,1.0986122886681096,0.859,NA,NA,0,1,0,0,0,0
Austria,AUT,2000,0.89845,0,1.0986122886681096,0.862,NA,NA,0,1,0,0,0,0
Austria,AUT,2001,0.89725,0,1.0986122886681096,0.862,NA,NA,0,1,0,0,0,0
Austria,AUT,2002,0.89725,0,1.0986122886681096,0.862,NA,NA,0,1,0,0,0,0
Austria,AUT,2003,0.89845,0,1.0986122886681096,0.863,NA,NA,0,1,0,0,0,0
Austria,AUT,2004,0.89705,0,1.0986122886681096,0.861,NA,NA,0,1,0,0,0,0
Austria,AUT,2005,0.89705,0,1.0986122886681096,0.859,NA,NA,0,1,0,0,0,0
Austria,AUT,2006,0.89825,0,1.0986122886681096,0.863,NA,NA,0,1,0,0,0,0
Austria,AUT,2007,0.90065,0,1.0986122886681096,0.876,NA,NA,0,1,0,0,0,0
Austria,AUT,2008,0.90065,0,1.0986122886681096,0.876,NA,NA,0,1,0,0,0,0
Austria,AUT,2009,0.90065,0,1.0986122886681096,0.876,NA,NA,0,1,0,0,0,0
Austria,AUT,2010,0.90065,0,1.0986122886681096,0.872,NA,NA,0,1,0,0,0,0
Austria,AUT,2011,0.89985,0,1.0986122886681096,0.872,NA,NA,0,1,0,0,0,0
Austria,AUT,2012,0.90045,0,1.0986122886681096,0.872,NA,NA,0,1,0,0,0,0
Austria,AUT,2013,0.90805,0,1.0986122886681096,0.875,NA,NA,0,1,0,0,0,0
Austria,AUT,2014,0.90805,0,1.0986122886681096,0.872,NA,NA,0,1,0,0,0,0
Austria,AUT,2015,0.90805,0,1.0986122886681096,0.872,NA,NA,0,1,0,0,0,0
Austria,AUT,2016,0.90805,0,1.0986122886681096,0.848,NA,NA,0,1,0,0,0,0
Austria,AUT,2017,0.897475,0,1.0986122886681096,0.853,NA,NA,0,1,0,0,0,0
Austria,AUT,2018,0.869775,0,1.0986122886681096,0.857,NA,NA,0,1,0,0,0,0
Austria,AUT,2019,0.88035,0,1.0986122886681096,0.863,NA,NA,0,1,0,0,0,0
Austria,AUT,2020,0.9,0,1.0986122886681096,0.86,NA,NA,0,1,0,0,0,0
Austria,AUT,2021,0.86605,0,1.0986122886681096,0.852,NA,NA,0,1,0,0,0,0
Austria,AUT,2022,0.8352,0,1.0986122886681096,0.838,NA,NA,0,1,0,0,0,0
Austria,AUT,2023,0.836,0,1.0986122886681096,0.846,NA,NA,0,1,0,0,0,0
Austria,AUT,2024,0.834775,0,1.0986122886681096,0.839,NA,NA,0,1,0,0,0,0
Bahrain,BHR,1940,0.4248,0,0,0.022,0,NA,1,0,0,0,1,0
Bahrain,BHR,1941,0.4248,0,0,0.022,0,NA,1,0,0,0,1,0
Bahrain,BHR,1942,0.4248,0,0,0.022,0,NA,1,0,0,0,1,0
Bahrain,BHR,1943,0.4248,0,0,0.022,0,NA,1,0,0,0,1,0
Bahrain,BHR,1944,0.4248,0,0,0.022,0,NA,1,0,0,0,1,0
Bahrain,BHR,1945,0.4248,0,0,0.022,0,NA,1,0,0,0,1,0
Bahrain,BHR,1946,0.4248,0,0,0.022,0,NA,1,0,0,0,1,0
Bahrain,BHR,1947,0.4248,0,0,0.022,0,NA,1,0,0,0,1,0
Bahrain,BHR,1948,0.4248,0,0,0.022,0,NA,1,0,0,0,1,0
Bahrain,BHR,1949,0.4248,0,0,0.022,0,NA,1,0,0,0,1,0
Bahrain,BHR,1950,0.4248,0,0,0.022,0,NA,1,0,0,0,1,0
Bahrain,BHR,1951,0.4248,0,0,0.024,0,NA,1,0,0,0,1,0
Bahrain,BHR,1952,0.4248,0,0,0.024,0,NA,1,0,0,0,1,0
Bahrain,BHR,1953,0.4248,0,0,0.025,0,NA,1,0,0,0,1,0
Bahrain,BHR,1954,0.4248,0,0,0.025,0,NA,1,0,0,0,1,0
Bahrain,BHR,1955,0.4248,0,0,0.025,0,NA,1,0,0,0,1,0
Bahrain,BHR,1956,0.4248,0,0,0.025,0,NA,1,0,0,0,1,0
Bahrain,BHR,1957,0.371125,0,0,0.025,0,NA,1,0,0,0,1,0
Bahrain,BHR,1958,0.462075,0,0,0.025,0,NA,1,0,0,0,1,0
Bahrain,BHR,1959,0.462075,0,0,0.026,0,NA,1,0,0,0,1,0
Bahrain,BHR,1960,0.457075,0,0,0.024,0,NA,1,0,0,0,1,0
Bahrain,BHR,1961,0.457075,0,0,0.025,0,NA,1,0,0,0,1,0
Bahrain,BHR,1962,0.457075,0,0,0.025,0,NA,1,0,0,0,1,0
Bahrain,BHR,1963,0.457075,0,0,0.025,0,NA,1,0,0,0,1,0
Bahrain,BHR,1964,0.457075,0,0,0.025,0,NA,1,0,0,0,1,0
Bahrain,BHR,1965,0.457075,0,0,0.025,0,NA,1,0,0,0,1,0
Bahrain,BHR,1966,0.457075,0,0,0.025,0,NA,1,0,0,0,1,0
Bahrain,BHR,1967,0.457075,0,0,0.025,0,NA,1,0,0,0,1,0
Bahrain,BHR,1968,0.457075,0,0,0.025,0,NA,1,0,0,0,1,0
Bahrain,BHR,1969,0.457075,0,0,0.025,0,NA,1,0,0,0,1,0
Bahrain,BHR,1970,0.457075,0,0,0.025,0,NA,1,0,0,0,1,0
Bahrain,BHR,1971,0.446875,0,0,0.029,0,NA,1,0,0,0,1,0
Bahrain,BHR,1972,0.446875,0,0,0.076,0,NA,1,0,0,0,1,0
Bahrain,BHR,1973,0.446875,0,0,0.15,0,NA,1,0,0,0,1,0
Bahrain,BHR,1974,0.439675,0,0,0.125,0,NA,1,0,0,0,1,0
Bahrain,BHR,1975,0.353225,0,0,0.105,0,NA,1,0,0,0,1,0
Bahrain,BHR,1976,0.42935,0,0,0.051,0,NA,1,0,0,0,1,0
Bahrain,BHR,1977,0.42935,0,0,0.051,0,NA,1,0,0,0,1,0
Bahrain,BHR,1978,0.42935,0,0,0.051,0,NA,1,0,0,0,1,0
Bahrain,BHR,1979,0.42935,0,0,0.051,0,NA,1,0,0,0,1,0
Bahrain,BHR,1980,0.42935,0,0,0.048,0,NA,1,0,0,0,1,0
Bahrain,BHR,1981,0.42935,0,0,0.048,0,NA,1,0,0,0,1,0
Bahrain,BHR,1982,0.42935,0,0,0.048,0,NA,1,0,0,0,1,0
Bahrain,BHR,1983,0.42935,0,0,0.048,0,NA,1,0,0,0,1,0
Bahrain,BHR,1984,0.42935,0,0,0.05,0,NA,1,0,0,0,1,0
Bahrain,BHR,1985,0.42935,0,0,0.05,0,NA,1,0,0,0,1,0
Bahrain,BHR,1986,0.42935,0,0,0.05,0,NA,1,0,0,0,1,0
Bahrain,BHR,1987,0.42935,0,0,0.05,0,NA,1,0,0,0,1,0
Bahrain,BHR,1988,0.42935,0,0,0.05,0,NA,1,0,0,0,1,0
Bahrain,BHR,1989,0.42935,0,0,0.05,0,NA,1,0,0,0,1,0
Bahrain,BHR,1990,0.42935,0,0,0.049,0,NA,1,0,0,0,1,0
Bahrain,BHR,1991,0.42935,0,0,0.049,0,NA,1,0,0,0,1,0
Bahrain,BHR,1992,0.42935,0,0,0.049,0,NA,1,0,0,0,1,0
Bahrain,BHR,1993,0.42935,0,0,0.049,0,NA,1,0,0,0,1,0
Bahrain,BHR,1994,0.42935,0,0,0.049,0,NA,1,0,0,0,1,0
Bahrain,BHR,1995,0.42935,0,0,0.049,0,NA,1,0,0,0,1,0
Bahrain,BHR,1996,0.42935,0,0,0.049,0,NA,1,0,0,0,1,0
Bahrain,BHR,1997,0.42935,0,0,0.049,0,NA,1,0,0,0,1,0
Bahrain,BHR,1998,0.42935,0,0,0.049,0,NA,1,0,0,0,1,0
Bahrain,BHR,1999,0.43235,0,0,0.049,0,NA,1,0,0,0,1,0
Bahrain,BHR,2000,0.43235,0,0,0.066,0,NA,1,0,0,0,1,0
Bahrain,BHR,2001,0.43235,0,0,0.111,0,NA,1,0,0,0,1,0
Bahrain,BHR,2002,0.43615,0,0,0.167,0,NA,1,0,0,0,1,0
Bahrain,BHR,2003,0.43615,0,0,0.211,0,NA,1,0,0,0,1,0
Bahrain,BHR,2004,0.43615,0,0,0.211,0,NA,1,0,0,0,1,0
Bahrain,BHR,2005,0.43875,0,0,0.219,0,NA,1,0,0,0,1,0
Bahrain,BHR,2006,0.43875,0,0,0.221,0,NA,1,0,0,0,1,0
Bahrain,BHR,2007,0.410825,0,0,0.222,0,NA,1,0,0,0,1,0
Bahrain,BHR,2008,0.410825,0,0,0.222,0,NA,1,0,0,0,1,0
Bahrain,BHR,2009,0.410825,0,0,0.221,0,NA,1,0,0,0,1,0
Bahrain,BHR,2010,0.410825,0,0,0.216,0,NA,1,0,0,0,1,0
Bahrain,BHR,2011,0.279,0,0,0.17,0,NA,1,0,0,0,1,0
Bahrain,BHR,2012,0.2778,0,0,0.159,0,NA,1,0,0,0,1,0
Bahrain,BHR,2013,0.2874,0,0,0.158,0,NA,1,0,0,0,1,0
Bahrain,BHR,2014,0.301125,0,0,0.156,0,NA,1,0,0,0,1,0
Bahrain,BHR,2015,0.310325,0,0,0.134,0,NA,1,0,0,0,1,0
Bahrain,BHR,2016,0.31925,0,0,0.13,0,NA,1,0,0,0,1,0
Bahrain,BHR,2017,0.31925,0,0,0.122,0,NA,1,0,0,0,1,0
Bahrain,BHR,2018,0.31845,0,0,0.118,0,NA,1,0,0,0,1,0
Bahrain,BHR,2019,0.355925,0,0,0.117,0,NA,1,0,0,0,1,0
Bahrain,BHR,2020,0.355925,0,0,0.117,0,NA,1,0,0,0,1,0
Bahrain,BHR,2021,0.356125,0,0,0.12,0,NA,1,0,0,0,1,0
Bahrain,BHR,2022,0.356725,0,0,0.123,0,NA,1,0,0,0,1,0
Bahrain,BHR,2023,0.357125,0,0,0.124,0,NA,1,0,0,0,1,0
Bahrain,BHR,2024,0.354525,0,0,0.124,0,NA,1,0,0,0,1,0
Barbados,BRB,1940,0.708125,0,0,0.122,0,NA,1,0,1,0,0,0
Barbados,BRB,1941,0.708125,0,0,0.122,0,NA,1,0,1,0,0,0
Barbados,BRB,1942,0.708125,0,0,0.122,0,NA,1,0,1,0,0,0
Barbados,BRB,1943,0.708125,0,0,0.122,0,NA,1,0,1,0,0,0
Barbados,BRB,1944,0.708125,0,0,0.135,0,NA,1,0,1,0,0,0
Barbados,BRB,1945,0.708125,0,0,0.144,0,NA,1,0,1,0,0,0
Barbados,BRB,1946,0.708125,0,0,0.164,0,NA,1,0,1,0,0,0
Barbados,BRB,1947,0.72065,0,0,0.164,0,NA,1,0,1,0,0,0
Barbados,BRB,1948,0.72065,0,0,0.164,0,NA,1,0,1,0,0,0
Barbados,BRB,1949,0.72065,0,0,0.166,0,NA,1,0,1,0,0,0
Barbados,BRB,1950,0.72065,0,0,0.165,0,NA,1,0,1,0,0,0
Barbados,BRB,1951,0.72065,0,0,0.207,0,NA,1,0,1,0,0,0
Barbados,BRB,1952,0.72065,0,0,0.335,0,NA,1,0,1,0,0,0
Barbados,BRB,1953,0.72065,0,0,0.335,0,NA,1,0,1,0,0,0
Barbados,BRB,1954,0.72065,0,0,0.335,0,NA,1,0,1,0,0,0
Barbados,BRB,1955,0.72065,0,0,0.46,0,NA,1,0,1,0,0,0
Barbados,BRB,1956,0.72705,0,0,0.468,0,NA,1,0,1,0,0,0
Barbados,BRB,1957,0.72705,0,0,0.466,0,NA,1,0,1,0,0,0
Barbados,BRB,1958,0.74525,0,0,0.466,0,NA,1,0,1,0,0,0
Barbados,BRB,1959,0.74525,0,0,0.466,0,NA,1,0,1,0,0,0
Barbados,BRB,1960,0.738225,1,0.6931471805599453,0.594,4.0943445622221,NA,1,0,1,0,0,0
Barbados,BRB,1961,0.738225,0,0.6931471805599453,0.595,4.110873864173311,NA,1,0,1,0,0,0
Barbados,BRB,1962,0.738225,0,0.6931471805599453,0.611,4.127134385045092,NA,1,0,1,0,0,0
Barbados,BRB,1963,0.738225,0,0.6931471805599453,0.611,4.143134726391533,NA,1,0,1,0,0,0
Barbados,BRB,1964,0.738225,0,0.6931471805599453,0.611,4.1588830833596715,NA,1,0,1,0,0,0
Barbados,BRB,1965,0.738225,0,0.6931471805599453,0.611,4.174387269895637,NA,1,0,1,0,0,0
Barbados,BRB,1966,0.766775,0,0.6931471805599453,0.715,4.189654742026425,NA,1,0,1,0,0,0
Barbados,BRB,1967,0.7892,0,0.6931471805599453,0.72,4.204692619390966,NA,1,0,1,0,0,0
Barbados,BRB,1968,0.7892,0,0.6931471805599453,0.72,4.219507705176107,NA,1,0,1,0,0,0
Barbados,BRB,1969,0.7892,0,0.6931471805599453,0.73,4.23410650459726,NA,1,0,1,0,0,0
Barbados,BRB,1970,0.8118,0,0.6931471805599453,0.73,4.248495242049359,NA,1,0,1,0,0,0
Barbados,BRB,1971,0.8118,0,0.6931471805599453,0.73,4.2626798770413155,NA,1,0,1,0,0,0
Barbados,BRB,1972,0.8118,0,0.6931471805599453,0.73,4.276666119016055,NA,1,0,1,0,0,0
Barbados,BRB,1973,0.8118,0,0.6931471805599453,0.733,4.290459441148391,NA,1,0,1,0,0,0
Barbados,BRB,1974,0.8118,0,0.6931471805599453,0.733,4.304065093204169,NA,1,0,1,0,0,0
Barbados,BRB,1975,0.8118,0,0.6931471805599453,0.733,4.31748811353631,NA,1,0,1,0,0,0
Barbados,BRB,1976,0.8118,0,0.6931471805599453,0.737,4.330733340286331,NA,1,0,1,0,0,0
Barbados,BRB,1977,0.8118,0,0.6931471805599453,0.745,4.343805421853684,NA,1,0,1,0,0,0
Barbados,BRB,1978,0.8118,0,0.6931471805599453,0.745,4.356708826689592,NA,1,0,1,0,0,0
Barbados,BRB,1979,0.8118,0,0.6931471805599453,0.745,4.3694478524670215,NA,1,0,1,0,0,0
Barbados,BRB,1980,0.8216,0,0.6931471805599453,0.749,4.382026634673881,NA,1,0,1,0,0,0
Barbados,BRB,1981,0.8216,0,0.6931471805599453,0.745,4.394449154672439,NA,1,0,1,0,0,0
Barbados,BRB,1982,0.8204,0,0.6931471805599453,0.743,4.406719247264253,NA,1,0,1,0,0,0
Barbados,BRB,1983,0.8204,0,0.6931471805599453,0.743,4.418840607796598,NA,1,0,1,0,0,0
Barbados,BRB,1984,0.8204,0,0.6931471805599453,0.743,4.430816798843313,NA,1,0,1,0,0,0
Barbados,BRB,1985,0.8204,0,0.6931471805599453,0.743,4.442651256490317,NA,1,0,1,0,0,0
Barbados,BRB,1986,0.8204,0,0.6931471805599453,0.742,4.454347296253507,NA,1,0,1,0,0,0
Barbados,BRB,1987,0.8204,0,0.6931471805599453,0.742,4.465908118654584,NA,1,0,1,0,0,0
Barbados,BRB,1988,0.8204,0,0.6931471805599453,0.742,4.477336814478207,NA,1,0,1,0,0,0
Barbados,BRB,1989,0.8204,0,0.6931471805599453,0.742,4.48863636973214,NA,1,0,1,0,0,0
Barbados,BRB,1990,0.81165,0,0.6931471805599453,0.745,4.499809670330265,NA,1,0,1,0,0,0
Barbados,BRB,1991,0.81165,0,0.6931471805599453,0.76,4.51085950651685,NA,1,0,1,0,0,0
Barbados,BRB,1992,0.81185,0,0.6931471805599453,0.76,4.5217885770490405,NA,1,0,1,0,0,0
Barbados,BRB,1993,0.81185,0,0.6931471805599453,0.76,4.532599493153256,NA,1,0,1,0,0,0
Barbados,BRB,1994,0.81185,0,0.6931471805599453,0.763,4.543294782270004,NA,1,0,1,0,0,0
Barbados,BRB,1995,0.81185,0,0.6931471805599453,0.767,4.553876891600541,NA,1,0,1,0,0,0
Barbados,BRB,1996,0.81185,0,0.6931471805599453,0.767,4.564348191467836,NA,1,0,1,0,0,0
Barbados,BRB,1997,0.81185,0,0.6931471805599453,0.767,4.574710978503383,NA,1,0,1,0,0,0
Barbados,BRB,1998,0.81185,0,0.6931471805599453,0.767,4.584967478670572,NA,1,0,1,0,0,0
Barbados,BRB,1999,0.81185,0,0.6931471805599453,0.77,4.59511985013459,NA,1,0,1,0,0,0
Barbados,BRB,2000,0.81185,0,0.6931471805599453,0.769,4.605170185988092,NA,1,0,1,0,0,0
Barbados,BRB,2001,0.81185,0,0.6931471805599453,0.769,4.61512051684126,NA,1,0,1,0,0,0
Barbados,BRB,2002,0.81185,0,0.6931471805599453,0.769,4.624972813284271,NA,1,0,1,0,0,0
Barbados,BRB,2003,0.81185,0,0.6931471805599453,0.767,4.634728988229636,NA,1,0,1,0,0,0
Barbados,BRB,2004,0.81185,0,0.6931471805599453,0.765,4.6443908991413725,NA,1,0,1,0,0,0
Barbados,BRB,2005,0.81185,0,0.6931471805599453,0.765,4.653960350157523,NA,1,0,1,0,0,0
Barbados,BRB,2006,0.81185,0,0.6931471805599453,0.765,4.663439094112067,NA,1,0,1,0,0,0
Barbados,BRB,2007,0.81185,0,0.6931471805599453,0.765,4.672828834461906,NA,1,0,1,0,0,0
Barbados,BRB,2008,0.81185,0,0.6931471805599453,0.782,4.68213122712422,NA,1,0,1,0,0,0
Barbados,BRB,2009,0.81185,0,0.6931471805599453,0.783,4.6913478822291435,NA,1,0,1,0,0,0
Barbados,BRB,2010,0.808125,0,0.6931471805599453,0.783,4.700480365792417,NA,1,0,1,0,0,0
Barbados,BRB,2011,0.808125,0,0.6931471805599453,0.783,4.709530201312334,NA,1,0,1,0,0,0
Barbados,BRB,2012,0.808125,0,0.6931471805599453,0.783,4.718498871295094,NA,1,0,1,0,0,0
Barbados,BRB,2013,0.808125,0,0.6931471805599453,0.779,4.727387818712341,NA,1,0,1,0,0,0
Barbados,BRB,2014,0.808125,0,0.6931471805599453,0.779,4.736198448394496,NA,1,0,1,0,0,0
Barbados,BRB,2015,0.811625,0,0.6931471805599453,0.777,4.736198448394496,NA,1,0,1,0,0,0
Barbados,BRB,2016,0.811625,0,0.6931471805599453,0.777,4.74493212836325,NA,1,0,1,0,0,0
Barbados,BRB,2017,0.7978,0,0.6931471805599453,0.774,4.7535901911063645,NA,1,0,1,0,0,0
Barbados,BRB,2018,0.8082,0,0.6931471805599453,0.776,4.762173934797756,NA,1,0,1,0,0,0
Barbados,BRB,2019,0.8096,0,0.6931471805599453,0.789,4.770684624465665,NA,1,0,1,0,0,0
Barbados,BRB,2020,0.8096,0,0.6931471805599453,0.801,4.77912349311153,NA,1,0,1,0,0,0
Barbados,BRB,2021,0.811,0,0.6931471805599453,0.795,4.787491742782046,NA,1,0,1,0,0,0
Barbados,BRB,2022,0.811,0,0.6931471805599453,0.793,4.795790545596741,NA,1,0,1,0,0,0
Barbados,BRB,2023,0.812,0,0.6931471805599453,0.792,4.804021044733257,NA,1,0,1,0,0,0
Barbados,BRB,2024,0.811,0,0.6931471805599453,0.786,4.812184355372417,NA,1,0,1,0,0,0
Belgium,BEL,1940,0.819775,0,0,0.233,NA,NA,0,1,0,0,0,0
Belgium,BEL,1941,0.795575,0,0,0.124,NA,NA,0,1,0,0,0,0
Belgium,BEL,1942,0.795575,0,0,0.123,NA,NA,0,1,0,0,0,0
Belgium,BEL,1943,0.795575,0,0,0.123,NA,NA,0,1,0,0,0,0
Belgium,BEL,1944,0.795575,0,0,0.14,NA,NA,0,1,0,0,0,0
Belgium,BEL,1945,0.90425,0,0,0.238,NA,NA,0,1,0,0,0,0
Belgium,BEL,1946,0.90505,1,1.3862943611198906,0.503,NA,NA,0,1,0,0,0,0
Belgium,BEL,1947,0.90505,0,1.3862943611198906,0.534,NA,NA,0,1,0,0,0,0
Belgium,BEL,1948,0.90505,0,1.3862943611198906,0.534,NA,NA,0,1,0,0,0,0
Belgium,BEL,1949,0.90505,0,1.3862943611198906,0.699,NA,NA,0,1,0,0,0,0
Belgium,BEL,1950,0.90505,0,1.3862943611198906,0.716,NA,NA,0,1,0,0,0,0
Belgium,BEL,1951,0.90505,0,1.3862943611198906,0.721,NA,NA,0,1,0,0,0,0
Belgium,BEL,1952,0.90505,0,1.3862943611198906,0.721,NA,NA,0,1,0,0,0,0
Belgium,BEL,1953,0.90505,0,1.3862943611198906,0.721,NA,NA,0,1,0,0,0,0
Belgium,BEL,1954,0.90505,0,1.3862943611198906,0.726,NA,NA,0,1,0,0,0,0
Belgium,BEL,1955,0.90505,0,1.3862943611198906,0.729,NA,NA,0,1,0,0,0,0
Belgium,BEL,1956,0.90505,0,1.3862943611198906,0.729,NA,NA,0,1,0,0,0,0
Belgium,BEL,1957,0.90505,0,1.3862943611198906,0.729,NA,NA,0,1,0,0,0,0
Belgium,BEL,1958,0.90505,0,1.3862943611198906,0.73,NA,NA,0,1,0,0,0,0
Belgium,BEL,1959,0.90505,0,1.3862943611198906,0.731,NA,NA,0,1,0,0,0,0
Belgium,BEL,1960,0.90505,0,1.3862943611198906,0.836,NA,NA,0,1,0,0,0,0
Belgium,BEL,1961,0.90505,0,1.3862943611198906,0.838,NA,NA,0,1,0,0,0,0
Belgium,BEL,1962,0.90505,0,1.3862943611198906,0.844,NA,NA,0,1,0,0,0,0
Belgium,BEL,1963,0.92005,0,1.3862943611198906,0.844,NA,NA,0,1,0,0,0,0
Belgium,BEL,1964,0.92005,0,1.3862943611198906,0.844,NA,NA,0,1,0,0,0,0
Belgium,BEL,1965,0.92005,0,1.3862943611198906,0.845,NA,NA,0,1,0,0,0,0
Belgium,BEL,1966,0.92005,0,1.3862943611198906,0.846,NA,NA,0,1,0,0,0,0
Belgium,BEL,1967,0.92005,0,1.3862943611198906,0.846,NA,NA,0,1,0,0,0,0
Belgium,BEL,1968,0.92005,0,1.3862943611198906,0.844,NA,NA,0,1,0,0,0,0
Belgium,BEL,1969,0.92005,0,1.3862943611198906,0.844,NA,NA,0,1,0,0,0,0
Belgium,BEL,1970,0.92245,0,1.3862943611198906,0.846,NA,NA,0,1,0,0,0,0
Belgium,BEL,1971,0.92245,0,1.3862943611198906,0.847,NA,NA,0,1,0,0,0,0
Belgium,BEL,1972,0.92245,0,1.3862943611198906,0.852,NA,NA,0,1,0,0,0,0
Belgium,BEL,1973,0.92245,0,1.3862943611198906,0.852,NA,NA,0,1,0,0,0,0
Belgium,BEL,1974,0.92245,0,1.3862943611198906,0.849,NA,NA,0,1,0,0,0,0
Belgium,BEL,1975,0.92245,0,1.3862943611198906,0.849,NA,NA,0,1,0,0,0,0
Belgium,BEL,1976,0.92245,0,1.3862943611198906,0.851,NA,NA,0,1,0,0,0,0
Belgium,BEL,1977,0.92245,0,1.3862943611198906,0.853,NA,NA,0,1,0,0,0,0
Belgium,BEL,1978,0.92245,0,1.3862943611198906,0.854,NA,NA,0,1,0,0,0,0
Belgium,BEL,1979,0.92245,0,1.3862943611198906,0.855,NA,NA,0,1,0,0,0,0
Belgium,BEL,1980,0.92245,0,1.3862943611198906,0.865,NA,NA,0,1,0,0,0,0
Belgium,BEL,1981,0.92245,0,1.3862943611198906,0.862,NA,NA,0,1,0,0,0,0
Belgium,BEL,1982,0.92245,0,1.3862943611198906,0.86,NA,NA,0,1,0,0,0,0
Belgium,BEL,1983,0.92245,0,1.3862943611198906,0.86,NA,NA,0,1,0,0,0,0
Belgium,BEL,1984,0.92245,0,1.3862943611198906,0.86,NA,NA,0,1,0,0,0,0
Belgium,BEL,1985,0.92245,0,1.3862943611198906,0.86,NA,NA,0,1,0,0,0,0
Belgium,BEL,1986,0.92245,0,1.3862943611198906,0.86,NA,NA,0,1,0,0,0,0
Belgium,BEL,1987,0.92245,0,1.3862943611198906,0.858,NA,NA,0,1,0,0,0,0
Belgium,BEL,1988,0.92245,0,1.3862943611198906,0.856,NA,NA,0,1,0,0,0,0
Belgium,BEL,1989,0.92185,0,1.3862943611198906,0.862,NA,NA,0,1,0,0,0,0
Belgium,BEL,1990,0.92125,0,1.3862943611198906,0.872,NA,NA,0,1,0,0,0,0
Belgium,BEL,1991,0.92125,0,1.3862943611198906,0.873,NA,NA,0,1,0,0,0,0
Belgium,BEL,1992,0.92165,0,1.3862943611198906,0.876,NA,NA,0,1,0,0,0,0
Belgium,BEL,1993,0.92165,0,1.3862943611198906,0.876,NA,NA,0,1,0,0,0,0
Belgium,BEL,1994,0.92165,0,1.3862943611198906,0.876,NA,NA,0,1,0,0,0,0
Belgium,BEL,1995,0.92165,0,1.3862943611198906,0.878,NA,NA,0,1,0,0,0,0
Belgium,BEL,1996,0.92165,0,1.3862943611198906,0.878,NA,NA,0,1,0,0,0,0
Belgium,BEL,1997,0.92225,0,1.3862943611198906,0.878,NA,NA,0,1,0,0,0,0
Belgium,BEL,1998,0.92225,0,1.3862943611198906,0.878,NA,NA,0,1,0,0,0,0
Belgium,BEL,1999,0.92225,0,1.3862943611198906,0.881,NA,NA,0,1,0,0,0,0
Belgium,BEL,2000,0.92225,0,1.3862943611198906,0.885,NA,NA,0,1,0,0,0,0
Belgium,BEL,2001,0.92225,0,1.3862943611198906,0.885,NA,NA,0,1,0,0,0,0
Belgium,BEL,2002,0.92225,0,1.3862943611198906,0.885,NA,NA,0,1,0,0,0,0
Belgium,BEL,2003,0.92225,0,1.3862943611198906,0.887,NA,NA,0,1,0,0,0,0
Belgium,BEL,2004,0.92225,0,1.3862943611198906,0.866,NA,NA,0,1,0,0,0,0
Belgium,BEL,2005,0.92225,0,1.3862943611198906,0.881,NA,NA,0,1,0,0,0,0
Belgium,BEL,2006,0.92225,0,1.3862943611198906,0.884,NA,NA,0,1,0,0,0,0
Belgium,BEL,2007,0.92225,0,1.3862943611198906,0.895,NA,NA,0,1,0,0,0,0
Belgium,BEL,2008,0.92225,0,1.3862943611198906,0.907,NA,NA,0,1,0,0,0,0
Belgium,BEL,2009,0.92225,0,1.3862943611198906,0.907,NA,NA,0,1,0,0,0,0
Belgium,BEL,2010,0.92225,0,1.3862943611198906,0.904,NA,NA,0,1,0,0,0,0
Belgium,BEL,2011,0.92225,0,1.3862943611198906,0.901,NA,NA,0,1,0,0,0,0
Belgium,BEL,2012,0.92225,0,1.3862943611198906,0.901,NA,NA,0,1,0,0,0,0
Belgium,BEL,2013,0.92225,0,1.3862943611198906,0.906,NA,NA,0,1,0,0,0,0
Belgium,BEL,2014,0.92225,0,1.3862943611198906,0.904,NA,NA,0,1,0,0,0,0
Belgium,BEL,2015,0.92225,0,1.3862943611198906,0.903,NA,NA,0,1,0,0,0,0
Belgium,BEL,2016,0.92225,0,1.3862943611198906,0.903,NA,NA,0,1,0,0,0,0
Belgium,BEL,2017,0.92225,0,1.3862943611198906,0.902,NA,NA,0,1,0,0,0,0
Belgium,BEL,2018,0.92225,0,1.3862943611198906,0.902,NA,NA,0,1,0,0,0,0
Belgium,BEL,2019,0.92165,0,1.3862943611198906,0.902,NA,NA,0,1,0,0,0,0
Belgium,BEL,2020,0.92185,0,1.3862943611198906,0.897,NA,NA,0,1,0,0,0,0
Belgium,BEL,2021,0.92185,0,1.3862943611198906,0.898,NA,NA,0,1,0,0,0,0
Belgium,BEL,2022,0.92185,0,1.3862943611198906,0.898,NA,NA,0,1,0,0,0,0
Belgium,BEL,2023,0.92065,0,1.3862943611198906,0.898,NA,NA,0,1,0,0,0,0
Belgium,BEL,2024,0.92065,0,1.3862943611198906,0.886,NA,NA,0,1,0,0,0,0
Bosnia and Herzegovina,BIH,1992,0.33465,0,0,0.249,0,NA,1,0,0,0,0,0
Bosnia and Herzegovina,BIH,1993,0.33465,0,0,0.249,0,NA,1,0,0,0,0,0
Bosnia and Herzegovina,BIH,1994,0.33465,0,0,0.187,0,NA,1,0,0,0,0,0
Bosnia and Herzegovina,BIH,1995,0.33425,0,0,0.187,0,NA,1,0,0,0,0,0
Bosnia and Herzegovina,BIH,1996,0.440025,0,0,0.268,0,NA,1,0,0,0,0,0
Bosnia and Herzegovina,BIH,1997,0.446475,1,0.6931471805599453,0.585,1.6094379124341003,NA,1,0,0,0,0,0
Bosnia and Herzegovina,BIH,1998,0.450075,0,0.6931471805599453,0.602,1.791759469228055,NA,1,0,0,0,0,0
Bosnia and Herzegovina,BIH,1999,0.458175,0,0.6931471805599453,0.618,1.9459101490553132,NA,1,0,0,0,0,0
Bosnia and Herzegovina,BIH,2000,0.502675,0,0.6931471805599453,0.638,2.0794415416798357,NA,1,0,0,0,0,0
Bosnia and Herzegovina,BIH,2001,0.53427500000000006,0,0.6931471805599453,0.659,2.1972245773362196,NA,1,0,0,0,0,0
Bosnia and Herzegovina,BIH,2002,0.529425,0,0.6931471805599453,0.655,2.302585092994046,NA,1,0,0,0,0,0
Bosnia and Herzegovina,BIH,2003,0.507575,0,0.6931471805599453,0.664,2.3978952727983707,NA,1,0,0,0,0,0
Bosnia and Herzegovina,BIH,2004,0.501175,0,0.6931471805599453,0.646,2.4849066497880004,NA,1,0,0,0,0,0
Bosnia and Herzegovina,BIH,2005,0.503775,0,0.6931471805599453,0.646,2.5649493574615367,NA,1,0,0,0,0,0
Bosnia and Herzegovina,BIH,2006,0.5002,0,0.6931471805599453,0.626,2.639057329615259,NA,1,0,0,0,0,0
Bosnia and Herzegovina,BIH,2007,0.5002,0,0.6931471805599453,0.566,2.70805020110221,NA,1,0,0,0,0,0
Bosnia and Herzegovina,BIH,2008,0.504,0,0.6931471805599453,0.564,2.772588722239781,NA,1,0,0,0,0,0
Bosnia and Herzegovina,BIH,2009,0.501875,0,0.6931471805599453,0.563,2.833213344056216,NA,1,0,0,0,0,0
Bosnia and Herzegovina,BIH,2010,0.502875,0,0.6931471805599453,0.57,2.8903717578961645,NA,1,0,0,0,0,0
Bosnia and Herzegovina,BIH,2011,0.502875,0,0.6931471805599453,0.573,2.9444389791664403,NA,1,0,0,0,0,0
Bosnia and Herzegovina,BIH,2012,0.502875,0,0.6931471805599453,0.573,2.995732273553991,NA,1,0,0,0,0,0
Bosnia and Herzegovina,BIH,2013,0.509475,0,0.6931471805599453,0.563,3.044522437723423,NA,1,0,0,0,0,0
Bosnia and Herzegovina,BIH,2014,0.509475,0,0.6931471805599453,0.56,3.091042453358316,NA,1,0,0,0,0,0
Bosnia and Herzegovina,BIH,2015,0.508475,0,0.6931471805599453,0.549,3.1354942159291497,NA,1,0,0,0,0,0
Bosnia and Herzegovina,BIH,2016,0.5102,0,0.6931471805599453,0.554,3.1780538303479458,NA,1,0,0,0,0,0
Bosnia and Herzegovina,BIH,2017,0.508375,0,0.6931471805599453,0.545,3.2188758248682006,NA,1,0,0,0,0,0
Bosnia and Herzegovina,BIH,2018,0.490425,0,0.6931471805599453,0.519,3.258096538021482,NA,1,0,0,0,0,0
Bosnia and Herzegovina,BIH,2019,0.485325,0,0.6931471805599453,0.524,3.295836866004329,NA,1,0,0,0,0,0
Bosnia and Herzegovina,BIH,2020,0.481425,0,0.6931471805599453,0.524,3.332204510175204,NA,1,0,0,0,0,0
Bosnia and Herzegovina,BIH,2021,0.478025,0,0.6931471805599453,0.517,3.367295829986474,NA,1,0,0,0,0,0
Bosnia and Herzegovina,BIH,2022,0.5025,0,0.6931471805599453,0.521,3.4011973816621555,NA,1,0,0,0,0,0
Bosnia and Herzegovina,BIH,2023,0.5103,0,0.6931471805599453,0.504,3.4339872044851463,NA,1,0,0,0,0,0
Bosnia and Herzegovina,BIH,2024,0.4993,0,0.6931471805599453,0.508,3.4657359027997265,NA,1,0,0,0,0,0
Bulgaria,BGR,1940,0.50135,0,0,0.124,NA,NA,1,0,0,0,0,0
Bulgaria,BGR,1941,0.49475,0,0,0.12,NA,NA,1,0,0,0,0,0
Bulgaria,BGR,1942,0.49475,0,0,0.12,NA,NA,1,0,0,0,0,0
Bulgaria,BGR,1943,0.49475,0,0,0.139,NA,NA,1,0,0,0,0,0
Bulgaria,BGR,1944,0.48795,0,0,0.15,NA,NA,1,0,0,0,0,0
Bulgaria,BGR,1945,0.28355,0,0,0.074,NA,NA,1,0,0,0,0,0
Bulgaria,BGR,1946,0.290425,0,0,0.133,NA,NA,1,0,0,0,0,0
Bulgaria,BGR,1947,0.291375,0,0,0.127,NA,NA,1,0,0,0,0,0
Bulgaria,BGR,1948,0.298175,0,0,0.163,NA,NA,1,0,0,0,0,0
Bulgaria,BGR,1949,0.298575,0,0,0.167,NA,NA,1,0,0,0,0,0
Bulgaria,BGR,1950,0.298575,0,0,0.165,NA,NA,1,0,0,0,0,0
Bulgaria,BGR,1951,0.297575,0,0,0.164,NA,NA,1,0,0,0,0,0
Bulgaria,BGR,1952,0.297575,0,0,0.164,NA,NA,1,0,0,0,0,0
Bulgaria,BGR,1953,0.297575,0,0,0.166,NA,NA,1,0,0,0,0,0
Bulgaria,BGR,1954,0.297575,0,0,0.173,NA,NA,1,0,0,0,0,0
Bulgaria,BGR,1955,0.297575,0,0,0.173,NA,NA,1,0,0,0,0,0
Bulgaria,BGR,1956,0.28985,0,0,0.173,NA,NA,1,0,0,0,0,0
Bulgaria,BGR,1957,0.28985,0,0,0.175,NA,NA,1,0,0,0,0,0
Bulgaria,BGR,1958,0.28985,0,0,0.172,NA,NA,1,0,0,0,0,0
Bulgaria,BGR,1959,0.28985,0,0,0.172,NA,NA,1,0,0,0,0,0
Bulgaria,BGR,1960,0.28985,0,0,0.172,NA,NA,1,0,0,0,0,0
Bulgaria,BGR,1961,0.28985,0,0,0.172,NA,NA,1,0,0,0,0,0
Bulgaria,BGR,1962,0.28985,0,0,0.176,NA,NA,1,0,0,0,0,0
Bulgaria,BGR,1963,0.28985,0,0,0.176,NA,NA,1,0,0,0,0,0
Bulgaria,BGR,1964,0.28985,0,0,0.176,NA,NA,1,0,0,0,0,0
Bulgaria,BGR,1965,0.28985,0,0,0.177,NA,NA,1,0,0,0,0,0
Bulgaria,BGR,1966,0.28985,0,0,0.177,NA,NA,1,0,0,0,0,0
Bulgaria,BGR,1967,0.28985,0,0,0.176,NA,NA,1,0,0,0,0,0
Bulgaria,BGR,1968,0.28985,0,0,0.176,NA,NA,1,0,0,0,0,0
Bulgaria,BGR,1969,0.28985,0,0,0.176,NA,NA,1,0,0,0,0,0
Bulgaria,BGR,1970,0.2988,0,0,0.177,NA,NA,1,0,0,0,0,0
Bulgaria,BGR,1971,0.2988,0,0,0.177,NA,NA,1,0,0,0,0,0
Bulgaria,BGR,1972,0.2988,0,0,0.176,NA,NA,1,0,0,0,0,0
Bulgaria,BGR,1973,0.2988,0,0,0.176,NA,NA,1,0,0,0,0,0
Bulgaria,BGR,1974,0.2988,0,0,0.176,NA,NA,1,0,0,0,0,0
Bulgaria,BGR,1975,0.2988,0,0,0.178,NA,NA,1,0,0,0,0,0
Bulgaria,BGR,1976,0.2988,0,0,0.178,NA,NA,1,0,0,0,0,0
Bulgaria,BGR,1977,0.2988,0,0,0.177,NA,NA,1,0,0,0,0,0
Bulgaria,BGR,1978,0.2988,0,0,0.177,NA,NA,1,0,0,0,0,0
Bulgaria,BGR,1979,0.2988,0,0,0.177,NA,NA,1,0,0,0,0,0
Bulgaria,BGR,1980,0.2988,0,0,0.179,NA,NA,1,0,0,0,0,0
Bulgaria,BGR,1981,0.2988,0,0,0.179,NA,NA,1,0,0,0,0,0
Bulgaria,BGR,1982,0.2988,0,0,0.18,NA,NA,1,0,0,0,0,0
Bulgaria,BGR,1983,0.2962,0,0,0.18,NA,NA,1,0,0,0,0,0
Bulgaria,BGR,1984,0.2962,0,0,0.181,NA,NA,1,0,0,0,0,0
Bulgaria,BGR,1985,0.2962,0,0,0.181,NA,NA,1,0,0,0,0,0
Bulgaria,BGR,1986,0.295,0,0,0.18,NA,NA,1,0,0,0,0,0
Bulgaria,BGR,1987,0.295,0,0,0.18,NA,NA,1,0,0,0,0,0
Bulgaria,BGR,1988,0.295,0,0,0.18,NA,NA,1,0,0,0,0,0
Bulgaria,BGR,1989,0.295,0,0,0.182,NA,NA,1,0,0,0,0,0
Bulgaria,BGR,1990,0.6462,1,0.6931471805599453,0.574,NA,NA,1,0,0,0,0,0
Bulgaria,BGR,1991,0.6544,0,0.6931471805599453,0.628,NA,NA,1,0,0,0,0,0
Bulgaria,BGR,1992,0.662,0,0.6931471805599453,0.695,NA,NA,1,0,0,0,0,0
Bulgaria,BGR,1993,0.6536,0,0.6931471805599453,0.691,NA,NA,1,0,0,0,0,0
Bulgaria,BGR,1994,0.6536,0,0.6931471805599453,0.691,NA,NA,1,0,0,0,0,0
Bulgaria,BGR,1995,0.6536,0,0.6931471805599453,0.695,NA,NA,1,0,0,0,0,0
Bulgaria,BGR,1996,0.6548,0,0.6931471805599453,0.703,NA,NA,1,0,0,0,0,0
Bulgaria,BGR,1997,0.6718,0,0.6931471805599453,0.715,NA,NA,1,0,0,0,0,0
Bulgaria,BGR,1998,0.71565,0,0.6931471805599453,0.71,NA,NA,1,0,0,0,0,0
Bulgaria,BGR,1999,0.71565,0,0.6931471805599453,0.719,NA,NA,1,0,0,0,0,0
Bulgaria,BGR,2000,0.71565,0,0.6931471805599453,0.72,NA,NA,1,0,0,0,0,0
Bulgaria,BGR,2001,0.71745,0,0.6931471805599453,0.692,NA,NA,1,0,0,0,0,0
Bulgaria,BGR,2002,0.71745,0,0.6931471805599453,0.718,NA,NA,1,0,0,0,0,0
Bulgaria,BGR,2003,0.71745,0,0.6931471805599453,0.718,NA,NA,1,0,0,0,0,0
Bulgaria,BGR,2004,0.71745,0,0.6931471805599453,0.714,NA,NA,1,0,0,0,0,0
Bulgaria,BGR,2005,0.71745,0,0.6931471805599453,0.705,NA,NA,1,0,0,0,0,0
Bulgaria,BGR,2006,0.72705,0,0.6931471805599453,0.706,NA,NA,1,0,0,0,0,0
Bulgaria,BGR,2007,0.727975,0,0.6931471805599453,0.708,NA,NA,1,0,0,0,0,0
Bulgaria,BGR,2008,0.723375,0,0.6931471805599453,0.709,NA,NA,1,0,0,0,0,0
Bulgaria,BGR,2009,0.655275,0,0.6931471805599453,0.696,NA,NA,1,0,0,0,0,0
Bulgaria,BGR,2010,0.6511,0,0.6931471805599453,0.678,NA,NA,1,0,0,0,0,0
Bulgaria,BGR,2011,0.6515,0,0.6931471805599453,0.672,NA,NA,1,0,0,0,0,0
Bulgaria,BGR,2012,0.666125,0,0.6931471805599453,0.663,NA,NA,1,0,0,0,0,0
Bulgaria,BGR,2013,0.65975,0,0.6931471805599453,0.657,NA,NA,1,0,0,0,0,0
Bulgaria,BGR,2014,0.6588,0,0.6931471805599453,0.677,NA,NA,1,0,0,0,0,0
Bulgaria,BGR,2015,0.6364,0,0.6931471805599453,0.669,NA,NA,1,0,0,0,0,0
Bulgaria,BGR,2016,0.6332,0,0.6931471805599453,0.669,NA,NA,1,0,0,0,0,0
Bulgaria,BGR,2017,0.628475,0,0.6931471805599453,0.624,NA,NA,1,0,0,0,0,0
Bulgaria,BGR,2018,0.6152,0,0.6931471805599453,0.614,NA,NA,1,0,0,0,0,0
Bulgaria,BGR,2019,0.599,0,0.6931471805599453,0.614,NA,NA,1,0,0,0,0,0
Bulgaria,BGR,2020,0.60725,0,0.6931471805599453,0.603,NA,NA,1,0,0,0,0,0
Bulgaria,BGR,2021,0.579,0,0.6931471805599453,0.666,NA,NA,1,0,0,0,0,0
Bulgaria,BGR,2022,0.701675,0,0.6931471805599453,0.694,NA,NA,1,0,0,0,0,0
Bulgaria,BGR,2023,0.68925,0,0.6931471805599453,0.67,NA,NA,1,0,0,0,0,0
Bulgaria,BGR,2024,0.51625,0,0.6931471805599453,0.646,NA,NA,1,0,0,0,0,0
Comoros,COM,1946,0.567125,0,0,0.046,0,NA,1,0,0,0,1,0
Comoros,COM,1947,0.567125,0,0,0.052,0,NA,1,0,0,0,1,0
Comoros,COM,1948,0.59305,0,0,0.058,0,NA,1,0,0,0,1,0
Comoros,COM,1949,0.59305,0,0,0.061,0,NA,1,0,0,0,1,0
Comoros,COM,1950,0.59305,0,0,0.061,0,NA,1,0,0,0,1,0
Comoros,COM,1951,0.59305,0,0,0.067,0,NA,1,0,0,0,1,0
Comoros,COM,1952,0.59305,0,0,0.067,0,NA,1,0,0,0,1,0
Comoros,COM,1953,0.59305,0,0,0.067,0,NA,1,0,0,0,1,0
Comoros,COM,1954,0.59305,0,0,0.067,0,NA,1,0,0,0,1,0
Comoros,COM,1955,0.59305,0,0,0.067,0,NA,1,0,0,0,1,0
Comoros,COM,1956,0.59305,0,0,0.067,0,NA,1,0,0,0,1,0
Comoros,COM,1957,0.59305,0,0,0.117,0,NA,1,0,0,0,1,0
Comoros,COM,1958,0.58305,0,0,0.118,0,NA,1,0,0,0,1,0
Comoros,COM,1959,0.58305,0,0,0.118,0,NA,1,0,0,0,1,0
Comoros,COM,1960,0.58065,0,0,0.118,0,NA,1,0,0,0,1,0
Comoros,COM,1961,0.58065,0,0,0.118,0,NA,1,0,0,0,1,0
Comoros,COM,1962,0.57525,0,0,0.118,0,NA,1,0,0,0,1,0
Comoros,COM,1963,0.57525,0,0,0.118,0,NA,1,0,0,0,1,0
Comoros,COM,1964,0.57525,0,0,0.118,0,NA,1,0,0,0,1,0
Comoros,COM,1965,0.57525,0,0,0.12,0,NA,1,0,0,0,1,0
Comoros,COM,1966,0.57525,0,0,0.12,0,NA,1,0,0,0,1,0
Comoros,COM,1967,0.57525,0,0,0.12,0,NA,1,0,0,0,1,0
Comoros,COM,1968,0.57405,0,0,0.12,0,NA,1,0,0,0,1,0
Comoros,COM,1969,0.57405,0,0,0.12,0,NA,1,0,0,0,1,0
Comoros,COM,1970,0.57585,0,0,0.122,0,NA,1,0,0,0,1,0
Comoros,COM,1971,0.57585,0,0,0.123,0,NA,1,0,0,0,1,0
Comoros,COM,1972,0.57545,0,0,0.124,0,NA,1,0,0,0,1,0
Comoros,COM,1973,0.59075,0,0,0.148,0,NA,1,0,0,0,1,0
Comoros,COM,1974,0.59775,0,0,0.148,0,NA,1,0,0,0,1,0
Comoros,COM,1975,0.494075,0,0,0.132,0,NA,1,0,0,0,1,0
Comoros,COM,1976,0.486675,0,0,0.169,0,NA,1,0,0,0,1,0
Comoros,COM,1977,0.486675,0,0,0.169,0,NA,1,0,0,0,1,0
Comoros,COM,1978,0.486675,0,0,0.15,0,NA,1,0,0,0,1,0
Comoros,COM,1979,0.410675,0,0,0.221,0,NA,1,0,0,0,1,0
Comoros,COM,1980,0.39095,0,0,0.231,0,NA,1,0,0,0,1,0
Comoros,COM,1981,0.39095,0,0,0.231,0,NA,1,0,0,0,1,0
Comoros,COM,1982,0.39095,0,0,0.21,0,NA,1,0,0,0,1,0
Comoros,COM,1983,0.39095,0,0,0.207,0,NA,1,0,0,0,1,0
Comoros,COM,1984,0.39095,0,0,0.206,0,NA,1,0,0,0,1,0
Comoros,COM,1985,0.39095,0,0,0.203,0,NA,1,0,0,0,1,0
Comoros,COM,1986,0.39775,0,0,0.203,0,NA,1,0,0,0,1,0
Comoros,COM,1987,0.39895,0,0,0.206,0,NA,1,0,0,0,1,0
Comoros,COM,1988,0.39895,0,0,0.207,0,NA,1,0,0,0,1,0
Comoros,COM,1989,0.39895,0,0,0.207,0,NA,1,0,0,0,1,0
Comoros,COM,1990,0.4306,0,0,0.395,0,NA,1,0,0,0,1,0
Comoros,COM,1991,0.420225,0,0,0.424,0,NA,1,0,0,0,1,0
Comoros,COM,1992,0.420225,0,0,0.42,0,NA,1,0,0,0,1,0
Comoros,COM,1993,0.420225,0,0,0.345,0,NA,1,0,0,0,1,0
Comoros,COM,1994,0.420225,0,0,0.413,0,NA,1,0,0,0,1,0
Comoros,COM,1995,0.420025,0,0,0.409,0,NA,1,0,0,0,1,0
Comoros,COM,1996,0.421225,0,0,0.322,0,NA,1,0,0,0,1,0
Comoros,COM,1997,0.421225,0,0,0.438,0,NA,1,0,0,0,1,0
Comoros,COM,1998,0.421225,0,0,0.442,0,NA,1,0,0,0,1,0
Comoros,COM,1999,0.418625,0,0,0.305,0,NA,1,0,0,0,1,0
Comoros,COM,2000,0.428625,0,0,0.225,0,NA,1,0,0,0,1,0
Comoros,COM,2001,0.425225,0,0,0.229,0,NA,1,0,0,0,1,0
Comoros,COM,2002,0.436625,0,0,0.327,0,NA,1,0,0,0,1,0
Comoros,COM,2003,0.447825,0,0,0.383,0,NA,1,0,0,0,1,0
Comoros,COM,2004,0.447825,0,0,0.426,0,NA,1,0,0,0,1,0
Comoros,COM,2005,0.450225,0,0,0.448,0,NA,1,0,0,0,1,0
Comoros,COM,2006,0.430825,0,0,0.446,0,NA,1,0,0,0,1,0
Comoros,COM,2007,0.430825,0,0,0.447,0,NA,1,0,0,0,1,0
Comoros,COM,2008,0.434075,0,0,0.447,0,NA,1,0,0,0,1,0
Comoros,COM,2009,0.431675,0,0,0.451,0,NA,1,0,0,0,1,0
Comoros,COM,2010,0.430675,0,0,0.439,0,NA,1,0,0,0,1,0
Comoros,COM,2011,0.435125,0,0,0.474,0,NA,1,0,0,0,1,0
Comoros,COM,2012,0.439125,0,0,0.474,0,NA,1,0,0,0,1,0
Comoros,COM,2013,0.425175,0,0,0.495,0,NA,1,0,0,0,1,0
Comoros,COM,2014,0.426175,0,0,0.495,0,NA,1,0,0,0,1,0
Comoros,COM,2015,0.420575,0,0,0.415,0,NA,1,0,0,0,1,0
Comoros,COM,2016,0.43325,0,0,0.407,0,NA,1,0,0,0,1,0
Comoros,COM,2017,0.4198,0,0,0.396,0,NA,1,0,0,0,1,0
Comoros,COM,2018,0.385925,0,0,0.383,0,NA,1,0,0,0,1,0
Comoros,COM,2019,0.305225,0,0,0.318,0,NA,1,0,0,0,1,0
Comoros,COM,2020,0.32085,0,0,0.289,0,NA,1,0,0,0,1,0
Comoros,COM,2021,0.30025,0,0,0.291,0,NA,1,0,0,0,1,0
Comoros,COM,2022,0.29905,0,0,0.283,0,NA,1,0,0,0,1,0
Comoros,COM,2023,0.27045,0,0,0.272,0,NA,1,0,0,0,1,0
Comoros,COM,2024,0.27045,0,0,0.282,0,NA,1,0,0,0,1,0
Croatia,HRV,1941,0.120675,0,0,0.009,0,NA,1,0,0,0,0,0
Croatia,HRV,1942,0.097775,0,0,0.009,0,NA,1,0,0,0,0,0
Croatia,HRV,1943,0.097775,0,0,0.009,0,NA,1,0,0,0,0,0
Croatia,HRV,1944,0.097775,0,0,0.009,0,NA,1,0,0,0,0,0
Croatia,HRV,1991,0.4323,0,0,0.242,0,NA,1,0,0,0,0,0
Croatia,HRV,1992,0.4453,0,0,0.3,0,NA,1,0,0,0,0,0
Croatia,HRV,1993,0.4453,0,0,0.38,0,NA,1,0,0,0,0,0
Croatia,HRV,1994,0.4457,0,0,0.384,0,NA,1,0,0,0,0,0
Croatia,HRV,1995,0.45115,0,0,0.39,0,NA,1,0,0,0,0,0
Croatia,HRV,1996,0.484625,0,0,0.409,0,NA,1,0,0,0,0,0
Croatia,HRV,1997,0.4973,0,0,0.422,0,NA,1,0,0,0,0,0
Croatia,HRV,1998,0.4987,0,0,0.427,0,NA,1,0,0,0,0,0
Croatia,HRV,1999,0.4987,0,0,0.437,0,NA,1,0,0,0,0,0
Croatia,HRV,2000,0.7182,1,0.6931471805599453,0.771,2.5649493574615367,NA,1,0,0,0,0,0
Croatia,HRV,2001,0.7198,0,0.6931471805599453,0.773,2.639057329615259,NA,1,0,0,0,0,0
Croatia,HRV,2002,0.7204,0,0.6931471805599453,0.771,2.70805020110221,NA,1,0,0,0,0,0
Croatia,HRV,2003,0.714175,0,0.6931471805599453,0.774,2.772588722239781,NA,1,0,0,0,0,0
Croatia,HRV,2004,0.659775,0,0.6931471805599453,0.752,2.833213344056216,NA,1,0,0,0,0,0
Croatia,HRV,2005,0.652625,0,0.6931471805599453,0.777,2.8903717578961645,NA,1,0,0,0,0,0
Croatia,HRV,2006,0.652625,0,0.6931471805599453,0.775,2.9444389791664403,NA,1,0,0,0,0,0
Croatia,HRV,2007,0.653825,0,0.6931471805599453,0.787,2.995732273553991,NA,1,0,0,0,0,0
Croatia,HRV,2008,0.654225,0,0.6931471805599453,0.783,3.044522437723423,NA,1,0,0,0,0,0
Croatia,HRV,2009,0.711775,0,0.6931471805599453,0.787,3.091042453358316,NA,1,0,0,0,0,0
Croatia,HRV,2010,0.74745,0,0.6931471805599453,0.846,3.1354942159291497,NA,1,0,0,0,0,0
Croatia,HRV,2011,0.75105,0,0.6931471805599453,0.854,3.1780538303479458,NA,1,0,0,0,0,0
Croatia,HRV,2012,0.75755,0,0.6931471805599453,0.855,3.2188758248682006,NA,1,0,0,0,0,0
Croatia,HRV,2013,0.742175,0,0.6931471805599453,0.832,3.258096538021482,NA,1,0,0,0,0,0
Croatia,HRV,2014,0.736075,0,0.6931471805599453,0.828,3.295836866004329,NA,1,0,0,0,0,0
Croatia,HRV,2015,0.735875,0,0.6931471805599453,0.816,3.332204510175204,NA,1,0,0,0,0,0
Croatia,HRV,2016,0.711,0,0.6931471805599453,0.764,3.367295829986474,NA,1,0,0,0,0,0
Croatia,HRV,2017,0.7062,0,0.6931471805599453,0.739,3.4011973816621555,NA,1,0,0,0,0,0
Croatia,HRV,2018,0.70315,0,0.6931471805599453,0.732,3.4339872044851463,NA,1,0,0,0,0,0
Croatia,HRV,2019,0.70575,0,0.6931471805599453,0.742,3.4657359027997265,NA,1,0,0,0,0,0
Croatia,HRV,2020,0.704225,0,0.6931471805599453,0.773,3.4965075614664802,NA,1,0,0,0,0,0
Croatia,HRV,2021,0.7093,0,0.6931471805599453,0.761,3.5263605246161616,NA,1,0,0,0,0,0
Croatia,HRV,2022,0.7185,0,0.6931471805599453,0.742,3.5553480614894135,NA,1,0,0,0,0,0
Croatia,HRV,2023,0.708325,0,0.6931471805599453,0.744,3.58351893845611,NA,1,0,0,0,0,0
Croatia,HRV,2024,0.697975,0,0.6931471805599453,0.723,3.6109179126442243,NA,1,0,0,0,0,0
Cuba,CUB,1940,0.561275,0,0,0.389,NA,NA,1,0,1,0,0,0
Cuba,CUB,1941,0.561275,0,0,0.427,NA,NA,1,0,1,0,0,0
Cuba,CUB,1942,0.561275,0,0,0.422,NA,NA,1,0,1,0,0,0
Cuba,CUB,1943,0.561275,0,0,0.421,NA,NA,1,0,1,0,0,0
Cuba,CUB,1944,0.561275,0,0,0.429,NA,NA,1,0,1,0,0,0
Cuba,CUB,1945,0.558275,0,0,0.428,NA,NA,1,0,1,0,0,0
Cuba,CUB,1946,0.550475,0,0,0.426,NA,NA,1,0,1,0,0,0
Cuba,CUB,1947,0.550475,0,0,0.424,NA,NA,1,0,1,0,0,0
Cuba,CUB,1948,0.546475,0,0,0.427,NA,NA,1,0,1,0,0,0
Cuba,CUB,1949,0.546475,0,0,0.429,NA,NA,1,0,1,0,0,0
Cuba,CUB,1950,0.546475,0,0,0.424,NA,NA,1,0,1,0,0,0
Cuba,CUB,1951,0.520225,0,0,0.414,NA,NA,1,0,1,0,0,0
Cuba,CUB,1952,0.467925,0,0,0.256,NA,NA,1,0,1,0,0,0
Cuba,CUB,1953,0.31745,0,0,0.192,NA,NA,1,0,1,0,0,0
Cuba,CUB,1954,0.32445,0,0,0.194,NA,NA,1,0,1,0,0,0
Cuba,CUB,1955,0.32445,0,0,0.269,NA,NA,1,0,1,0,0,0
Cuba,CUB,1956,0.32445,0,0,0.28,NA,NA,1,0,1,0,0,0
Cuba,CUB,1957,0.32445,0,0,0.279,NA,NA,1,0,1,0,0,0
Cuba,CUB,1958,0.32445,0,0,0.279,NA,NA,1,0,1,0,0,0
Cuba,CUB,1959,0.359425,0,0,0.149,NA,NA,1,0,1,0,0,0
Cuba,CUB,1960,0.26085,0,0,0.088,NA,NA,1,0,1,0,0,0
Cuba,CUB,1961,0.26085,0,0,0.07,NA,NA,1,0,1,0,0,0
Cuba,CUB,1962,0.26085,0,0,0.069,NA,NA,1,0,1,0,0,0
Cuba,CUB,1963,0.26085,0,0,0.069,NA,NA,1,0,1,0,0,0
Cuba,CUB,1964,0.26085,0,0,0.069,NA,NA,1,0,1,0,0,0
Cuba,CUB,1965,0.26085,0,0,0.069,NA,NA,1,0,1,0,0,0
Cuba,CUB,1966,0.26085,0,0,0.069,NA,NA,1,0,1,0,0,0
Cuba,CUB,1967,0.26085,0,0,0.069,NA,NA,1,0,1,0,0,0
Cuba,CUB,1968,0.26085,0,0,0.069,NA,NA,1,0,1,0,0,0
Cuba,CUB,1969,0.26085,0,0,0.069,NA,NA,1,0,1,0,0,0
Cuba,CUB,1970,0.26085,0,0,0.069,NA,NA,1,0,1,0,0,0
Cuba,CUB,1971,0.26085,0,0,0.069,NA,NA,1,0,1,0,0,0
Cuba,CUB,1972,0.26085,0,0,0.069,NA,NA,1,0,1,0,0,0
Cuba,CUB,1973,0.26085,0,0,0.069,NA,NA,1,0,1,0,0,0
Cuba,CUB,1974,0.26085,0,0,0.069,NA,NA,1,0,1,0,0,0
Cuba,CUB,1975,0.26085,0,0,0.069,NA,NA,1,0,1,0,0,0
Cuba,CUB,1976,0.26405,0,0,0.069,NA,NA,1,0,1,0,0,0
Cuba,CUB,1977,0.26405,0,0,0.069,NA,NA,1,0,1,0,0,0
Cuba,CUB,1978,0.26405,0,0,0.069,NA,NA,1,0,1,0,0,0
Cuba,CUB,1979,0.26405,0,0,0.069,NA,NA,1,0,1,0,0,0
Cuba,CUB,1980,0.26405,0,0,0.071,NA,NA,1,0,1,0,0,0
Cuba,CUB,1981,0.26405,0,0,0.071,NA,NA,1,0,1,0,0,0
Cuba,CUB,1982,0.26405,0,0,0.071,NA,NA,1,0,1,0,0,0
Cuba,CUB,1983,0.26405,0,0,0.071,NA,NA,1,0,1,0,0,0
Cuba,CUB,1984,0.26405,0,0,0.071,NA,NA,1,0,1,0,0,0
Cuba,CUB,1985,0.26405,0,0,0.071,NA,NA,1,0,1,0,0,0
Cuba,CUB,1986,0.26405,0,0,0.071,NA,NA,1,0,1,0,0,0
Cuba,CUB,1987,0.26405,0,0,0.071,NA,NA,1,0,1,0,0,0
Cuba,CUB,1988,0.26405,0,0,0.071,NA,NA,1,0,1,0,0,0
Cuba,CUB,1989,0.26405,0,0,0.071,NA,NA,1,0,1,0,0,0
Cuba,CUB,1990,0.26405,0,0,0.071,NA,NA,1,0,1,0,0,0
Cuba,CUB,1991,0.26405,0,0,0.071,NA,NA,1,0,1,0,0,0
Cuba,CUB,1992,0.20965,0,0,0.071,NA,NA,1,0,1,0,0,0
Cuba,CUB,1993,0.2041,0,0,0.103,NA,NA,1,0,1,0,0,0
Cuba,CUB,1994,0.2041,0,0,0.108,NA,NA,1,0,1,0,0,0
Cuba,CUB,1995,0.2041,0,0,0.108,NA,NA,1,0,1,0,0,0
Cuba,CUB,1996,0.2041,0,0,0.108,NA,NA,1,0,1,0,0,0
Cuba,CUB,1997,0.2041,0,0,0.108,NA,NA,1,0,1,0,0,0
Cuba,CUB,1998,0.2041,0,0,0.113,NA,NA,1,0,1,0,0,0
Cuba,CUB,1999,0.2041,0,0,0.113,NA,NA,1,0,1,0,0,0
Cuba,CUB,2000,0.2041,0,0,0.114,NA,NA,1,0,1,0,0,0
Cuba,CUB,2001,0.2041,0,0,0.114,NA,NA,1,0,1,0,0,0
Cuba,CUB,2002,0.2041,0,0,0.114,NA,NA,1,0,1,0,0,0
Cuba,CUB,2003,0.194125,0,0,0.114,NA,NA,1,0,1,0,0,0
Cuba,CUB,2004,0.194125,0,0,0.114,NA,NA,1,0,1,0,0,0
Cuba,CUB,2005,0.194125,0,0,0.113,NA,NA,1,0,1,0,0,0
Cuba,CUB,2006,0.194125,0,0,0.114,NA,NA,1,0,1,0,0,0
Cuba,CUB,2007,0.194125,0,0,0.114,NA,NA,1,0,1,0,0,0
Cuba,CUB,2008,0.196275,0,0,0.105,NA,NA,1,0,1,0,0,0
Cuba,CUB,2009,0.194925,0,0,0.167,NA,NA,1,0,1,0,0,0
Cuba,CUB,2010,0.194925,0,0,0.167,NA,NA,1,0,1,0,0,0
Cuba,CUB,2011,0.194925,0,0,0.167,NA,NA,1,0,1,0,0,0
Cuba,CUB,2012,0.194925,0,0,0.167,NA,NA,1,0,1,0,0,0
Cuba,CUB,2013,0.193125,0,0,0.169,NA,NA,1,0,1,0,0,0
Cuba,CUB,2014,0.192525,0,0,0.169,NA,NA,1,0,1,0,0,0
Cuba,CUB,2015,0.187125,0,0,0.169,NA,NA,1,0,1,0,0,0
Cuba,CUB,2016,0.195075,0,0,0.171,NA,NA,1,0,1,0,0,0
Cuba,CUB,2017,0.190225,0,0,0.17,NA,NA,1,0,1,0,0,0
Cuba,CUB,2018,0.19335,0,0,0.177,NA,NA,1,0,1,0,0,0
Cuba,CUB,2019,0.19535,0,0,0.181,NA,NA,1,0,1,0,0,0
Cuba,CUB,2020,0.190925,0,0,0.179,NA,NA,1,0,1,0,0,0
Cuba,CUB,2021,0.185325,0,0,0.179,NA,NA,1,0,1,0,0,0
Cuba,CUB,2022,0.185325,0,0,0.178,NA,NA,1,0,1,0,0,0
Cuba,CUB,2023,0.184925,0,0,0.175,NA,NA,1,0,1,0,0,0
Cuba,CUB,2024,0.182925,0,0,0.178,NA,NA,1,0,1,0,0,0
Cyprus,CYP,1940,0.471775,0,0,0.081,0,NA,0,1,0,0,0,0
Cyprus,CYP,1941,0.462975,0,0,0.084,0,NA,0,1,0,0,0,0
Cyprus,CYP,1942,0.517275,0,0,0.088,0,NA,0,1,0,0,0,0
Cyprus,CYP,1943,0.517275,0,0,0.088,0,NA,0,1,0,0,0,0
Cyprus,CYP,1944,0.517275,0,0,0.088,0,NA,0,1,0,0,0,0
Cyprus,CYP,1945,0.517275,0,0,0.088,0,NA,0,1,0,0,0,0
Cyprus,CYP,1946,0.517275,0,0,0.089,0,NA,0,1,0,0,0,0
Cyprus,CYP,1947,0.517275,0,0,0.089,0,NA,0,1,0,0,0,0
Cyprus,CYP,1948,0.517275,0,0,0.089,0,NA,0,1,0,0,0,0
Cyprus,CYP,1949,0.517275,0,0,0.089,0,NA,0,1,0,0,0,0
Cyprus,CYP,1950,0.506525,0,0,0.088,0,NA,0,1,0,0,0,0
Cyprus,CYP,1951,0.5162,0,0,0.088,0,NA,0,1,0,0,0,0
Cyprus,CYP,1952,0.5162,0,0,0.088,0,NA,0,1,0,0,0,0
Cyprus,CYP,1953,0.5162,0,0,0.088,0,NA,0,1,0,0,0,0
Cyprus,CYP,1954,0.5162,0,0,0.088,0,NA,0,1,0,0,0,0
Cyprus,CYP,1955,0.482125,0,0,0.083,0,NA,0,1,0,0,0,0
Cyprus,CYP,1956,0.466925,0,0,0.081,0,NA,0,1,0,0,0,0
Cyprus,CYP,1957,0.466925,0,0,0.081,0,NA,0,1,0,0,0,0
Cyprus,CYP,1958,0.466925,0,0,0.081,0,NA,0,1,0,0,0,0
Cyprus,CYP,1959,0.466925,0,0,0.087,0,NA,0,1,0,0,0,0
Cyprus,CYP,1960,0.56985,0,0,0.34,0,NA,0,1,0,0,0,0
Cyprus,CYP,1961,0.620325,0,0,0.463,0,NA,0,1,0,0,0,0
Cyprus,CYP,1962,0.623325,0,0,0.468,0,NA,0,1,0,0,0,0
Cyprus,CYP,1963,0.614125,0,0,0.468,0,NA,0,1,0,0,0,0
Cyprus,CYP,1964,0.614125,0,0,0.465,0,NA,0,1,0,0,0,0
Cyprus,CYP,1965,0.614125,0,0,0.465,0,NA,0,1,0,0,0,0
Cyprus,CYP,1966,0.614125,0,0,0.465,0,NA,0,1,0,0,0,0
Cyprus,CYP,1967,0.614125,0,0,0.465,0,NA,0,1,0,0,0,0
Cyprus,CYP,1968,0.614125,0,0,0.462,0,NA,0,1,0,0,0,0
Cyprus,CYP,1969,0.614125,0,0,0.461,0,NA,0,1,0,0,0,0
Cyprus,CYP,1970,0.614125,0,0,0.476,0,NA,0,1,0,0,0,0
Cyprus,CYP,1971,0.614125,0,0,0.488,0,NA,0,1,0,0,0,0
Cyprus,CYP,1972,0.614125,0,0,0.488,0,NA,0,1,0,0,0,0
Cyprus,CYP,1973,0.614125,0,0,0.488,0,NA,0,1,0,0,0,0
Cyprus,CYP,1974,0.600125,1,0.6931471805599453,0.504,4.304065093204169,NA,0,1,0,0,0,0
Cyprus,CYP,1975,0.722575,0,0.6931471805599453,0.532,4.31748811353631,NA,0,1,0,0,0,0
Cyprus,CYP,1976,0.738675,0,0.6931471805599453,0.561,4.330733340286331,NA,0,1,0,0,0,0
Cyprus,CYP,1977,0.738275,0,0.6931471805599453,0.577,4.343805421853684,NA,0,1,0,0,0,0
Cyprus,CYP,1978,0.738275,0,0.6931471805599453,0.577,4.356708826689592,NA,0,1,0,0,0,0
Cyprus,CYP,1979,0.738275,0,0.6931471805599453,0.577,4.3694478524670215,NA,0,1,0,0,0,0
Cyprus,CYP,1980,0.738275,0,0.6931471805599453,0.602,4.382026634673881,NA,0,1,0,0,0,0
Cyprus,CYP,1981,0.738275,0,0.6931471805599453,0.639,4.394449154672439,NA,0,1,0,0,0,0
Cyprus,CYP,1982,0.738275,0,0.6931471805599453,0.661,4.406719247264253,NA,0,1,0,0,0,0
Cyprus,CYP,1983,0.738275,0,0.6931471805599453,0.693,4.418840607796598,NA,0,1,0,0,0,0
Cyprus,CYP,1984,0.739075,0,0.6931471805599453,0.698,4.430816798843313,NA,0,1,0,0,0,0
Cyprus,CYP,1985,0.739075,0,0.6931471805599453,0.698,4.442651256490317,NA,0,1,0,0,0,0
Cyprus,CYP,1986,0.742725,0,0.6931471805599453,0.7,4.454347296253507,NA,0,1,0,0,0,0
Cyprus,CYP,1987,0.742725,0,0.6931471805599453,0.7,4.465908118654584,NA,0,1,0,0,0,0
Cyprus,CYP,1988,0.742725,0,0.6931471805599453,0.713,4.477336814478207,NA,0,1,0,0,0,0
Cyprus,CYP,1989,0.742725,0,0.6931471805599453,0.725,4.48863636973214,NA,0,1,0,0,0,0
Cyprus,CYP,1990,0.760325,0,0.6931471805599453,0.754,4.499809670330265,NA,0,1,0,0,0,0
Cyprus,CYP,1991,0.760325,0,0.6931471805599453,0.767,4.51085950651685,NA,0,1,0,0,0,0
Cyprus,CYP,1992,0.760325,0,0.6931471805599453,0.775,4.5217885770490405,NA,0,1,0,0,0,0
Cyprus,CYP,1993,0.760325,0,0.6931471805599453,0.776,4.532599493153256,NA,0,1,0,0,0,0
Cyprus,CYP,1994,0.760325,0,0.6931471805599453,0.776,4.543294782270004,NA,0,1,0,0,0,0
Cyprus,CYP,1995,0.760325,0,0.6931471805599453,0.776,4.553876891600541,NA,0,1,0,0,0,0
Cyprus,CYP,1996,0.760325,0,0.6931471805599453,0.776,4.564348191467836,NA,0,1,0,0,0,0
Cyprus,CYP,1997,0.760325,0,0.6931471805599453,0.777,4.574710978503383,NA,0,1,0,0,0,0
Cyprus,CYP,1998,0.760325,0,0.6931471805599453,0.767,4.584967478670572,NA,0,1,0,0,0,0
Cyprus,CYP,1999,0.754725,0,0.6931471805599453,0.769,4.59511985013459,NA,0,1,0,0,0,0
Cyprus,CYP,2000,0.783375,0,0.6931471805599453,0.795,4.605170185988092,NA,0,1,0,0,0,0
Cyprus,CYP,2001,0.783375,0,0.6931471805599453,0.805,4.61512051684126,NA,0,1,0,0,0,0
Cyprus,CYP,2002,0.783375,0,0.6931471805599453,0.809,4.624972813284271,NA,0,1,0,0,0,0
Cyprus,CYP,2003,0.783375,0,0.6931471805599453,0.806,4.634728988229636,NA,0,1,0,0,0,0
Cyprus,CYP,2004,0.819525,0,0.6931471805599453,0.825,4.634728988229636,NA,0,1,0,0,0,0
Cyprus,CYP,2005,0.819925,0,0.6931471805599453,0.823,4.6443908991413725,NA,0,1,0,0,0,0
Cyprus,CYP,2006,0.819925,0,0.6931471805599453,0.834,4.653960350157523,NA,0,1,0,0,0,0
Cyprus,CYP,2007,0.826125,0,0.6931471805599453,0.841,4.663439094112067,NA,0,1,0,0,0,0
Cyprus,CYP,2008,0.826125,0,0.6931471805599453,0.839,4.672828834461906,NA,0,1,0,0,0,0
Cyprus,CYP,2009,0.83195,0,0.6931471805599453,0.839,4.68213122712422,NA,0,1,0,0,0,0
Cyprus,CYP,2010,0.83235,0,0.6931471805599453,0.848,4.6913478822291435,NA,0,1,0,0,0,0
Cyprus,CYP,2011,0.83235,0,0.6931471805599453,0.848,4.700480365792417,NA,0,1,0,0,0,0
Cyprus,CYP,2012,0.83235,0,0.6931471805599453,0.846,4.709530201312334,NA,0,1,0,0,0,0
Cyprus,CYP,2013,0.83115000000000006,0,0.6931471805599453,0.847,4.718498871295094,NA,0,1,0,0,0,0
Cyprus,CYP,2014,0.83095,0,0.6931471805599453,0.845,4.727387818712341,NA,0,1,0,0,0,0
Cyprus,CYP,2015,0.83095,0,0.6931471805599453,0.851,4.736198448394496,NA,0,1,0,0,0,0
Cyprus,CYP,2016,0.83135,0,0.6931471805599453,0.852,4.74493212836325,NA,0,1,0,0,0,0
Cyprus,CYP,2017,0.839025,0,0.6931471805599453,0.839,4.7535901911063645,NA,0,1,0,0,0,0
Cyprus,CYP,2018,0.838625,0,0.6931471805599453,0.834,4.762173934797756,NA,0,1,0,0,0,0
Cyprus,CYP,2019,0.819075,0,0.6931471805599453,0.84,4.770684624465665,NA,0,1,0,0,0,0
Cyprus,CYP,2020,0.81085,0,0.6931471805599453,0.807,4.77912349311153,NA,0,1,0,0,0,0
Cyprus,CYP,2021,0.80165,0,0.6931471805599453,0.797,4.787491742782046,NA,0,1,0,0,0,0
Cyprus,CYP,2022,0.799775,0,0.6931471805599453,0.782,4.795790545596741,NA,0,1,0,0,0,0
Cyprus,CYP,2023,0.80745,0,0.6931471805599453,0.778,4.795790545596741,NA,0,1,0,0,0,0
Cyprus,CYP,2024,0.80965,0,0.6931471805599453,0.774,4.804021044733257,NA,0,1,0,0,0,0
Czechia,CZE,1940,0.190075,0,0,0.068,0,NA,0,1,0,0,0,0
Czechia,CZE,1941,0.190075,0,0,0.068,0,NA,0,1,0,0,0,0
Czechia,CZE,1942,0.190075,0,0,0.068,0,NA,0,1,0,0,0,0
Czechia,CZE,1943,0.190075,0,0,0.068,0,NA,0,1,0,0,0,0
Czechia,CZE,1944,0.190075,0,0,0.068,0,NA,0,1,0,0,0,0
Czechia,CZE,1945,0.418,0,0,0.113,0,NA,0,1,0,0,0,0
Czechia,CZE,1946,0.49335,0,0,0.2,0,NA,0,1,0,0,0,0
Czechia,CZE,1947,0.48975,0,0,0.236,0,NA,0,1,0,0,0,0
Czechia,CZE,1948,0.300075,0,0,0.187,0,NA,0,1,0,0,0,0
Czechia,CZE,1949,0.2359,0,0,0.187,0,NA,0,1,0,0,0,0
Czechia,CZE,1950,0.2359,0,0,0.187,0,NA,0,1,0,0,0,0
Czechia,CZE,1951,0.2359,0,0,0.187,0,NA,0,1,0,0,0,0
Czechia,CZE,1952,0.2359,0,0,0.187,0,NA,0,1,0,0,0,0
Czechia,CZE,1953,0.2359,0,0,0.138,0,NA,0,1,0,0,0,0
Czechia,CZE,1954,0.258175,0,0,0.128,0,NA,0,1,0,0,0,0
Czechia,CZE,1955,0.258175,0,0,0.131,0,NA,0,1,0,0,0,0
Czechia,CZE,1956,0.291575,0,0,0.131,0,NA,0,1,0,0,0,0
Czechia,CZE,1957,0.30015,0,0,0.139,0,NA,0,1,0,0,0,0
Czechia,CZE,1958,0.30015,0,0,0.195,0,NA,0,1,0,0,0,0
Czechia,CZE,1959,0.30015,0,0,0.195,0,NA,0,1,0,0,0,0
Czechia,CZE,1960,0.3042,0,0,0.195,0,NA,0,1,0,0,0,0
Czechia,CZE,1961,0.3042,0,0,0.194,0,NA,0,1,0,0,0,0
Czechia,CZE,1962,0.3042,0,0,0.195,0,NA,0,1,0,0,0,0
Czechia,CZE,1963,0.3042,0,0,0.196,0,NA,0,1,0,0,0,0
Czechia,CZE,1964,0.3042,0,0,0.198,0,NA,0,1,0,0,0,0
Czechia,CZE,1965,0.3044,0,0,0.198,0,NA,0,1,0,0,0,0
Czechia,CZE,1966,0.3044,0,0,0.198,0,NA,0,1,0,0,0,0
Czechia,CZE,1967,0.31005,0,0,0.205,0,NA,0,1,0,0,0,0
Czechia,CZE,1968,0.34445,0,0,0.16,0,NA,0,1,0,0,0,0
Czechia,CZE,1969,0.34105,0,0,0.14,0,NA,0,1,0,0,0,0
Czechia,CZE,1970,0.325125,0,0,0.133,0,NA,0,1,0,0,0,0
Czechia,CZE,1971,0.325125,0,0,0.132,0,NA,0,1,0,0,0,0
Czechia,CZE,1972,0.325125,0,0,0.131,0,NA,0,1,0,0,0,0
Czechia,CZE,1973,0.325125,0,0,0.132,0,NA,0,1,0,0,0,0
Czechia,CZE,1974,0.325125,0,0,0.132,0,NA,0,1,0,0,0,0
Czechia,CZE,1975,0.325125,0,0,0.169,0,NA,0,1,0,0,0,0
Czechia,CZE,1976,0.325125,0,0,0.195,0,NA,0,1,0,0,0,0
Czechia,CZE,1977,0.325125,0,0,0.196,0,NA,0,1,0,0,0,0
Czechia,CZE,1978,0.325125,0,0,0.196,0,NA,0,1,0,0,0,0
Czechia,CZE,1979,0.325125,0,0,0.196,0,NA,0,1,0,0,0,0
Czechia,CZE,1980,0.339125,0,0,0.196,0,NA,0,1,0,0,0,0
Czechia,CZE,1981,0.339125,0,0,0.195,0,NA,0,1,0,0,0,0
Czechia,CZE,1982,0.339125,0,0,0.195,0,NA,0,1,0,0,0,0
Czechia,CZE,1983,0.339125,0,0,0.195,0,NA,0,1,0,0,0,0
Czechia,CZE,1984,0.339125,0,0,0.195,0,NA,0,1,0,0,0,0
Czechia,CZE,1985,0.339125,0,0,0.195,0,NA,0,1,0,0,0,0
Czechia,CZE,1986,0.339125,0,0,0.197,0,NA,0,1,0,0,0,0
Czechia,CZE,1987,0.339125,0,0,0.197,0,NA,0,1,0,0,0,0
Czechia,CZE,1988,0.339125,0,0,0.136,0,NA,0,1,0,0,0,0
Czechia,CZE,1989,0.37835,0,0,0.146,0,NA,0,1,0,0,0,0
Czechia,CZE,1990,0.784525,1,1.0986122886681096,0.8,4.2626798770413155,NA,0,1,0,0,0,0
Czechia,CZE,1991,0.784525,0,1.0986122886681096,0.888,4.276666119016055,NA,0,1,0,0,0,0
Czechia,CZE,1992,0.784525,0,1.0986122886681096,0.888,4.290459441148391,NA,0,1,0,0,0,0
Czechia,CZE,1993,0.784525,0,1.0986122886681096,0.896,4.304065093204169,NA,0,1,0,0,0,0
Czechia,CZE,1994,0.784525,0,1.0986122886681096,0.896,4.31748811353631,NA,0,1,0,0,0,0
Czechia,CZE,1995,0.784525,0,1.0986122886681096,0.896,4.330733340286331,NA,0,1,0,0,0,0
Czechia,CZE,1996,0.784525,0,1.0986122886681096,0.896,4.343805421853684,NA,0,1,0,0,0,0
Czechia,CZE,1997,0.784525,0,1.0986122886681096,0.896,4.356708826689592,NA,0,1,0,0,0,0
Czechia,CZE,1998,0.784525,0,1.0986122886681096,0.887,4.3694478524670215,NA,0,1,0,0,0,0
Czechia,CZE,1999,0.784525,0,1.0986122886681096,0.879,4.382026634673881,NA,0,1,0,0,0,0
Czechia,CZE,2000,0.786925,0,1.0986122886681096,0.879,4.394449154672439,NA,0,1,0,0,0,0
Czechia,CZE,2001,0.786925,0,1.0986122886681096,0.879,4.406719247264253,NA,0,1,0,0,0,0
Czechia,CZE,2002,0.786925,0,1.0986122886681096,0.888,4.418840607796598,NA,0,1,0,0,0,0
Czechia,CZE,2003,0.786925,0,1.0986122886681096,0.896,4.430816798843313,NA,0,1,0,0,0,0
Czechia,CZE,2004,0.786925,0,1.0986122886681096,0.897,4.442651256490317,NA,0,1,0,0,0,0
Czechia,CZE,2005,0.7937,0,1.0986122886681096,0.897,4.454347296253507,NA,0,1,0,0,0,0
Czechia,CZE,2006,0.798275,0,1.0986122886681096,0.9,4.465908118654584,NA,0,1,0,0,0,0
Czechia,CZE,2007,0.798475,0,1.0986122886681096,0.902,4.477336814478207,NA,0,1,0,0,0,0
Czechia,CZE,2008,0.798875,0,1.0986122886681096,0.902,4.48863636973214,NA,0,1,0,0,0,0
Czechia,CZE,2009,0.799275,0,1.0986122886681096,0.895,4.499809670330265,NA,0,1,0,0,0,0
Czechia,CZE,2010,0.805275,0,1.0986122886681096,0.886,4.51085950651685,NA,0,1,0,0,0,0
Czechia,CZE,2011,0.804275,0,1.0986122886681096,0.894,4.5217885770490405,NA,0,1,0,0,0,0
Czechia,CZE,2012,0.806675,0,1.0986122886681096,0.894,4.532599493153256,NA,0,1,0,0,0,0
Czechia,CZE,2013,0.806875,0,1.0986122886681096,0.87,4.543294782270004,NA,0,1,0,0,0,0
Czechia,CZE,2014,0.824925,0,1.0986122886681096,0.857,4.553876891600541,NA,0,1,0,0,0,0
Czechia,CZE,2015,0.825125,0,1.0986122886681096,0.857,4.564348191467836,NA,0,1,0,0,0,0
Czechia,CZE,2016,0.815875,0,1.0986122886681096,0.857,4.574710978503383,NA,0,1,0,0,0,0
Czechia,CZE,2017,0.805175,0,1.0986122886681096,0.842,4.584967478670572,NA,0,1,0,0,0,0
Czechia,CZE,2018,0.803975,0,1.0986122886681096,0.817,4.59511985013459,NA,0,1,0,0,0,0
Czechia,CZE,2019,0.79935,0,1.0986122886681096,0.808,4.605170185988092,NA,0,1,0,0,0,0
Czechia,CZE,2020,0.777425,0,1.0986122886681096,0.815,4.605170185988092,NA,0,1,0,0,0,0
Czechia,CZE,2021,0.782025,0,1.0986122886681096,0.794,4.61512051684126,NA,0,1,0,0,0,0
Czechia,CZE,2022,0.85055,0,1.0986122886681096,0.857,4.61512051684126,NA,0,1,0,0,0,0
Czechia,CZE,2023,0.85295,0,1.0986122886681096,0.869,4.624972813284271,NA,0,1,0,0,0,0
Czechia,CZE,2024,0.8729,0,1.0986122886681096,0.87,4.634728988229636,NA,0,1,0,0,0,0
Denmark,DNK,1940,0.834025,0,0.6931471805599453,0.68,NA,NA,0,1,0,0,0,0
Denmark,DNK,1941,0.826525,0,0.6931471805599453,0.637,NA,NA,0,1,0,0,0,0
Denmark,DNK,1942,0.826525,0,0.6931471805599453,0.631,NA,NA,0,1,0,0,0,0
Denmark,DNK,1943,0.808475,0,0,0.469,NA,NA,0,1,0,0,0,0
Denmark,DNK,1944,0.807475,0,0,0.204,NA,NA,0,1,0,0,0,0
Denmark,DNK,1945,0.820275,0,0,0.322,NA,NA,0,1,0,0,0,0
Denmark,DNK,1946,0.955075,1,1.0986122886681096,0.903,NA,NA,0,1,0,0,0,0
Denmark,DNK,1947,0.955075,0,1.0986122886681096,0.904,NA,NA,0,1,0,0,0,0
Denmark,DNK,1948,0.957275,0,1.0986122886681096,0.905,NA,NA,0,1,0,0,0,0
Denmark,DNK,1949,0.957275,0,1.0986122886681096,0.905,NA,NA,0,1,0,0,0,0
Denmark,DNK,1950,0.957275,0,1.0986122886681096,0.906,NA,NA,0,1,0,0,0,0
Denmark,DNK,1951,0.97555,0,1.0986122886681096,0.906,NA,NA,0,1,0,0,0,0
Denmark,DNK,1952,0.97555,0,1.0986122886681096,0.906,NA,NA,0,1,0,0,0,0
Denmark,DNK,1953,0.97555,0,1.0986122886681096,0.904,NA,NA,0,1,0,0,0,0
Denmark,DNK,1954,0.97555,0,1.0986122886681096,0.902,NA,NA,0,1,0,0,0,0
Denmark,DNK,1955,0.97555,0,1.0986122886681096,0.905,NA,NA,0,1,0,0,0,0
Denmark,DNK,1956,0.97555,0,1.0986122886681096,0.905,NA,NA,0,1,0,0,0,0
Denmark,DNK,1957,0.97555,0,1.0986122886681096,0.904,NA,NA,0,1,0,0,0,0
Denmark,DNK,1958,0.97555,0,1.0986122886681096,0.903,NA,NA,0,1,0,0,0,0
Denmark,DNK,1959,0.97555,0,1.0986122886681096,0.903,NA,NA,0,1,0,0,0,0
Denmark,DNK,1960,0.97555,0,1.0986122886681096,0.905,NA,NA,0,1,0,0,0,0
Denmark,DNK,1961,0.97555,0,1.0986122886681096,0.905,NA,NA,0,1,0,0,0,0
Denmark,DNK,1962,0.97555,0,1.0986122886681096,0.905,NA,NA,0,1,0,0,0,0
Denmark,DNK,1963,0.97555,0,1.0986122886681096,0.905,NA,NA,0,1,0,0,0,0
Denmark,DNK,1964,0.97555,0,1.0986122886681096,0.906,NA,NA,0,1,0,0,0,0
Denmark,DNK,1965,0.97555,0,1.0986122886681096,0.906,NA,NA,0,1,0,0,0,0
Denmark,DNK,1966,0.97555,0,1.0986122886681096,0.906,NA,NA,0,1,0,0,0,0
Denmark,DNK,1967,0.97555,0,1.0986122886681096,0.907,NA,NA,0,1,0,0,0,0
Denmark,DNK,1968,0.97555,0,1.0986122886681096,0.907,NA,NA,0,1,0,0,0,0
Denmark,DNK,1969,0.98035,0,1.0986122886681096,0.907,NA,NA,0,1,0,0,0,0
Denmark,DNK,1970,0.98035,0,1.0986122886681096,0.907,NA,NA,0,1,0,0,0,0
Denmark,DNK,1971,0.98035,0,1.0986122886681096,0.908,NA,NA,0,1,0,0,0,0
Denmark,DNK,1972,0.98035,0,1.0986122886681096,0.91,NA,NA,0,1,0,0,0,0
Denmark,DNK,1973,0.98215,0,1.0986122886681096,0.91,NA,NA,0,1,0,0,0,0
Denmark,DNK,1974,0.98215,0,1.0986122886681096,0.908,NA,NA,0,1,0,0,0,0
Denmark,DNK,1975,0.98215,0,1.0986122886681096,0.906,NA,NA,0,1,0,0,0,0
Denmark,DNK,1976,0.98215,0,1.0986122886681096,0.906,NA,NA,0,1,0,0,0,0
Denmark,DNK,1977,0.98215,0,1.0986122886681096,0.907,NA,NA,0,1,0,0,0,0
Denmark,DNK,1978,0.98215,0,1.0986122886681096,0.907,NA,NA,0,1,0,0,0,0
Denmark,DNK,1979,0.98215,0,1.0986122886681096,0.908,NA,NA,0,1,0,0,0,0
Denmark,DNK,1980,0.98215,0,1.0986122886681096,0.911,NA,NA,0,1,0,0,0,0
Denmark,DNK,1981,0.98215,0,1.0986122886681096,0.91,NA,NA,0,1,0,0,0,0
Denmark,DNK,1982,0.98215,0,1.0986122886681096,0.907,NA,NA,0,1,0,0,0,0
Denmark,DNK,1983,0.98215,0,1.0986122886681096,0.907,NA,NA,0,1,0,0,0,0
Denmark,DNK,1984,0.98215,0,1.0986122886681096,0.91,NA,NA,0,1,0,0,0,0
Denmark,DNK,1985,0.98215,0,1.0986122886681096,0.91,NA,NA,0,1,0,0,0,0
Denmark,DNK,1986,0.98215,0,1.0986122886681096,0.91,NA,NA,0,1,0,0,0,0
Denmark,DNK,1987,0.98215,0,1.0986122886681096,0.909,NA,NA,0,1,0,0,0,0
Denmark,DNK,1988,0.98215,0,1.0986122886681096,0.908,NA,NA,0,1,0,0,0,0
Denmark,DNK,1989,0.98215,0,1.0986122886681096,0.908,NA,NA,0,1,0,0,0,0
Denmark,DNK,1990,0.98215,0,1.0986122886681096,0.908,NA,NA,0,1,0,0,0,0
Denmark,DNK,1991,0.98215,0,1.0986122886681096,0.908,NA,NA,0,1,0,0,0,0
Denmark,DNK,1992,0.98215,0,1.0986122886681096,0.908,NA,NA,0,1,0,0,0,0
Denmark,DNK,1993,0.98215,0,1.0986122886681096,0.908,NA,NA,0,1,0,0,0,0
Denmark,DNK,1994,0.98215,0,1.0986122886681096,0.909,NA,NA,0,1,0,0,0,0
Denmark,DNK,1995,0.98215,0,1.0986122886681096,0.911,NA,NA,0,1,0,0,0,0
Denmark,DNK,1996,0.98215,0,1.0986122886681096,0.911,NA,NA,0,1,0,0,0,0
Denmark,DNK,1997,0.98215,0,1.0986122886681096,0.911,NA,NA,0,1,0,0,0,0
Denmark,DNK,1998,0.98215,0,1.0986122886681096,0.908,NA,NA,0,1,0,0,0,0
Denmark,DNK,1999,0.98215,0,1.0986122886681096,0.908,NA,NA,0,1,0,0,0,0
Denmark,DNK,2000,0.98215,0,1.0986122886681096,0.908,NA,NA,0,1,0,0,0,0
Denmark,DNK,2001,0.98215,0,1.0986122886681096,0.908,NA,NA,0,1,0,0,0,0
Denmark,DNK,2002,0.98215,0,1.0986122886681096,0.91,NA,NA,0,1,0,0,0,0
Denmark,DNK,2003,0.98215,0,1.0986122886681096,0.91,NA,NA,0,1,0,0,0,0
Denmark,DNK,2004,0.98215,0,1.0986122886681096,0.91,NA,NA,0,1,0,0,0,0
Denmark,DNK,2005,0.98215,0,1.0986122886681096,0.921,NA,NA,0,1,0,0,0,0
Denmark,DNK,2006,0.98215,0,1.0986122886681096,0.923,NA,NA,0,1,0,0,0,0
Denmark,DNK,2007,0.98215,0,1.0986122886681096,0.923,NA,NA,0,1,0,0,0,0
Denmark,DNK,2008,0.98215,0,1.0986122886681096,0.922,NA,NA,0,1,0,0,0,0
Denmark,DNK,2009,0.98215,0,1.0986122886681096,0.922,NA,NA,0,1,0,0,0,0
Denmark,DNK,2010,0.98215,0,1.0986122886681096,0.922,NA,NA,0,1,0,0,0,0
Denmark,DNK,2011,0.98215,0,1.0986122886681096,0.922,NA,NA,0,1,0,0,0,0
Denmark,DNK,2012,0.98215,0,1.0986122886681096,0.922,NA,NA,0,1,0,0,0,0
Denmark,DNK,2013,0.98215,0,1.0986122886681096,0.922,NA,NA,0,1,0,0,0,0
Denmark,DNK,2014,0.98215,0,1.0986122886681096,0.922,NA,NA,0,1,0,0,0,0
Denmark,DNK,2015,0.98215,0,1.0986122886681096,0.923,NA,NA,0,1,0,0,0,0
Denmark,DNK,2016,0.98215,0,1.0986122886681096,0.921,NA,NA,0,1,0,0,0,0
Denmark,DNK,2017,0.98195,0,1.0986122886681096,0.921,NA,NA,0,1,0,0,0,0
Denmark,DNK,2018,0.98195,0,1.0986122886681096,0.921,NA,NA,0,1,0,0,0,0
Denmark,DNK,2019,0.98195,0,1.0986122886681096,0.917,NA,NA,0,1,0,0,0,0
Denmark,DNK,2020,0.913575,0,1.0986122886681096,0.917,NA,NA,0,1,0,0,0,0
Denmark,DNK,2021,0.913575,0,1.0986122886681096,0.919,NA,NA,0,1,0,0,0,0
Denmark,DNK,2022,0.968625,0,1.0986122886681096,0.918,NA,NA,0,1,0,0,0,0
Denmark,DNK,2023,0.967825,0,1.0986122886681096,0.916,NA,NA,0,1,0,0,0,0
Denmark,DNK,2024,0.967825,0,1.0986122886681096,0.916,NA,NA,0,1,0,0,0,0
Equatorial Guinea,GNQ,1940,0.268175,0,0,0.013,0,NA,1,0,0,0,1,0
Equatorial Guinea,GNQ,1941,0.268175,0,0,0.013,0,NA,1,0,0,0,1,0
Equatorial Guinea,GNQ,1942,0.268175,0,0,0.013,0,NA,1,0,0,0,1,0
Equatorial Guinea,GNQ,1943,0.268175,0,0,0.013,0,NA,1,0,0,0,1,0
Equatorial Guinea,GNQ,1944,0.273975,0,0,0.013,0,NA,1,0,0,0,1,0
Equatorial Guinea,GNQ,1945,0.273975,0,0,0.015,0,NA,1,0,0,0,1,0
Equatorial Guinea,GNQ,1946,0.273975,0,0,0.015,0,NA,1,0,0,0,1,0
Equatorial Guinea,GNQ,1947,0.273975,0,0,0.015,0,NA,1,0,0,0,1,0
Equatorial Guinea,GNQ,1948,0.273975,0,0,0.015,0,NA,1,0,0,0,1,0
Equatorial Guinea,GNQ,1949,0.273975,0,0,0.015,0,NA,1,0,0,0,1,0
Equatorial Guinea,GNQ,1950,0.289425,0,0,0.019,0,NA,1,0,0,0,1,0
Equatorial Guinea,GNQ,1951,0.289425,0,0,0.019,0,NA,1,0,0,0,1,0
Equatorial Guinea,GNQ,1952,0.289425,0,0,0.019,0,NA,1,0,0,0,1,0
Equatorial Guinea,GNQ,1953,0.289425,0,0,0.019,0,NA,1,0,0,0,1,0
Equatorial Guinea,GNQ,1954,0.289425,0,0,0.019,0,NA,1,0,0,0,1,0
Equatorial Guinea,GNQ,1955,0.289425,0,0,0.02,0,NA,1,0,0,0,1,0
Equatorial Guinea,GNQ,1956,0.289425,0,0,0.02,0,NA,1,0,0,0,1,0
Equatorial Guinea,GNQ,1957,0.289425,0,0,0.02,0,NA,1,0,0,0,1,0
Equatorial Guinea,GNQ,1958,0.289425,0,0,0.02,0,NA,1,0,0,0,1,0
Equatorial Guinea,GNQ,1959,0.317425,0,0,0.034,0,NA,1,0,0,0,1,0
Equatorial Guinea,GNQ,1960,0.358675,0,0,0.037,0,NA,1,0,0,0,1,0
Equatorial Guinea,GNQ,1961,0.358675,0,0,0.039,0,NA,1,0,0,0,1,0
Equatorial Guinea,GNQ,1962,0.358675,0,0,0.039,0,NA,1,0,0,0,1,0
Equatorial Guinea,GNQ,1963,0.365875,0,0,0.039,0,NA,1,0,0,0,1,0
Equatorial Guinea,GNQ,1964,0.373475,0,0,0.045,0,NA,1,0,0,0,1,0
Equatorial Guinea,GNQ,1965,0.373475,0,0,0.047,0,NA,1,0,0,0,1,0
Equatorial Guinea,GNQ,1966,0.373475,0,0,0.047,0,NA,1,0,0,0,1,0
Equatorial Guinea,GNQ,1967,0.373475,0,0,0.047,0,NA,1,0,0,0,1,0
Equatorial Guinea,GNQ,1968,0.320625,0,0,0.169,0,NA,1,0,0,0,1,0
Equatorial Guinea,GNQ,1969,0.174775,0,0,0.177,0,NA,1,0,0,0,1,0
Equatorial Guinea,GNQ,1970,0.03275,0,0,0.17,0,NA,1,0,0,0,1,0
Equatorial Guinea,GNQ,1971,0.03275,0,0,0.112,0,NA,1,0,0,0,1,0
Equatorial Guinea,GNQ,1972,0.03275,0,0,0.1,0,NA,1,0,0,0,1,0
Equatorial Guinea,GNQ,1973,0.03275,0,0,0.069,0,NA,1,0,0,0,1,0
Equatorial Guinea,GNQ,1974,0.03275,0,0,0.069,0,NA,1,0,0,0,1,0
Equatorial Guinea,GNQ,1975,0.03275,0,0,0.069,0,NA,1,0,0,0,1,0
Equatorial Guinea,GNQ,1976,0.03275,0,0,0.069,0,NA,1,0,0,0,1,0
Equatorial Guinea,GNQ,1977,0.03275,0,0,0.069,0,NA,1,0,0,0,1,0
Equatorial Guinea,GNQ,1978,0.03275,0,0,0.069,0,NA,1,0,0,0,1,0
Equatorial Guinea,GNQ,1979,0.0764,0,0,0.044,0,NA,1,0,0,0,1,0
Equatorial Guinea,GNQ,1980,0.245725,0,0,0.032,0,NA,1,0,0,0,1,0
Equatorial Guinea,GNQ,1981,0.245725,0,0,0.032,0,NA,1,0,0,0,1,0
Equatorial Guinea,GNQ,1982,0.245725,0,0,0.103,0,NA,1,0,0,0,1,0
Equatorial Guinea,GNQ,1983,0.245725,0,0,0.137,0,NA,1,0,0,0,1,0
Equatorial Guinea,GNQ,1984,0.245725,0,0,0.147,0,NA,1,0,0,0,1,0
Equatorial Guinea,GNQ,1985,0.245725,0,0,0.147,0,NA,1,0,0,0,1,0
Equatorial Guinea,GNQ,1986,0.245725,0,0,0.147,0,NA,1,0,0,0,1,0
Equatorial Guinea,GNQ,1987,0.245725,0,0,0.147,0,NA,1,0,0,0,1,0
Equatorial Guinea,GNQ,1988,0.245725,0,0,0.162,0,NA,1,0,0,0,1,0
Equatorial Guinea,GNQ,1989,0.245725,0,0,0.163,0,NA,1,0,0,0,1,0
Equatorial Guinea,GNQ,1990,0.240525,0,0,0.163,0,NA,1,0,0,0,1,0
Equatorial Guinea,GNQ,1991,0.240525,0,0,0.163,0,NA,1,0,0,0,1,0
Equatorial Guinea,GNQ,1992,0.240525,0,0,0.163,0,NA,1,0,0,0,1,0
Equatorial Guinea,GNQ,1993,0.240525,0,0,0.173,0,NA,1,0,0,0,1,0
Equatorial Guinea,GNQ,1994,0.240525,0,0,0.179,0,NA,1,0,0,0,1,0
Equatorial Guinea,GNQ,1995,0.23235,0,0,0.183,0,NA,1,0,0,0,1,0
Equatorial Guinea,GNQ,1996,0.23235,0,0,0.184,0,NA,1,0,0,0,1,0
Equatorial Guinea,GNQ,1997,0.23235,0,0,0.182,0,NA,1,0,0,0,1,0
Equatorial Guinea,GNQ,1998,0.23235,0,0,0.182,0,NA,1,0,0,0,1,0
Equatorial Guinea,GNQ,1999,0.23235,0,0,0.183,0,NA,1,0,0,0,1,0
Equatorial Guinea,GNQ,2000,0.23235,0,0,0.187,0,NA,1,0,0,0,1,0
Equatorial Guinea,GNQ,2001,0.23235,0,0,0.187,0,NA,1,0,0,0,1,0
Equatorial Guinea,GNQ,2002,0.23235,0,0,0.187,0,NA,1,0,0,0,1,0
Equatorial Guinea,GNQ,2003,0.23235,0,0,0.188,0,NA,1,0,0,0,1,0
Equatorial Guinea,GNQ,2004,0.23235,0,0,0.186,0,NA,1,0,0,0,1,0
Equatorial Guinea,GNQ,2005,0.23235,0,0,0.182,0,NA,1,0,0,0,1,0
Equatorial Guinea,GNQ,2006,0.23235,0,0,0.183,0,NA,1,0,0,0,1,0
Equatorial Guinea,GNQ,2007,0.23235,0,0,0.183,0,NA,1,0,0,0,1,0
Equatorial Guinea,GNQ,2008,0.23235,0,0,0.181,0,NA,1,0,0,0,1,0
Equatorial Guinea,GNQ,2009,0.23235,0,0,0.181,0,NA,1,0,0,0,1,0
Equatorial Guinea,GNQ,2010,0.2261,0,0,0.18,0,NA,1,0,0,0,1,0
Equatorial Guinea,GNQ,2011,0.2261,0,0,0.179,0,NA,1,0,0,0,1,0
Equatorial Guinea,GNQ,2012,0.2261,0,0,0.179,0,NA,1,0,0,0,1,0
Equatorial Guinea,GNQ,2013,0.2261,0,0,0.181,0,NA,1,0,0,0,1,0
Equatorial Guinea,GNQ,2014,0.2261,0,0,0.182,0,NA,1,0,0,0,1,0
Equatorial Guinea,GNQ,2015,0.2247,0,0,0.181,0,NA,1,0,0,0,1,0
Equatorial Guinea,GNQ,2016,0.229,0,0,0.181,0,NA,1,0,0,0,1,0
Equatorial Guinea,GNQ,2017,0.220025,0,0,0.177,0,NA,1,0,0,0,1,0
Equatorial Guinea,GNQ,2018,0.241225,0,0,0.178,0,NA,1,0,0,0,1,0
Equatorial Guinea,GNQ,2019,0.240625,0,0,0.179,0,NA,1,0,0,0,1,0
Equatorial Guinea,GNQ,2020,0.242025,0,0,0.178,0,NA,1,0,0,0,1,0
Equatorial Guinea,GNQ,2021,0.242025,0,0,0.174,0,NA,1,0,0,0,1,0
Equatorial Guinea,GNQ,2022,0.225475,0,0,0.174,0,NA,1,0,0,0,1,0
Equatorial Guinea,GNQ,2023,0.243725,0,0,0.184,0,NA,1,0,0,0,1,0
Equatorial Guinea,GNQ,2024,0.235325,0,0,0.178,0,NA,1,0,0,0,1,0
Estonia,EST,1990,0.784825,1,1.0986122886681096,0.799,2.9444389791664403,NA,0,1,0,0,0,0
Estonia,EST,1991,0.793625,0,1.0986122886681096,0.607,2.995732273553991,NA,0,1,0,0,0,0
Estonia,EST,1992,0.79915,0,0,0.451,0,NA,0,1,0,0,0,0
Estonia,EST,1993,0.80815,1,1.3862943611198906,0.883,2.995732273553991,NA,0,1,0,0,0,0
Estonia,EST,1994,0.82035,0,1.3862943611198906,0.87,3.044522437723423,NA,0,1,0,0,0,0
Estonia,EST,1995,0.82055,0,1.3862943611198906,0.87,3.091042453358316,NA,0,1,0,0,0,0
Estonia,EST,1996,0.83805,0,1.3862943611198906,0.87,3.091042453358316,NA,0,1,0,0,0,0
Estonia,EST,1997,0.85145,0,1.3862943611198906,0.87,3.1354942159291497,NA,0,1,0,0,0,0
Estonia,EST,1998,0.84645,0,1.3862943611198906,0.87,3.1780538303479458,NA,0,1,0,0,0,0
Estonia,EST,1999,0.883225,0,1.3862943611198906,0.867,3.2188758248682006,NA,0,1,0,0,0,0
Estonia,EST,2000,0.885425,0,1.3862943611198906,0.867,3.258096538021482,NA,0,1,0,0,0,0
Estonia,EST,2001,0.885425,0,1.3862943611198906,0.867,3.295836866004329,NA,0,1,0,0,0,0
Estonia,EST,2002,0.885625,0,1.3862943611198906,0.867,3.332204510175204,NA,0,1,0,0,0,0
Estonia,EST,2003,0.885625,0,1.3862943611198906,0.87,3.367295829986474,NA,0,1,0,0,0,0
Estonia,EST,2004,0.892425,0,1.3862943611198906,0.872,3.4011973816621555,NA,0,1,0,0,0,0
Estonia,EST,2005,0.898425,0,1.3862943611198906,0.872,3.4339872044851463,NA,0,1,0,0,0,0
Estonia,EST,2006,0.90565,0,1.3862943611198906,0.872,3.4657359027997265,NA,0,1,0,0,0,0
Estonia,EST,2007,0.91915,0,1.3862943611198906,0.873,3.4965075614664802,NA,0,1,0,0,0,0
Estonia,EST,2008,0.91975,0,1.3862943611198906,0.874,3.5263605246161616,NA,0,1,0,0,0,0
Estonia,EST,2009,0.932025,0,1.3862943611198906,0.874,3.5553480614894135,NA,0,1,0,0,0,0
Estonia,EST,2010,0.933825,0,1.3862943611198906,0.881,3.58351893845611,NA,0,1,0,0,0,0
Estonia,EST,2011,0.933825,0,1.3862943611198906,0.881,3.6109179126442243,NA,0,1,0,0,0,0
Estonia,EST,2012,0.933825,0,1.3862943611198906,0.881,3.6375861597263857,NA,0,1,0,0,0,0
Estonia,EST,2013,0.947325,0,1.3862943611198906,0.883,3.6635616461296463,NA,0,1,0,0,0,0
Estonia,EST,2014,0.947325,0,1.3862943611198906,0.887,3.6888794541139363,NA,0,1,0,0,0,0
Estonia,EST,2015,0.947325,0,1.3862943611198906,0.895,3.713572066704308,NA,0,1,0,0,0,0
Estonia,EST,2016,0.947325,0,1.3862943611198906,0.907,3.7376696182833684,NA,0,1,0,0,0,0
Estonia,EST,2017,0.947525,0,1.3862943611198906,0.906,3.7612001156935624,NA,0,1,0,0,0,0
Estonia,EST,2018,0.943325,0,1.3862943611198906,0.905,3.784189633918261,NA,0,1,0,0,0,0
Estonia,EST,2019,0.9242,0,1.3862943611198906,0.898,3.8066624897703196,NA,0,1,0,0,0,0
Estonia,EST,2020,0.9331,0,1.3862943611198906,0.896,3.828641396489095,NA,0,1,0,0,0,0
Estonia,EST,2021,0.9341,0,1.3862943611198906,0.898,3.8501476017100584,NA,0,1,0,0,0,0
Estonia,EST,2022,0.9341,0,1.3862943611198906,0.895,3.8712010109078907,NA,0,1,0,0,0,0
Estonia,EST,2023,0.9341,0,1.3862943611198906,0.895,3.8918202981106265,NA,0,1,0,0,0,0
Estonia,EST,2024,0.9343,0,1.3862943611198906,0.895,3.912023005428146,NA,0,1,0,0,0,0
Fiji,FJI,1940,0.5943,0,0,0.21,0,NA,1,0,0,0,0,1
Fiji,FJI,1941,0.5943,0,0,0.21,0,NA,1,0,0,0,0,1
Fiji,FJI,1942,0.5943,0,0,0.21,0,NA,1,0,0,0,0,1
Fiji,FJI,1943,0.5943,0,0,0.21,0,NA,1,0,0,0,0,1
Fiji,FJI,1944,0.5943,0,0,0.208,0,NA,1,0,0,0,0,1
Fiji,FJI,1945,0.5943,0,0,0.208,0,NA,1,0,0,0,0,1
Fiji,FJI,1946,0.5943,0,0,0.208,0,NA,1,0,0,0,0,1
Fiji,FJI,1947,0.5943,0,0,0.21,0,NA,1,0,0,0,0,1
Fiji,FJI,1948,0.5943,0,0,0.21,0,NA,1,0,0,0,0,1
Fiji,FJI,1949,0.5943,0,0,0.21,0,NA,1,0,0,0,0,1
Fiji,FJI,1950,0.618575,0,0,0.212,0,NA,1,0,0,0,0,1
Fiji,FJI,1951,0.618575,0,0,0.212,0,NA,1,0,0,0,0,1
Fiji,FJI,1952,0.618575,0,0,0.212,0,NA,1,0,0,0,0,1
Fiji,FJI,1953,0.618575,0,0,0.211,0,NA,1,0,0,0,0,1
Fiji,FJI,1954,0.618575,0,0,0.211,0,NA,1,0,0,0,0,1
Fiji,FJI,1955,0.618575,0,0,0.211,0,NA,1,0,0,0,0,1
Fiji,FJI,1956,0.618575,0,0,0.21,0,NA,1,0,0,0,0,1
Fiji,FJI,1957,0.618575,0,0,0.212,0,NA,1,0,0,0,0,1
Fiji,FJI,1958,0.618575,0,0,0.212,0,NA,1,0,0,0,0,1
Fiji,FJI,1959,0.618575,0,0,0.214,0,NA,1,0,0,0,0,1
Fiji,FJI,1960,0.618575,0,0,0.217,0,NA,1,0,0,0,0,1
Fiji,FJI,1961,0.618575,0,0,0.221,0,NA,1,0,0,0,0,1
Fiji,FJI,1962,0.618575,0,0,0.221,0,NA,1,0,0,0,0,1
Fiji,FJI,1963,0.618575,0,0,0.281,0,NA,1,0,0,0,0,1
Fiji,FJI,1964,0.618575,0,0,0.289,0,NA,1,0,0,0,0,1
Fiji,FJI,1965,0.618575,0,0,0.289,0,NA,1,0,0,0,0,1
Fiji,FJI,1966,0.618575,0,0,0.299,0,NA,1,0,0,0,0,1
Fiji,FJI,1967,0.618575,0,0,0.313,0,NA,1,0,0,0,0,1
Fiji,FJI,1968,0.618575,0,0,0.484,0,NA,1,0,0,0,0,1
Fiji,FJI,1969,0.618575,0,0,0.484,0,NA,1,0,0,0,0,1
Fiji,FJI,1970,0.7137,1,0.6931471805599453,0.511,4.248495242049359,NA,1,0,0,0,0,1
Fiji,FJI,1971,0.7137,0,0.6931471805599453,0.515,4.2626798770413155,NA,1,0,0,0,0,1
Fiji,FJI,1972,0.7137,0,0.6931471805599453,0.54,4.276666119016055,NA,1,0,0,0,0,1
Fiji,FJI,1973,0.7137,0,0.6931471805599453,0.575,4.290459441148391,NA,1,0,0,0,0,1
Fiji,FJI,1974,0.7137,0,0.6931471805599453,0.575,4.304065093204169,NA,1,0,0,0,0,1
Fiji,FJI,1975,0.7137,0,0.6931471805599453,0.575,4.31748811353631,NA,1,0,0,0,0,1
Fiji,FJI,1976,0.7137,0,0.6931471805599453,0.575,4.330733340286331,NA,1,0,0,0,0,1
Fiji,FJI,1977,0.7137,0,0.6931471805599453,0.573,4.343805421853684,NA,1,0,0,0,0,1
Fiji,FJI,1978,0.7137,0,0.6931471805599453,0.573,4.356708826689592,NA,1,0,0,0,0,1
Fiji,FJI,1979,0.7137,0,0.6931471805599453,0.573,4.3694478524670215,NA,1,0,0,0,0,1
Fiji,FJI,1980,0.7137,0,0.6931471805599453,0.573,4.382026634673881,NA,1,0,0,0,0,1
Fiji,FJI,1981,0.7137,0,0.6931471805599453,0.573,4.394449154672439,NA,1,0,0,0,0,1
Fiji,FJI,1982,0.7137,0,0.6931471805599453,0.572,4.406719247264253,NA,1,0,0,0,0,1
Fiji,FJI,1983,0.7137,0,0.6931471805599453,0.571,4.418840607796598,NA,1,0,0,0,0,1
Fiji,FJI,1984,0.7137,0,0.6931471805599453,0.571,4.430816798843313,NA,1,0,0,0,0,1
Fiji,FJI,1985,0.7137,0,0.6931471805599453,0.571,4.442651256490317,NA,1,0,0,0,0,1
Fiji,FJI,1986,0.7137,0,0.6931471805599453,0.571,4.454347296253507,NA,1,0,0,0,0,1
Fiji,FJI,1987,0.5323,0,0,0.329,0,NA,1,0,0,0,0,1
Fiji,FJI,1988,0.566175,0,0,0.221,0,NA,1,0,0,0,0,1
Fiji,FJI,1989,0.566175,0,0,0.221,0,NA,1,0,0,0,0,1
Fiji,FJI,1990,0.5925,0,0,0.224,0,NA,1,0,0,0,0,1
Fiji,FJI,1991,0.5925,0,0,0.226,0,NA,1,0,0,0,0,1
Fiji,FJI,1992,0.5925,0,0,0.409,0,NA,1,0,0,0,0,1
Fiji,FJI,1993,0.644925,1,1.0986122886681096,0.546,4.499809670330265,NA,1,0,0,0,0,1
Fiji,FJI,1994,0.644925,0,1.0986122886681096,0.536,4.51085950651685,NA,1,0,0,0,0,1
Fiji,FJI,1995,0.644925,0,1.0986122886681096,0.534,4.5217885770490405,NA,1,0,0,0,0,1
Fiji,FJI,1996,0.644925,0,1.0986122886681096,0.534,4.532599493153256,NA,1,0,0,0,0,1
Fiji,FJI,1997,0.724875,0,1.0986122886681096,0.555,4.543294782270004,NA,1,0,0,0,0,1
Fiji,FJI,1998,0.724875,0,1.0986122886681096,0.555,4.553876891600541,NA,1,0,0,0,0,1
Fiji,FJI,1999,0.724875,0,1.0986122886681096,0.551,4.564348191467836,NA,1,0,0,0,0,1
Fiji,FJI,2000,0.586375,0,0,0.346,0,NA,1,0,0,0,0,1
Fiji,FJI,2001,0.5879,0,0,0.257,0,NA,1,0,0,0,0,1
Fiji,FJI,2002,0.6278,0,0,0.319,0,NA,1,0,0,0,0,1
Fiji,FJI,2003,0.6278,1,1.3862943611198906,0.538,4.574710978503383,NA,1,0,0,0,0,1
Fiji,FJI,2004,0.6278,0,1.3862943611198906,0.538,4.584967478670572,NA,1,0,0,0,0,1
Fiji,FJI,2005,0.6278,0,1.3862943611198906,0.538,4.59511985013459,NA,1,0,0,0,0,1
Fiji,FJI,2006,0.5372,0,0,0.397,0,NA,1,0,0,0,0,1
Fiji,FJI,2007,0.53235,0,0,0.137,0,NA,1,0,0,0,0,1
Fiji,FJI,2008,0.536525,0,0,0.134,0,NA,1,0,0,0,0,1
Fiji,FJI,2009,0.523525,0,0,0.13,0,NA,1,0,0,0,0,1
Fiji,FJI,2010,0.550125,0,0,0.134,0,NA,1,0,0,0,0,1
Fiji,FJI,2011,0.550125,0,0,0.134,0,NA,1,0,0,0,0,1
Fiji,FJI,2012,0.549725,0,0,0.137,0,NA,1,0,0,0,0,1
Fiji,FJI,2013,0.566925,0,0,0.142,0,NA,1,0,0,0,0,1
Fiji,FJI,2014,0.608975,0,0,0.197,0,NA,1,0,0,0,0,1
Fiji,FJI,2015,0.633725,0,0,0.387,0,NA,1,0,0,0,0,1
Fiji,FJI,2016,0.6345,0,0,0.398,0,NA,1,0,0,0,0,1
Fiji,FJI,2017,0.6461,0,0,0.405,0,NA,1,0,0,0,0,1
Fiji,FJI,2018,0.63765,0,0,0.404,0,NA,1,0,0,0,0,1
Fiji,FJI,2019,0.63005,0,0,0.393,0,NA,1,0,0,0,0,1
Fiji,FJI,2020,0.60285,0,0,0.408,0,NA,1,0,0,0,0,1
Fiji,FJI,2021,0.61875,0,0,0.402,0,NA,1,0,0,0,0,1
Fiji,FJI,2022,0.609925,0,0,0.399,0,NA,1,0,0,0,0,1
Fiji,FJI,2023,0.74075,1,1.6094379124341003,0.511,4.727387818712341,NA,1,0,0,0,0,1
Fiji,FJI,2024,0.74415,0,1.6094379124341003,0.516,4.736198448394496,NA,1,0,0,0,0,1
Finland,FIN,1940,0.83005,0,NA,0.503,NA,NA,0,1,0,0,0,0
Finland,FIN,1941,0.83725,0,NA,0.503,NA,NA,0,1,0,0,0,0
Finland,FIN,1942,0.83725,0,NA,0.5,NA,NA,0,1,0,0,0,0
Finland,FIN,1943,0.83725,0,NA,0.5,NA,NA,0,1,0,0,0,0
Finland,FIN,1944,0.83705,0,NA,0.5,NA,NA,0,1,0,0,0,0
Finland,FIN,1945,0.84725,0,NA,0.682,NA,NA,0,1,0,0,0,0
Finland,FIN,1946,0.856275,0,NA,0.735,NA,NA,0,1,0,0,0,0
Finland,FIN,1947,0.857075,0,NA,0.724,NA,NA,0,1,0,0,0,0
Finland,FIN,1948,0.876225,0,NA,0.743,NA,NA,0,1,0,0,0,0
Finland,FIN,1949,0.941125,0,NA,0.806,NA,NA,0,1,0,0,0,0
Finland,FIN,1950,0.9527,0,NA,0.816,NA,NA,0,1,0,0,0,0
Finland,FIN,1951,0.9527,0,NA,0.816,NA,NA,0,1,0,0,0,0
Finland,FIN,1952,0.9527,0,NA,0.815,NA,NA,0,1,0,0,0,0
Finland,FIN,1953,0.9527,0,NA,0.815,NA,NA,0,1,0,0,0,0
Finland,FIN,1954,0.9527,0,NA,0.817,NA,NA,0,1,0,0,0,0
Finland,FIN,1955,0.9527,0,NA,0.817,NA,NA,0,1,0,0,0,0
Finland,FIN,1956,0.9527,0,NA,0.811,NA,NA,0,1,0,0,0,0
Finland,FIN,1957,0.9527,0,NA,0.811,NA,NA,0,1,0,0,0,0
Finland,FIN,1958,0.9527,0,NA,0.815,NA,NA,0,1,0,0,0,0
Finland,FIN,1959,0.9527,0,NA,0.82,NA,NA,0,1,0,0,0,0
Finland,FIN,1960,0.9563,0,NA,0.82,NA,NA,0,1,0,0,0,0
Finland,FIN,1961,0.9563,0,NA,0.82,NA,NA,0,1,0,0,0,0
Finland,FIN,1962,0.9563,0,NA,0.809,NA,NA,0,1,0,0,0,0
Finland,FIN,1963,0.9563,0,NA,0.81,NA,NA,0,1,0,0,0,0
Finland,FIN,1964,0.9563,0,NA,0.81,NA,NA,0,1,0,0,0,0
Finland,FIN,1965,0.9563,0,NA,0.814,NA,NA,0,1,0,0,0,0
Finland,FIN,1966,0.9563,0,NA,0.809,NA,NA,0,1,0,0,0,0
Finland,FIN,1967,0.9563,0,NA,0.815,NA,NA,0,1,0,0,0,0
Finland,FIN,1968,0.9563,0,NA,0.819,NA,NA,0,1,0,0,0,0
Finland,FIN,1969,0.9563,0,NA,0.811,NA,NA,0,1,0,0,0,0
Finland,FIN,1970,0.9563,0,NA,0.812,NA,NA,0,1,0,0,0,0
Finland,FIN,1971,0.9563,0,NA,0.812,NA,NA,0,1,0,0,0,0
Finland,FIN,1972,0.9563,0,NA,0.811,NA,NA,0,1,0,0,0,0
Finland,FIN,1973,0.9561,0,NA,0.811,NA,NA,0,1,0,0,0,0
Finland,FIN,1974,0.9563,0,NA,0.811,NA,NA,0,1,0,0,0,0
Finland,FIN,1975,0.9563,0,NA,0.811,NA,NA,0,1,0,0,0,0
Finland,FIN,1976,0.9563,0,NA,0.817,NA,NA,0,1,0,0,0,0
Finland,FIN,1977,0.9563,0,NA,0.817,NA,NA,0,1,0,0,0,0
Finland,FIN,1978,0.9563,0,NA,0.82,NA,NA,0,1,0,0,0,0
Finland,FIN,1979,0.9563,0,NA,0.818,NA,NA,0,1,0,0,0,0
Finland,FIN,1980,0.9563,0,NA,0.815,NA,NA,0,1,0,0,0,0
Finland,FIN,1981,0.9565,0,NA,0.821,NA,NA,0,1,0,0,0,0
Finland,FIN,1982,0.9561,0,NA,0.841,NA,NA,0,1,0,0,0,0
Finland,FIN,1983,0.9565,0,NA,0.84,NA,NA,0,1,0,0,0,0
Finland,FIN,1984,0.9565,0,NA,0.839,NA,NA,0,1,0,0,0,0
Finland,FIN,1985,0.9565,0,NA,0.839,NA,NA,0,1,0,0,0,0
Finland,FIN,1986,0.9567,0,NA,0.839,NA,NA,0,1,0,0,0,0
Finland,FIN,1987,0.9567,0,NA,0.844,NA,NA,0,1,0,0,0,0
Finland,FIN,1988,0.9567,0,NA,0.843,NA,NA,0,1,0,0,0,0
Finland,FIN,1989,0.9567,0,NA,0.843,NA,NA,0,1,0,0,0,0
Finland,FIN,1990,0.9567,0,NA,0.857,NA,NA,0,1,0,0,0,0
Finland,FIN,1991,0.9567,0,NA,0.863,NA,NA,0,1,0,0,0,0
Finland,FIN,1992,0.9567,0,NA,0.864,NA,NA,0,1,0,0,0,0
Finland,FIN,1993,0.9567,0,NA,0.872,NA,NA,0,1,0,0,0,0
Finland,FIN,1994,0.9567,0,NA,0.872,NA,NA,0,1,0,0,0,0
Finland,FIN,1995,0.9567,0,NA,0.874,NA,NA,0,1,0,0,0,0
Finland,FIN,1996,0.9567,0,NA,0.874,NA,NA,0,1,0,0,0,0
Finland,FIN,1997,0.9567,0,NA,0.874,NA,NA,0,1,0,0,0,0
Finland,FIN,1998,0.9567,0,NA,0.874,NA,NA,0,1,0,0,0,0
Finland,FIN,1999,0.9567,0,NA,0.872,NA,NA,0,1,0,0,0,0
Finland,FIN,2000,0.9567,0,NA,0.871,NA,NA,0,1,0,0,0,0
Finland,FIN,2001,0.9567,0,NA,0.871,NA,NA,0,1,0,0,0,0
Finland,FIN,2002,0.9567,0,NA,0.871,NA,NA,0,1,0,0,0,0
Finland,FIN,2003,0.9567,0,NA,0.873,NA,NA,0,1,0,0,0,0
Finland,FIN,2004,0.9567,0,NA,0.873,NA,NA,0,1,0,0,0,0
Finland,FIN,2005,0.9567,0,NA,0.873,NA,NA,0,1,0,0,0,0
Finland,FIN,2006,0.9567,0,NA,0.876,NA,NA,0,1,0,0,0,0
Finland,FIN,2007,0.9567,0,NA,0.881,NA,NA,0,1,0,0,0,0
Finland,FIN,2008,0.9567,0,NA,0.882,NA,NA,0,1,0,0,0,0
Finland,FIN,2009,0.9567,0,NA,0.882,NA,NA,0,1,0,0,0,0
Finland,FIN,2010,0.9567,0,NA,0.882,NA,NA,0,1,0,0,0,0
Finland,FIN,2011,0.9567,0,NA,0.883,NA,NA,0,1,0,0,0,0
Finland,FIN,2012,0.9567,0,NA,0.884,NA,NA,0,1,0,0,0,0
Finland,FIN,2013,0.948475,0,NA,0.889,NA,NA,0,1,0,0,0,0
Finland,FIN,2014,0.948475,0,NA,0.889,NA,NA,0,1,0,0,0,0
Finland,FIN,2015,0.957025,0,NA,0.871,NA,NA,0,1,0,0,0,0
Finland,FIN,2016,0.957025,0,NA,0.87,NA,NA,0,1,0,0,0,0
Finland,FIN,2017,0.947125,0,NA,0.874,NA,NA,0,1,0,0,0,0
Finland,FIN,2018,0.95585,0,NA,0.88,NA,NA,0,1,0,0,0,0
Finland,FIN,2019,0.9462,0,NA,0.88,NA,NA,0,1,0,0,0,0
Finland,FIN,2020,0.9464,0,NA,0.879,NA,NA,0,1,0,0,0,0
Finland,FIN,2021,0.9462,0,NA,0.872,NA,NA,0,1,0,0,0,0
Finland,FIN,2022,0.9442,0,NA,0.873,NA,NA,0,1,0,0,0,0
Finland,FIN,2023,0.9442,0,NA,0.865,NA,NA,0,1,0,0,0,0
Finland,FIN,2024,0.920875,0,NA,0.847,NA,NA,0,1,0,0,0,0
Greece,GRC,1940,0.401375,0,0,0.042,NA,NA,0,1,0,0,0,0
Greece,GRC,1941,0.374875,0,0,0.041,NA,NA,0,1,0,0,0,0
Greece,GRC,1942,0.395025,0,0,0.046,NA,NA,0,1,0,0,0,0
Greece,GRC,1943,0.396225,0,0,0.046,NA,NA,0,1,0,0,0,0
Greece,GRC,1944,0.400225,0,0,0.048,NA,NA,0,1,0,0,0,0
Greece,GRC,1945,0.52845,0,0,0.121,NA,NA,0,1,0,0,0,0
Greece,GRC,1946,0.55785,0,0,0.182,NA,NA,0,1,0,0,0,0
Greece,GRC,1947,0.55805,0,0,0.272,NA,NA,0,1,0,0,0,0
Greece,GRC,1948,0.55805,0,0,0.273,NA,NA,0,1,0,0,0,0
Greece,GRC,1949,0.55805,0,0,0.273,NA,NA,0,1,0,0,0,0
Greece,GRC,1950,0.58935,0,0,0.311,NA,NA,0,1,0,0,0,0
Greece,GRC,1951,0.618075,0,0,0.311,NA,NA,0,1,0,0,0,0
Greece,GRC,1952,0.640375,0,0,0.314,NA,NA,0,1,0,0,0,0
Greece,GRC,1953,0.637175,0,0,0.386,NA,NA,0,1,0,0,0,0
Greece,GRC,1954,0.651175,0,0,0.387,NA,NA,0,1,0,0,0,0
Greece,GRC,1955,0.653775,0,0,0.386,NA,NA,0,1,0,0,0,0
Greece,GRC,1956,0.655775,0,0,0.386,NA,NA,0,1,0,0,0,0
Greece,GRC,1957,0.655775,0,0,0.386,NA,NA,0,1,0,0,0,0
Greece,GRC,1958,0.655775,0,0,0.386,NA,NA,0,1,0,0,0,0
Greece,GRC,1959,0.655775,0,0,0.386,NA,NA,0,1,0,0,0,0
Greece,GRC,1960,0.655775,0,0,0.386,NA,NA,0,1,0,0,0,0
Greece,GRC,1961,0.655775,0,0,0.384,NA,NA,0,1,0,0,0,0
Greece,GRC,1962,0.655775,0,0,0.375,NA,NA,0,1,0,0,0,0
Greece,GRC,1963,0.659725,0,0,0.378,NA,NA,0,1,0,0,0,0
Greece,GRC,1964,0.659725,0,0,0.394,NA,NA,0,1,0,0,0,0
Greece,GRC,1965,0.659725,0,0,0.394,NA,NA,0,1,0,0,0,0
Greece,GRC,1966,0.636925,0,0,0.339,NA,NA,0,1,0,0,0,0
Greece,GRC,1967,0.452975,0,0,0.116,NA,NA,0,1,0,0,0,0
Greece,GRC,1968,0.452975,0,0,0.074,NA,NA,0,1,0,0,0,0
Greece,GRC,1969,0.452975,0,0,0.074,NA,NA,0,1,0,0,0,0
Greece,GRC,1970,0.452975,0,0,0.074,NA,NA,0,1,0,0,0,0
Greece,GRC,1971,0.452975,0,0,0.074,NA,NA,0,1,0,0,0,0
Greece,GRC,1972,0.452975,0,0,0.074,NA,NA,0,1,0,0,0,0
Greece,GRC,1973,0.452975,0,0,0.074,NA,NA,0,1,0,0,0,0
Greece,GRC,1974,0.461225,0,0,0.139,NA,NA,0,1,0,0,0,0
Greece,GRC,1975,0.68785,1,NA,0.752,NA,NA,0,1,0,0,0,0
Greece,GRC,1976,0.76545,0,NA,0.816,NA,NA,0,1,0,0,0,0
Greece,GRC,1977,0.76985,0,NA,0.829,NA,NA,0,1,0,0,0,0
Greece,GRC,1978,0.76985,0,NA,0.83,NA,NA,0,1,0,0,0,0
Greece,GRC,1979,0.76985,0,NA,0.83,NA,NA,0,1,0,0,0,0
Greece,GRC,1980,0.76985,0,NA,0.83,NA,NA,0,1,0,0,0,0
Greece,GRC,1981,0.77045,0,NA,0.838,NA,NA,0,1,0,0,0,0
Greece,GRC,1982,0.801575,0,NA,0.851,NA,NA,0,1,0,0,0,0
Greece,GRC,1983,0.801975,0,NA,0.851,NA,NA,0,1,0,0,0,0
Greece,GRC,1984,0.801975,0,NA,0.86,NA,NA,0,1,0,0,0,0
Greece,GRC,1985,0.801975,0,NA,0.862,NA,NA,0,1,0,0,0,0
Greece,GRC,1986,0.801975,0,NA,0.863,NA,NA,0,1,0,0,0,0
Greece,GRC,1987,0.801975,0,NA,0.865,NA,NA,0,1,0,0,0,0
Greece,GRC,1988,0.801975,0,NA,0.865,NA,NA,0,1,0,0,0,0
Greece,GRC,1989,0.801975,0,NA,0.87,NA,NA,0,1,0,0,0,0
Greece,GRC,1990,0.801975,0,NA,0.882,NA,NA,0,1,0,0,0,0
Greece,GRC,1991,0.801975,0,NA,0.882,NA,NA,0,1,0,0,0,0
Greece,GRC,1992,0.801975,0,NA,0.882,NA,NA,0,1,0,0,0,0
Greece,GRC,1993,0.801975,0,NA,0.883,NA,NA,0,1,0,0,0,0
Greece,GRC,1994,0.801975,0,NA,0.886,NA,NA,0,1,0,0,0,0
Greece,GRC,1995,0.802175,0,NA,0.886,NA,NA,0,1,0,0,0,0
Greece,GRC,1996,0.802175,0,NA,0.885,NA,NA,0,1,0,0,0,0
Greece,GRC,1997,0.802175,0,NA,0.885,NA,NA,0,1,0,0,0,0
Greece,GRC,1998,0.803175,0,NA,0.885,NA,NA,0,1,0,0,0,0
Greece,GRC,1999,0.803175,0,NA,0.885,NA,NA,0,1,0,0,0,0
Greece,GRC,2000,0.803175,0,NA,0.884,NA,NA,0,1,0,0,0,0
Greece,GRC,2001,0.803175,0,NA,0.889,NA,NA,0,1,0,0,0,0
Greece,GRC,2002,0.803175,0,NA,0.889,NA,NA,0,1,0,0,0,0
Greece,GRC,2003,0.803175,0,NA,0.889,NA,NA,0,1,0,0,0,0
Greece,GRC,2004,0.803175,0,NA,0.889,NA,NA,0,1,0,0,0,0
Greece,GRC,2005,0.803175,0,NA,0.889,NA,NA,0,1,0,0,0,0
Greece,GRC,2006,0.803175,0,NA,0.889,NA,NA,0,1,0,0,0,0
Greece,GRC,2007,0.803175,0,NA,0.895,NA,NA,0,1,0,0,0,0
Greece,GRC,2008,0.802375,0,NA,0.902,NA,NA,0,1,0,0,0,0
Greece,GRC,2009,0.813825,0,NA,0.901,NA,NA,0,1,0,0,0,0
Greece,GRC,2010,0.836275,0,NA,0.907,NA,NA,0,1,0,0,0,0
Greece,GRC,2011,0.838475,0,NA,0.906,NA,NA,0,1,0,0,0,0
Greece,GRC,2012,0.838075,0,NA,0.899,NA,NA,0,1,0,0,0,0
Greece,GRC,2013,0.834425,0,NA,0.887,NA,NA,0,1,0,0,0,0
Greece,GRC,2014,0.834225,0,NA,0.886,NA,NA,0,1,0,0,0,0
Greece,GRC,2015,0.8217,0,NA,0.877,NA,NA,0,1,0,0,0,0
Greece,GRC,2016,0.8213,0,NA,0.871,NA,NA,0,1,0,0,0,0
Greece,GRC,2017,0.82495,0,NA,0.871,NA,NA,0,1,0,0,0,0
Greece,GRC,2018,0.820625,0,NA,0.863,NA,NA,0,1,0,0,0,0
Greece,GRC,2019,0.82335,0,NA,0.864,NA,NA,0,1,0,0,0,0
Greece,GRC,2020,0.837325,0,NA,0.789,NA,NA,0,1,0,0,0,0
Greece,GRC,2021,0.83435,0,NA,0.763,NA,NA,0,1,0,0,0,0
Greece,GRC,2022,0.81915,0,NA,0.763,NA,NA,0,1,0,0,0,0
Greece,GRC,2023,0.80985,0,NA,0.74,NA,NA,0,1,0,0,0,0
Greece,GRC,2024,0.79885,0,NA,0.75,NA,NA,0,1,0,0,0,0
Guyana,GUY,1940,0.714975,0,0,0.223,0,NA,1,0,1,0,0,0
Guyana,GUY,1941,0.714975,0,0,0.223,0,NA,1,0,1,0,0,0
Guyana,GUY,1942,0.714975,0,0,0.223,0,NA,1,0,1,0,0,0
Guyana,GUY,1943,0.714975,0,0,0.223,0,NA,1,0,1,0,0,0
Guyana,GUY,1944,0.714975,0,0,0.223,0,NA,1,0,1,0,0,0
Guyana,GUY,1945,0.714975,0,0,0.236,0,NA,1,0,1,0,0,0
Guyana,GUY,1946,0.714975,0,0,0.236,0,NA,1,0,1,0,0,0
Guyana,GUY,1947,0.714975,0,0,0.238,0,NA,1,0,1,0,0,0
Guyana,GUY,1948,0.714975,0,0,0.239,0,NA,1,0,1,0,0,0
Guyana,GUY,1949,0.714975,0,0,0.239,0,NA,1,0,1,0,0,0
Guyana,GUY,1950,0.714975,0,0,0.239,0,NA,1,0,1,0,0,0
Guyana,GUY,1951,0.714975,0,0,0.241,0,NA,1,0,1,0,0,0
Guyana,GUY,1952,0.714975,0,0,0.278,0,NA,1,0,1,0,0,0
Guyana,GUY,1953,0.7191,0,0,0.265,0,NA,1,0,1,0,0,0
Guyana,GUY,1954,0.7191,0,0,0.201,0,NA,1,0,1,0,0,0
Guyana,GUY,1955,0.7191,0,0,0.201,0,NA,1,0,1,0,0,0
Guyana,GUY,1956,0.7191,0,0,0.201,0,NA,1,0,1,0,0,0
Guyana,GUY,1957,0.7191,0,0,0.233,0,NA,1,0,1,0,0,0
Guyana,GUY,1958,0.7191,0,0,0.3,0,NA,1,0,1,0,0,0
Guyana,GUY,1959,0.7191,0,0,0.3,0,NA,1,0,1,0,0,0
Guyana,GUY,1960,0.7191,0,0,0.298,0,NA,1,0,1,0,0,0
Guyana,GUY,1961,0.7191,0,0,0.295,0,NA,1,0,1,0,0,0
Guyana,GUY,1962,0.7191,0,0,0.29,0,NA,1,0,1,0,0,0
Guyana,GUY,1963,0.7191,0,0,0.29,0,NA,1,0,1,0,0,0
Guyana,GUY,1964,0.6907,0,0,0.289,0,NA,1,0,1,0,0,0
Guyana,GUY,1965,0.6907,0,0,0.274,0,NA,1,0,1,0,0,0
Guyana,GUY,1966,0.604075,0,0,0.284,0,NA,1,0,1,0,0,0
Guyana,GUY,1967,0.609525,0,0,0.421,0,NA,1,0,1,0,0,0
Guyana,GUY,1968,0.609525,0,0,0.408,0,NA,1,0,1,0,0,0
Guyana,GUY,1969,0.609525,0,0,0.339,0,NA,1,0,1,0,0,0
Guyana,GUY,1970,0.595225,0,0,0.322,0,NA,1,0,1,0,0,0
Guyana,GUY,1971,0.595225,0,0,0.321,0,NA,1,0,1,0,0,0
Guyana,GUY,1972,0.595225,0,0,0.315,0,NA,1,0,1,0,0,0
Guyana,GUY,1973,0.595225,0,0,0.306,0,NA,1,0,1,0,0,0
Guyana,GUY,1974,0.595225,0,0,0.298,0,NA,1,0,1,0,0,0
Guyana,GUY,1975,0.595225,0,0,0.298,0,NA,1,0,1,0,0,0
Guyana,GUY,1976,0.595225,0,0,0.294,0,NA,1,0,1,0,0,0
Guyana,GUY,1977,0.595225,0,0,0.287,0,NA,1,0,1,0,0,0
Guyana,GUY,1978,0.595225,0,0,0.285,0,NA,1,0,1,0,0,0
Guyana,GUY,1979,0.595225,0,0,0.285,0,NA,1,0,1,0,0,0
Guyana,GUY,1980,0.506925,0,0,0.27,0,NA,1,0,1,0,0,0
Guyana,GUY,1981,0.511325,0,0,0.248,0,NA,1,0,1,0,0,0
Guyana,GUY,1982,0.511325,0,0,0.248,0,NA,1,0,1,0,0,0
Guyana,GUY,1983,0.511325,0,0,0.248,0,NA,1,0,1,0,0,0
Guyana,GUY,1984,0.511325,0,0,0.25,0,NA,1,0,1,0,0,0
Guyana,GUY,1985,0.515925,0,0,0.245,0,NA,1,0,1,0,0,0
Guyana,GUY,1986,0.52095,0,0,0.284,0,NA,1,0,1,0,0,0
Guyana,GUY,1987,0.52095,0,0,0.295,0,NA,1,0,1,0,0,0
Guyana,GUY,1988,0.52095,0,0,0.3,0,NA,1,0,1,0,0,0
Guyana,GUY,1989,0.52095,0,0,0.301,0,NA,1,0,1,0,0,0
Guyana,GUY,1990,0.52195,0,0,0.317,0,NA,1,0,1,0,0,0
Guyana,GUY,1991,0.52195,0,0,0.313,0,NA,1,0,1,0,0,0
Guyana,GUY,1992,0.52195,0,0,0.356,0,NA,1,0,1,0,0,0
Guyana,GUY,1993,0.575275,0,0,0.445,0,NA,1,0,1,0,0,0
Guyana,GUY,1994,0.617475,0,0,0.445,0,NA,1,0,1,0,0,0
Guyana,GUY,1995,0.617475,0,0,0.445,0,NA,1,0,1,0,0,0
Guyana,GUY,1996,0.617475,0,0,0.445,0,NA,1,0,1,0,0,0
Guyana,GUY,1997,0.555275,0,0,0.453,0,NA,1,0,1,0,0,0
Guyana,GUY,1998,0.556075,1,0.6931471805599453,0.53,4.584967478670572,NA,1,0,1,0,0,0
Guyana,GUY,1999,0.5502,0,0.6931471805599453,0.529,4.59511985013459,NA,1,0,1,0,0,0
Guyana,GUY,2000,0.53645,0,0.6931471805599453,0.527,4.605170185988092,NA,1,0,1,0,0,0
Guyana,GUY,2001,0.53405,0,0.6931471805599453,0.555,4.61512051684126,NA,1,0,1,0,0,0
Guyana,GUY,2002,0.53125,0,0.6931471805599453,0.568,4.624972813284271,NA,1,0,1,0,0,0
Guyana,GUY,2003,0.53125,0,0.6931471805599453,0.585,4.634728988229636,NA,1,0,1,0,0,0
Guyana,GUY,2004,0.53125,0,0.6931471805599453,0.585,4.6443908991413725,NA,1,0,1,0,0,0
Guyana,GUY,2005,0.52185,0,0.6931471805599453,0.585,4.653960350157523,NA,1,0,1,0,0,0
Guyana,GUY,2006,0.52185,0,0.6931471805599453,0.582,4.663439094112067,NA,1,0,1,0,0,0
Guyana,GUY,2007,0.52185,0,0.6931471805599453,0.582,4.672828834461906,NA,1,0,1,0,0,0
Guyana,GUY,2008,0.52185,0,0.6931471805599453,0.583,4.68213122712422,NA,1,0,1,0,0,0
Guyana,GUY,2009,0.52185,0,0.6931471805599453,0.583,4.6913478822291435,NA,1,0,1,0,0,0
Guyana,GUY,2010,0.5215,0,0.6931471805599453,0.58,4.700480365792417,NA,1,0,1,0,0,0
Guyana,GUY,2011,0.5215,0,0.6931471805599453,0.581,4.709530201312334,NA,1,0,1,0,0,0
Guyana,GUY,2012,0.523625,0,0.6931471805599453,0.579,4.718498871295094,NA,1,0,1,0,0,0
Guyana,GUY,2013,0.533475,0,0.6931471805599453,0.61,4.727387818712341,NA,1,0,1,0,0,0
Guyana,GUY,2014,0.533475,0,0.6931471805599453,0.608,4.736198448394496,NA,1,0,1,0,0,0
Guyana,GUY,2015,0.638475,0,0.6931471805599453,0.647,4.74493212836325,NA,1,0,1,0,0,0
Guyana,GUY,2016,0.639825,0,0.6931471805599453,0.659,4.7535901911063645,NA,1,0,1,0,0,0
Guyana,GUY,2017,0.63505,0,0.6931471805599453,0.661,4.762173934797756,NA,1,0,1,0,0,0
Guyana,GUY,2018,0.623675,0,0.6931471805599453,0.665,4.770684624465665,NA,1,0,1,0,0,0
Guyana,GUY,2019,0.626275,0,0.6931471805599453,0.645,4.77912349311153,NA,1,0,1,0,0,0
Guyana,GUY,2020,0.611575,0,0.6931471805599453,0.557,4.787491742782046,NA,1,0,1,0,0,0
Guyana,GUY,2021,0.603625,0,0,0.495,0,NA,1,0,1,0,0,0
Guyana,GUY,2022,0.5823,0,0,0.496,0,NA,1,0,1,0,0,0
Guyana,GUY,2023,0.573075,0,0,0.491,0,NA,1,0,1,0,0,0
Guyana,GUY,2024,0.573075,0,0,0.491,0,NA,1,0,1,0,0,0
Hong Kong,HKG,1940,0.62005,0,0,0.145,0,NA,1,0,0,0,0,1
Hong Kong,HKG,1941,0.596825,0,0,0.121,0,NA,1,0,0,0,0,1
Hong Kong,HKG,1942,0.593625,0,0,0.108,0,NA,1,0,0,0,0,1
Hong Kong,HKG,1943,0.593625,0,0,0.108,0,NA,1,0,0,0,0,1
Hong Kong,HKG,1944,0.595425,0,0,0.108,0,NA,1,0,0,0,0,1
Hong Kong,HKG,1945,0.620625,0,0,0.108,0,NA,1,0,0,0,0,1
Hong Kong,HKG,1946,0.664675,0,0,0.153,0,NA,1,0,0,0,0,1
Hong Kong,HKG,1947,0.664675,0,0,0.153,0,NA,1,0,0,0,0,1
Hong Kong,HKG,1948,0.664675,0,0,0.153,0,NA,1,0,0,0,0,1
Hong Kong,HKG,1949,0.664675,0,0,0.153,0,NA,1,0,0,0,0,1
Hong Kong,HKG,1950,0.673675,0,0,0.151,0,NA,1,0,0,0,0,1
Hong Kong,HKG,1951,0.673675,0,0,0.151,0,NA,1,0,0,0,0,1
Hong Kong,HKG,1952,0.673675,0,0,0.151,0,NA,1,0,0,0,0,1
Hong Kong,HKG,1953,0.673675,0,0,0.151,0,NA,1,0,0,0,0,1
Hong Kong,HKG,1954,0.673675,0,0,0.151,0,NA,1,0,0,0,0,1
Hong Kong,HKG,1955,0.673675,0,0,0.151,0,NA,1,0,0,0,0,1
Hong Kong,HKG,1956,0.673675,0,0,0.152,0,NA,1,0,0,0,0,1
Hong Kong,HKG,1957,0.673675,0,0,0.153,0,NA,1,0,0,0,0,1
Hong Kong,HKG,1958,0.673675,0,0,0.153,0,NA,1,0,0,0,0,1
Hong Kong,HKG,1959,0.673675,0,0,0.153,0,NA,1,0,0,0,0,1
Hong Kong,HKG,1960,0.673675,0,0,0.163,0,NA,1,0,0,0,0,1
Hong Kong,HKG,1961,0.673675,0,0,0.163,0,NA,1,0,0,0,0,1
Hong Kong,HKG,1962,0.673675,0,0,0.163,0,NA,1,0,0,0,0,1
Hong Kong,HKG,1963,0.673675,0,0,0.163,0,NA,1,0,0,0,0,1
Hong Kong,HKG,1964,0.673675,0,0,0.163,0,NA,1,0,0,0,0,1
Hong Kong,HKG,1965,0.673675,0,0,0.163,0,NA,1,0,0,0,0,1
Hong Kong,HKG,1966,0.673675,0,0,0.163,0,NA,1,0,0,0,0,1
Hong Kong,HKG,1967,0.673675,0,0,0.161,0,NA,1,0,0,0,0,1
Hong Kong,HKG,1968,0.673675,0,0,0.163,0,NA,1,0,0,0,0,1
Hong Kong,HKG,1969,0.673675,0,0,0.164,0,NA,1,0,0,0,0,1
Hong Kong,HKG,1970,0.729675,0,0,0.167,0,NA,1,0,0,0,0,1
Hong Kong,HKG,1971,0.729675,0,0,0.167,0,NA,1,0,0,0,0,1
Hong Kong,HKG,1972,0.729675,0,0,0.167,0,NA,1,0,0,0,0,1
Hong Kong,HKG,1973,0.729675,0,0,0.167,0,NA,1,0,0,0,0,1
Hong Kong,HKG,1974,0.761875,0,0,0.167,0,NA,1,0,0,0,0,1
Hong Kong,HKG,1975,0.827275,0,0,0.167,0,NA,1,0,0,0,0,1
Hong Kong,HKG,1976,0.867,0,0,0.167,0,NA,1,0,0,0,0,1
Hong Kong,HKG,1977,0.867,0,0,0.17,0,NA,1,0,0,0,0,1
Hong Kong,HKG,1978,0.867,0,0,0.17,0,NA,1,0,0,0,0,1
Hong Kong,HKG,1979,0.867,0,0,0.17,0,NA,1,0,0,0,0,1
Hong Kong,HKG,1980,0.8929,0,0,0.186,0,NA,1,0,0,0,0,1
Hong Kong,HKG,1981,0.8929,0,0,0.186,0,NA,1,0,0,0,0,1
Hong Kong,HKG,1982,0.8929,0,0,0.186,0,NA,1,0,0,0,0,1
Hong Kong,HKG,1983,0.8929,0,0,0.186,0,NA,1,0,0,0,0,1
Hong Kong,HKG,1984,0.918325,0,0,0.187,0,NA,1,0,0,0,0,1
Hong Kong,HKG,1985,0.918325,0,0,0.192,0,NA,1,0,0,0,0,1
Hong Kong,HKG,1986,0.918325,0,0,0.198,0,NA,1,0,0,0,0,1
Hong Kong,HKG,1987,0.918325,0,0,0.198,0,NA,1,0,0,0,0,1
Hong Kong,HKG,1988,0.918325,0,0,0.198,0,NA,1,0,0,0,0,1
Hong Kong,HKG,1989,0.918325,0,0,0.202,0,NA,1,0,0,0,0,1
Hong Kong,HKG,1990,0.918325,0,0,0.266,0,NA,1,0,0,0,0,1
Hong Kong,HKG,1991,0.918325,0,0,0.301,0,NA,1,0,0,0,0,1
Hong Kong,HKG,1992,0.918325,0,0,0.375,0,NA,1,0,0,0,0,1
Hong Kong,HKG,1993,0.918325,0,0,0.375,0,NA,1,0,0,0,0,1
Hong Kong,HKG,1994,0.918325,0,0,0.375,0,NA,1,0,0,0,0,1
Hong Kong,HKG,1995,0.918325,0,0,0.38,0,NA,1,0,0,0,0,1
Hong Kong,HKG,1996,0.918325,0,0,0.38,0,NA,1,0,0,0,0,1
Hong Kong,HKG,1997,0.919925,0,0,0.37,0,NA,1,0,0,0,0,1
Hong Kong,HKG,1998,0.919925,0,0,0.373,0,NA,1,0,0,0,0,1
Hong Kong,HKG,1999,0.919925,0,0,0.372,0,NA,1,0,0,0,0,1
Hong Kong,HKG,2000,0.919925,0,0,0.372,0,NA,1,0,0,0,0,1
Hong Kong,HKG,2001,0.919925,0,0,0.372,0,NA,1,0,0,0,0,1
Hong Kong,HKG,2002,0.919925,0,0,0.372,0,NA,1,0,0,0,0,1
Hong Kong,HKG,2003,0.907325,0,0,0.372,0,NA,1,0,0,0,0,1
Hong Kong,HKG,2004,0.907325,0,0,0.371,0,NA,1,0,0,0,0,1
Hong Kong,HKG,2005,0.907325,0,0,0.369,0,NA,1,0,0,0,0,1
Hong Kong,HKG,2006,0.907325,0,0,0.369,0,NA,1,0,0,0,0,1
Hong Kong,HKG,2007,0.907325,0,0,0.37,0,NA,1,0,0,0,0,1
Hong Kong,HKG,2008,0.907325,0,0,0.371,0,NA,1,0,0,0,0,1
Hong Kong,HKG,2009,0.907325,0,0,0.373,0,NA,1,0,0,0,0,1
Hong Kong,HKG,2010,0.898625,0,0,0.373,0,NA,1,0,0,0,0,1
Hong Kong,HKG,2011,0.894225,0,0,0.371,0,NA,1,0,0,0,0,1
Hong Kong,HKG,2012,0.870925,0,0,0.364,0,NA,1,0,0,0,0,1
Hong Kong,HKG,2013,0.866975,0,0,0.361,0,NA,1,0,0,0,0,1
Hong Kong,HKG,2014,0.848,0,0,0.359,0,NA,1,0,0,0,0,1
Hong Kong,HKG,2015,0.8417,0,0,0.347,0,NA,1,0,0,0,0,1
Hong Kong,HKG,2016,0.838425,0,0,0.336,0,NA,1,0,0,0,0,1
Hong Kong,HKG,2017,0.832675,0,0,0.326,0,NA,1,0,0,0,0,1
Hong Kong,HKG,2018,0.82035,0,0,0.321,0,NA,1,0,0,0,0,1
Hong Kong,HKG,2019,0.771925,0,0,0.301,0,NA,1,0,0,0,0,1
Hong Kong,HKG,2020,0.71075,0,0,0.269,0,NA,1,0,0,0,0,1
Hong Kong,HKG,2021,0.65025,0,0,0.212,0,NA,1,0,0,0,0,1
Hong Kong,HKG,2022,0.62915,0,0,0.162,0,NA,1,0,0,0,0,1
Hong Kong,HKG,2023,0.6113,0,0,0.154,0,NA,1,0,0,0,0,1
Hong Kong,HKG,2024,0.63385,0,0,0.169,0,NA,1,0,0,0,0,1
Iceland,ISL,1940,0.808575,0,0.6931471805599453,0.775,3.6635616461296463,NA,0,1,0,0,0,0
Iceland,ISL,1941,0.808575,0,0.6931471805599453,0.775,3.6888794541139363,NA,0,1,0,0,0,0
Iceland,ISL,1942,0.808575,0,0.6931471805599453,0.775,3.713572066704308,NA,0,1,0,0,0,0
Iceland,ISL,1943,0.808575,0,0.6931471805599453,0.775,3.7376696182833684,NA,0,1,0,0,0,0
Iceland,ISL,1944,0.811375,0,0.6931471805599453,0.784,3.7376696182833684,NA,0,1,0,0,0,0
Iceland,ISL,1945,0.817575,0,0.6931471805599453,0.79,3.7612001156935624,NA,0,1,0,0,0,0
Iceland,ISL,1946,0.825325,0,0.6931471805599453,0.794,3.784189633918261,NA,0,1,0,0,0,0
Iceland,ISL,1947,0.825325,0,0.6931471805599453,0.79,3.8066624897703196,NA,0,1,0,0,0,0
Iceland,ISL,1948,0.825325,0,0.6931471805599453,0.79,3.828641396489095,NA,0,1,0,0,0,0
Iceland,ISL,1949,0.825325,0,0.6931471805599453,0.792,3.8501476017100584,NA,0,1,0,0,0,0
Iceland,ISL,1950,0.8276,0,0.6931471805599453,0.801,3.8712010109078907,NA,0,1,0,0,0,0
Iceland,ISL,1951,0.8276,0,0.6931471805599453,0.801,3.8918202981106265,NA,0,1,0,0,0,0
Iceland,ISL,1952,0.8276,0,0.6931471805599453,0.802,3.912023005428146,NA,0,1,0,0,0,0
Iceland,ISL,1953,0.8276,0,0.6931471805599453,0.805,3.9318256327243257,NA,0,1,0,0,0,0
Iceland,ISL,1954,0.8276,0,0.6931471805599453,0.807,3.9512437185814275,NA,0,1,0,0,0,0
Iceland,ISL,1955,0.8276,0,0.6931471805599453,0.807,3.970291913552122,NA,0,1,0,0,0,0
Iceland,ISL,1956,0.8276,0,0.6931471805599453,0.807,3.9889840465642745,NA,0,1,0,0,0,0
Iceland,ISL,1957,0.8276,0,0.6931471805599453,0.807,4.007333185232471,NA,0,1,0,0,0,0
Iceland,ISL,1958,0.8276,0,0.6931471805599453,0.807,4.02535169073515,NA,0,1,0,0,0,0
Iceland,ISL,1959,0.8276,0,0.6931471805599453,0.809,4.04305126783455,NA,0,1,0,0,0,0
Iceland,ISL,1960,0.8276,0,0.6931471805599453,0.81,4.060443010546419,NA,0,1,0,0,0,0
Iceland,ISL,1961,0.832175,0,0.6931471805599453,0.81,4.07753744390572,NA,0,1,0,0,0,0
Iceland,ISL,1962,0.832175,0,0.6931471805599453,0.81,4.0943445622221,NA,0,1,0,0,0,0
Iceland,ISL,1963,0.832175,0,0.6931471805599453,0.808,4.110873864173311,NA,0,1,0,0,0,0
Iceland,ISL,1964,0.832175,0,0.6931471805599453,0.806,4.127134385045092,NA,0,1,0,0,0,0
Iceland,ISL,1965,0.832175,0,0.6931471805599453,0.806,4.143134726391533,NA,0,1,0,0,0,0
Iceland,ISL,1966,0.832175,0,0.6931471805599453,0.819,4.1588830833596715,NA,0,1,0,0,0,0
Iceland,ISL,1967,0.832175,0,0.6931471805599453,0.825,4.174387269895637,NA,0,1,0,0,0,0
Iceland,ISL,1968,0.832175,0,0.6931471805599453,0.823,4.189654742026425,NA,0,1,0,0,0,0
Iceland,ISL,1969,0.832175,0,0.6931471805599453,0.822,4.204692619390966,NA,0,1,0,0,0,0
Iceland,ISL,1970,0.832175,0,0.6931471805599453,0.825,4.219507705176107,NA,0,1,0,0,0,0
Iceland,ISL,1971,0.832175,0,0.6931471805599453,0.823,4.23410650459726,NA,0,1,0,0,0,0
Iceland,ISL,1972,0.832175,0,0.6931471805599453,0.822,4.248495242049359,NA,0,1,0,0,0,0
Iceland,ISL,1973,0.832175,0,0.6931471805599453,0.822,4.2626798770413155,NA,0,1,0,0,0,0
Iceland,ISL,1974,0.832175,0,0.6931471805599453,0.825,4.276666119016055,NA,0,1,0,0,0,0
Iceland,ISL,1975,0.832175,0,0.6931471805599453,0.829,4.290459441148391,NA,0,1,0,0,0,0
Iceland,ISL,1976,0.832175,0,0.6931471805599453,0.829,4.304065093204169,NA,0,1,0,0,0,0
Iceland,ISL,1977,0.832175,0,0.6931471805599453,0.829,4.31748811353631,NA,0,1,0,0,0,0
Iceland,ISL,1978,0.832175,0,0.6931471805599453,0.829,4.330733340286331,NA,0,1,0,0,0,0
Iceland,ISL,1979,0.832175,0,0.6931471805599453,0.828,4.343805421853684,NA,0,1,0,0,0,0
Iceland,ISL,1980,0.832175,0,0.6931471805599453,0.848,4.356708826689592,NA,0,1,0,0,0,0
Iceland,ISL,1981,0.832175,0,0.6931471805599453,0.848,4.3694478524670215,NA,0,1,0,0,0,0
Iceland,ISL,1982,0.832175,0,0.6931471805599453,0.848,4.382026634673881,NA,0,1,0,0,0,0
Iceland,ISL,1983,0.832175,0,0.6931471805599453,0.844,4.394449154672439,NA,0,1,0,0,0,0
Iceland,ISL,1984,0.832175,0,0.6931471805599453,0.843,4.406719247264253,NA,0,1,0,0,0,0
Iceland,ISL,1985,0.832175,0,0.6931471805599453,0.843,4.418840607796598,NA,0,1,0,0,0,0
Iceland,ISL,1986,0.832175,0,0.6931471805599453,0.854,4.430816798843313,NA,0,1,0,0,0,0
Iceland,ISL,1987,0.832175,0,0.6931471805599453,0.861,4.442651256490317,NA,0,1,0,0,0,0
Iceland,ISL,1988,0.832175,0,0.6931471805599453,0.864,4.454347296253507,NA,0,1,0,0,0,0
Iceland,ISL,1989,0.832175,0,0.6931471805599453,0.865,4.465908118654584,NA,0,1,0,0,0,0
Iceland,ISL,1990,0.861475,0,0.6931471805599453,0.867,4.477336814478207,NA,0,1,0,0,0,0
Iceland,ISL,1991,0.861475,0,0.6931471805599453,0.865,4.48863636973214,NA,0,1,0,0,0,0
Iceland,ISL,1992,0.861475,0,0.6931471805599453,0.864,4.499809670330265,NA,0,1,0,0,0,0
Iceland,ISL,1993,0.861475,0,0.6931471805599453,0.864,4.51085950651685,NA,0,1,0,0,0,0
Iceland,ISL,1994,0.874375,0,0.6931471805599453,0.864,4.5217885770490405,NA,0,1,0,0,0,0
Iceland,ISL,1995,0.8979,0,0.6931471805599453,0.865,4.532599493153256,NA,0,1,0,0,0,0
Iceland,ISL,1996,0.8979,0,0.6931471805599453,0.869,4.543294782270004,NA,0,1,0,0,0,0
Iceland,ISL,1997,0.8979,0,0.6931471805599453,0.868,4.553876891600541,NA,0,1,0,0,0,0
Iceland,ISL,1998,0.8979,0,0.6931471805599453,0.868,4.564348191467836,NA,0,1,0,0,0,0
Iceland,ISL,1999,0.8979,0,0.6931471805599453,0.872,4.574710978503383,NA,0,1,0,0,0,0
Iceland,ISL,2000,0.8979,0,0.6931471805599453,0.874,4.584967478670572,NA,0,1,0,0,0,0
Iceland,ISL,2001,0.8979,0,0.6931471805599453,0.874,4.59511985013459,NA,0,1,0,0,0,0
Iceland,ISL,2002,0.8979,0,0.6931471805599453,0.874,4.605170185988092,NA,0,1,0,0,0,0
Iceland,ISL,2003,0.8979,0,0.6931471805599453,0.872,4.61512051684126,NA,0,1,0,0,0,0
Iceland,ISL,2004,0.8979,0,0.6931471805599453,0.87,4.624972813284271,NA,0,1,0,0,0,0
Iceland,ISL,2005,0.8979,0,0.6931471805599453,0.869,4.634728988229636,NA,0,1,0,0,0,0
Iceland,ISL,2006,0.8979,0,0.6931471805599453,0.869,4.6443908991413725,NA,0,1,0,0,0,0
Iceland,ISL,2007,0.8979,0,0.6931471805599453,0.876,4.653960350157523,NA,0,1,0,0,0,0
Iceland,ISL,2008,0.8979,0,0.6931471805599453,0.883,4.663439094112067,NA,0,1,0,0,0,0
Iceland,ISL,2009,0.9003,0,0.6931471805599453,0.883,4.672828834461906,NA,0,1,0,0,0,0
Iceland,ISL,2010,0.903075,0,0.6931471805599453,0.879,4.68213122712422,NA,0,1,0,0,0,0
Iceland,ISL,2011,0.902875,0,0.6931471805599453,0.879,4.6913478822291435,NA,0,1,0,0,0,0
Iceland,ISL,2012,0.903075,0,0.6931471805599453,0.877,4.700480365792417,NA,0,1,0,0,0,0
Iceland,ISL,2013,0.912725,0,0.6931471805599453,0.861,4.709530201312334,NA,0,1,0,0,0,0
Iceland,ISL,2014,0.912725,0,0.6931471805599453,0.859,4.718498871295094,NA,0,1,0,0,0,0
Iceland,ISL,2015,0.912725,0,0.6931471805599453,0.864,4.727387818712341,NA,0,1,0,0,0,0
Iceland,ISL,2016,0.912725,0,0.6931471805599453,0.86,4.736198448394496,NA,0,1,0,0,0,0
Iceland,ISL,2017,0.912725,0,0.6931471805599453,0.864,4.74493212836325,NA,0,1,0,0,0,0
Iceland,ISL,2018,0.912725,0,0.6931471805599453,0.877,4.7535901911063645,NA,0,1,0,0,0,0
Iceland,ISL,2019,0.91945,0,0.6931471805599453,0.857,4.762173934797756,NA,0,1,0,0,0,0
Iceland,ISL,2020,0.904025,0,0.6931471805599453,0.861,4.770684624465665,NA,0,1,0,0,0,0
Iceland,ISL,2021,0.909025,0,0.6931471805599453,0.837,4.77912349311153,NA,0,1,0,0,0,0
Iceland,ISL,2022,0.908625,0,0.6931471805599453,0.83,4.787491742782046,NA,0,1,0,0,0,0
Iceland,ISL,2023,0.905825,0,0.6931471805599453,0.844,4.795790545596741,NA,0,1,0,0,0,0
Iceland,ISL,2024,0.906025,0,0.6931471805599453,0.844,4.804021044733257,NA,0,1,0,0,0,0
Israel,ISR,1948,0.751025,0,0,0.288,0,NA,0,1,0,0,1,0
Israel,ISR,1949,0.751025,1,0.6931471805599453,0.577,0.6931471805599453,NA,0,1,0,0,1,0
Israel,ISR,1950,0.757825,0,0.6931471805599453,0.597,1.0986122886681096,NA,0,1,0,0,1,0
Israel,ISR,1951,0.757825,0,0.6931471805599453,0.6,1.3862943611198906,NA,0,1,0,0,1,0
Israel,ISR,1952,0.757825,0,0.6931471805599453,0.602,1.6094379124341003,NA,0,1,0,0,1,0
Israel,ISR,1953,0.757625,0,0.6931471805599453,0.594,1.791759469228055,NA,0,1,0,0,1,0
Israel,ISR,1954,0.757625,0,0.6931471805599453,0.603,1.9459101490553132,NA,0,1,0,0,1,0
Israel,ISR,1955,0.757625,0,0.6931471805599453,0.607,2.0794415416798357,NA,0,1,0,0,1,0
Israel,ISR,1956,0.757625,0,0.6931471805599453,0.607,2.1972245773362196,NA,0,1,0,0,1,0
Israel,ISR,1957,0.757625,0,0.6931471805599453,0.617,2.302585092994046,NA,0,1,0,0,1,0
Israel,ISR,1958,0.757625,0,0.6931471805599453,0.617,2.3978952727983707,NA,0,1,0,0,1,0
Israel,ISR,1959,0.757625,0,0.6931471805599453,0.606,2.4849066497880004,NA,0,1,0,0,1,0
Israel,ISR,1960,0.757625,0,0.6931471805599453,0.639,2.5649493574615367,NA,0,1,0,0,1,0
Israel,ISR,1961,0.757625,0,0.6931471805599453,0.647,2.639057329615259,NA,0,1,0,0,1,0
Israel,ISR,1962,0.757625,0,0.6931471805599453,0.647,2.70805020110221,NA,0,1,0,0,1,0
Israel,ISR,1963,0.757625,0,0.6931471805599453,0.647,2.772588722239781,NA,0,1,0,0,1,0
Israel,ISR,1964,0.777375,0,0.6931471805599453,0.647,2.833213344056216,NA,0,1,0,0,1,0
Israel,ISR,1965,0.777375,0,0.6931471805599453,0.638,2.8903717578961645,NA,0,1,0,0,1,0
Israel,ISR,1966,0.79905,0,0.6931471805599453,0.653,2.8903717578961645,NA,0,1,0,0,1,0
Israel,ISR,1967,0.826025,0,0.6931471805599453,0.662,2.9444389791664403,NA,0,1,0,0,1,0
Israel,ISR,1968,0.826025,0,0.6931471805599453,0.665,2.995732273553991,NA,0,1,0,0,1,0
Israel,ISR,1969,0.826025,0,0.6931471805599453,0.671,3.044522437723423,NA,0,1,0,0,1,0
Israel,ISR,1970,0.826025,0,0.6931471805599453,0.686,3.091042453358316,NA,0,1,0,0,1,0
Israel,ISR,1971,0.826025,0,0.6931471805599453,0.686,3.1354942159291497,NA,0,1,0,0,1,0
Israel,ISR,1972,0.827825,0,0.6931471805599453,0.696,3.1780538303479458,NA,0,1,0,0,1,0
Israel,ISR,1973,0.827825,0,0.6931471805599453,0.696,3.2188758248682006,NA,0,1,0,0,1,0
Israel,ISR,1974,0.827825,0,0.6931471805599453,0.754,3.258096538021482,NA,0,1,0,0,1,0
Israel,ISR,1975,0.827825,0,0.6931471805599453,0.754,3.295836866004329,NA,0,1,0,0,1,0
Israel,ISR,1976,0.835025,0,0.6931471805599453,0.754,3.332204510175204,NA,0,1,0,0,1,0
Israel,ISR,1977,0.835025,0,0.6931471805599453,0.758,3.367295829986474,NA,0,1,0,0,1,0
Israel,ISR,1978,0.8508,0,0.6931471805599453,0.766,3.4011973816621555,NA,0,1,0,0,1,0
Israel,ISR,1979,0.8508,0,0.6931471805599453,0.766,3.4339872044851463,NA,0,1,0,0,1,0
Israel,ISR,1980,0.8508,0,0.6931471805599453,0.766,3.4657359027997265,NA,0,1,0,0,1,0
Israel,ISR,1981,0.8508,0,0.6931471805599453,0.766,3.4965075614664802,NA,0,1,0,0,1,0
Israel,ISR,1982,0.8508,0,0.6931471805599453,0.766,3.5263605246161616,NA,0,1,0,0,1,0
Israel,ISR,1983,0.8508,0,0.6931471805599453,0.766,3.5553480614894135,NA,0,1,0,0,1,0
Israel,ISR,1984,0.8508,0,0.6931471805599453,0.76,3.58351893845611,NA,0,1,0,0,1,0
Israel,ISR,1985,0.8726,0,0.6931471805599453,0.753,3.6109179126442243,NA,0,1,0,0,1,0
Israel,ISR,1986,0.8726,0,0.6931471805599453,0.763,3.6375861597263857,NA,0,1,0,0,1,0
Israel,ISR,1987,0.8726,0,0.6931471805599453,0.768,3.6635616461296463,NA,0,1,0,0,1,0
Israel,ISR,1988,0.8726,0,0.6931471805599453,0.76,3.6888794541139363,NA,0,1,0,0,1,0
Israel,ISR,1989,0.8726,0,0.6931471805599453,0.763,3.713572066704308,NA,0,1,0,0,1,0
Israel,ISR,1990,0.8726,0,0.6931471805599453,0.763,3.7376696182833684,NA,0,1,0,0,1,0
Israel,ISR,1991,0.8726,0,0.6931471805599453,0.766,3.7612001156935624,NA,0,1,0,0,1,0
Israel,ISR,1992,0.8726,0,0.6931471805599453,0.765,3.784189633918261,NA,0,1,0,0,1,0
Israel,ISR,1993,0.8726,0,0.6931471805599453,0.767,3.8066624897703196,NA,0,1,0,0,1,0
Israel,ISR,1994,0.8726,0,0.6931471805599453,0.774,3.828641396489095,NA,0,1,0,0,1,0
Israel,ISR,1995,0.8726,0,0.6931471805599453,0.774,3.8501476017100584,NA,0,1,0,0,1,0
Israel,ISR,1996,0.8726,0,0.6931471805599453,0.775,3.8712010109078907,NA,0,1,0,0,1,0
Israel,ISR,1997,0.8726,0,0.6931471805599453,0.776,3.8918202981106265,NA,0,1,0,0,1,0
Israel,ISR,1998,0.8726,0,0.6931471805599453,0.776,3.912023005428146,NA,0,1,0,0,1,0
Israel,ISR,1999,0.8726,0,0.6931471805599453,0.774,3.9318256327243257,NA,0,1,0,0,1,0
Israel,ISR,2000,0.8722,0,0.6931471805599453,0.772,3.9512437185814275,NA,0,1,0,0,1,0
Israel,ISR,2001,0.8722,0,0.6931471805599453,0.762,3.970291913552122,NA,0,1,0,0,1,0
Israel,ISR,2002,0.8722,0,0.6931471805599453,0.764,3.9889840465642745,NA,0,1,0,0,1,0
Israel,ISR,2003,0.8722,0,0.6931471805599453,0.76,4.007333185232471,NA,0,1,0,0,1,0
Israel,ISR,2004,0.8722,0,0.6931471805599453,0.76,4.02535169073515,NA,0,1,0,0,1,0
Israel,ISR,2005,0.8722,0,0.6931471805599453,0.76,4.04305126783455,NA,0,1,0,0,1,0
Israel,ISR,2006,0.8722,0,0.6931471805599453,0.763,4.060443010546419,NA,0,1,0,0,1,0
Israel,ISR,2007,0.8722,0,0.6931471805599453,0.761,4.07753744390572,NA,0,1,0,0,1,0
Israel,ISR,2008,0.8722,0,0.6931471805599453,0.761,4.0943445622221,NA,0,1,0,0,1,0
Israel,ISR,2009,0.8714,0,0.6931471805599453,0.757,4.110873864173311,NA,0,1,0,0,1,0
Israel,ISR,2010,0.863575,0,0.6931471805599453,0.749,4.127134385045092,NA,0,1,0,0,1,0
Israel,ISR,2011,0.863575,0,0.6931471805599453,0.749,4.143134726391533,NA,0,1,0,0,1,0
Israel,ISR,2012,0.863575,0,0.6931471805599453,0.754,4.1588830833596715,NA,0,1,0,0,1,0
Israel,ISR,2013,0.854,0,0.6931471805599453,0.744,4.174387269895637,NA,0,1,0,0,1,0
Israel,ISR,2014,0.854,0,0.6931471805599453,0.744,4.189654742026425,NA,0,1,0,0,1,0
Israel,ISR,2015,0.85,0,0.6931471805599453,0.736,4.204692619390966,NA,0,1,0,0,1,0
Israel,ISR,2016,0.8492,0,0.6931471805599453,0.731,4.219507705176107,NA,0,1,0,0,1,0
Israel,ISR,2017,0.8415,0,0.6931471805599453,0.718,4.23410650459726,NA,0,1,0,0,1,0
Israel,ISR,2018,0.8415,0,0.6931471805599453,0.713,4.248495242049359,NA,0,1,0,0,1,0
Israel,ISR,2019,0.857175,0,0.6931471805599453,0.714,4.2626798770413155,NA,0,1,0,0,1,0
Israel,ISR,2020,0.8525,0,0.6931471805599453,0.728,4.276666119016055,NA,0,1,0,0,1,0
Israel,ISR,2021,0.8637,0,0.6931471805599453,0.738,4.290459441148391,NA,0,1,0,0,1,0
Israel,ISR,2022,0.88725,0,0.6931471805599453,0.728,4.304065093204169,NA,0,1,0,0,1,0
Israel,ISR,2023,0.8213,0,0.6931471805599453,0.72,4.304065093204169,NA,0,1,0,0,1,0
Israel,ISR,2024,0.7981,0,0.6931471805599453,0.715,4.31748811353631,NA,0,1,0,0,1,0
Kuwait,KWT,1940,0.610825,0,0,0.081,NA,NA,1,0,0,0,1,0
Kuwait,KWT,1941,0.610825,0,0,0.081,NA,NA,1,0,0,0,1,0
Kuwait,KWT,1942,0.610825,0,0,0.081,NA,NA,1,0,0,0,1,0
Kuwait,KWT,1943,0.610825,0,0,0.082,NA,NA,1,0,0,0,1,0
Kuwait,KWT,1944,0.610825,0,0,0.082,NA,NA,1,0,0,0,1,0
Kuwait,KWT,1945,0.610825,0,0,0.082,NA,NA,1,0,0,0,1,0
Kuwait,KWT,1946,0.610825,0,0,0.084,NA,NA,1,0,0,0,1,0
Kuwait,KWT,1947,0.610825,0,0,0.084,NA,NA,1,0,0,0,1,0
Kuwait,KWT,1948,0.610825,0,0,0.084,NA,NA,1,0,0,0,1,0
Kuwait,KWT,1949,0.610825,0,0,0.084,NA,NA,1,0,0,0,1,0
Kuwait,KWT,1950,0.610825,0,0,0.091,NA,NA,1,0,0,0,1,0
Kuwait,KWT,1951,0.610825,0,0,0.091,NA,NA,1,0,0,0,1,0
Kuwait,KWT,1952,0.610825,0,0,0.091,NA,NA,1,0,0,0,1,0
Kuwait,KWT,1953,0.610825,0,0,0.091,NA,NA,1,0,0,0,1,0
Kuwait,KWT,1954,0.610825,0,0,0.091,NA,NA,1,0,0,0,1,0
Kuwait,KWT,1955,0.610825,0,0,0.091,NA,NA,1,0,0,0,1,0
Kuwait,KWT,1956,0.610825,0,0,0.091,NA,NA,1,0,0,0,1,0
Kuwait,KWT,1957,0.610825,0,0,0.091,NA,NA,1,0,0,0,1,0
Kuwait,KWT,1958,0.610825,0,0,0.091,NA,NA,1,0,0,0,1,0
Kuwait,KWT,1959,0.610825,0,0,0.091,NA,NA,1,0,0,0,1,0
Kuwait,KWT,1960,0.6255,0,0,0.093,NA,NA,1,0,0,0,1,0
Kuwait,KWT,1961,0.65995,0,0,0.184,NA,NA,1,0,0,0,1,0
Kuwait,KWT,1962,0.688225,0,0,0.196,NA,NA,1,0,0,0,1,0
Kuwait,KWT,1963,0.694725,0,0,0.229,NA,NA,1,0,0,0,1,0
Kuwait,KWT,1964,0.694725,0,0,0.229,NA,NA,1,0,0,0,1,0
Kuwait,KWT,1965,0.694725,0,0,0.235,NA,NA,1,0,0,0,1,0
Kuwait,KWT,1966,0.694725,0,0,0.292,NA,NA,1,0,0,0,1,0
Kuwait,KWT,1967,0.694725,0,0,0.258,NA,NA,1,0,0,0,1,0
Kuwait,KWT,1968,0.694725,0,0,0.26,NA,NA,1,0,0,0,1,0
Kuwait,KWT,1969,0.694725,0,0,0.26,NA,NA,1,0,0,0,1,0
Kuwait,KWT,1970,0.694725,0,0,0.263,NA,NA,1,0,0,0,1,0
Kuwait,KWT,1971,0.694725,0,0,0.284,NA,NA,1,0,0,0,1,0
Kuwait,KWT,1972,0.694725,0,0,0.285,NA,NA,1,0,0,0,1,0
Kuwait,KWT,1973,0.691925,0,0,0.285,NA,NA,1,0,0,0,1,0
Kuwait,KWT,1974,0.691925,0,0,0.285,NA,NA,1,0,0,0,1,0
Kuwait,KWT,1975,0.691925,0,0,0.287,NA,NA,1,0,0,0,1,0
Kuwait,KWT,1976,0.6847,0,0,0.098,NA,NA,1,0,0,0,1,0
Kuwait,KWT,1977,0.663625,0,0,0.097,NA,NA,1,0,0,0,1,0
Kuwait,KWT,1978,0.663625,0,0,0.097,NA,NA,1,0,0,0,1,0
Kuwait,KWT,1979,0.663625,0,0,0.097,NA,NA,1,0,0,0,1,0
Kuwait,KWT,1980,0.653225,0,0,0.092,NA,NA,1,0,0,0,1,0
Kuwait,KWT,1981,0.6646,0,0,0.261,NA,NA,1,0,0,0,1,0
Kuwait,KWT,1982,0.6646,0,0,0.277,NA,NA,1,0,0,0,1,0
Kuwait,KWT,1983,0.6646,0,0,0.277,NA,NA,1,0,0,0,1,0
Kuwait,KWT,1984,0.6646,0,0,0.277,NA,NA,1,0,0,0,1,0
Kuwait,KWT,1985,0.6646,0,0,0.274,NA,NA,1,0,0,0,1,0
Kuwait,KWT,1986,0.65615,0,0,0.089,NA,NA,1,0,0,0,1,0
Kuwait,KWT,1987,0.65355,0,0,0.089,NA,NA,1,0,0,0,1,0
Kuwait,KWT,1988,0.635525,0,0,0.089,NA,NA,1,0,0,0,1,0
Kuwait,KWT,1989,0.635525,0,0,0.088,NA,NA,1,0,0,0,1,0
Kuwait,KWT,1990,0.5819,0,0,0.087,NA,NA,1,0,0,0,1,0
Kuwait,KWT,1991,0.5815,0,0,0.11,NA,NA,1,0,0,0,1,0
Kuwait,KWT,1992,0.6395,0,0,0.202,NA,NA,1,0,0,0,1,0
Kuwait,KWT,1993,0.630525,0,0,0.285,NA,NA,1,0,0,0,1,0
Kuwait,KWT,1994,0.630525,0,0,0.285,NA,NA,1,0,0,0,1,0
Kuwait,KWT,1995,0.630525,0,0,0.285,NA,NA,1,0,0,0,1,0
Kuwait,KWT,1996,0.630525,0,0,0.285,NA,NA,1,0,0,0,1,0
Kuwait,KWT,1997,0.630525,0,0,0.288,NA,NA,1,0,0,0,1,0
Kuwait,KWT,1998,0.630525,0,0,0.29,NA,NA,1,0,0,0,1,0
Kuwait,KWT,1999,0.630525,0,0,0.288,NA,NA,1,0,0,0,1,0
Kuwait,KWT,2000,0.630525,0,0,0.286,NA,NA,1,0,0,0,1,0
Kuwait,KWT,2001,0.630525,0,0,0.269,NA,NA,1,0,0,0,1,0
Kuwait,KWT,2002,0.622725,0,0,0.281,NA,NA,1,0,0,0,1,0
Kuwait,KWT,2003,0.622725,0,0,0.286,NA,NA,1,0,0,0,1,0
Kuwait,KWT,2004,0.609325,0,0,0.285,NA,NA,1,0,0,0,1,0
Kuwait,KWT,2005,0.6073,0,0,0.328,NA,NA,1,0,0,0,1,0
Kuwait,KWT,2006,0.6085,0,0,0.327,NA,NA,1,0,0,0,1,0
Kuwait,KWT,2007,0.6085,0,0,0.325,NA,NA,1,0,0,0,1,0
Kuwait,KWT,2008,0.6085,0,0,0.325,NA,NA,1,0,0,0,1,0
Kuwait,KWT,2009,0.6085,0,0,0.325,NA,NA,1,0,0,0,1,0
Kuwait,KWT,2010,0.6037,0,0,0.32,NA,NA,1,0,0,0,1,0
Kuwait,KWT,2011,0.6023,0,0,0.32,NA,NA,1,0,0,0,1,0
Kuwait,KWT,2012,0.6023,0,0,0.311,NA,NA,1,0,0,0,1,0
Kuwait,KWT,2013,0.6023,0,0,0.312,NA,NA,1,0,0,0,1,0
Kuwait,KWT,2014,0.6023,0,0,0.316,NA,NA,1,0,0,0,1,0
Kuwait,KWT,2015,0.6023,0,0,0.313,NA,NA,1,0,0,0,1,0
Kuwait,KWT,2016,0.6023,0,0,0.312,NA,NA,1,0,0,0,1,0
Kuwait,KWT,2017,0.61135,0,0,0.325,NA,NA,1,0,0,0,1,0
Kuwait,KWT,2018,0.61135,0,0,0.32,NA,NA,1,0,0,0,1,0
Kuwait,KWT,2019,0.62365,0,0,0.324,NA,NA,1,0,0,0,1,0
Kuwait,KWT,2020,0.62285,0,0,0.317,NA,NA,1,0,0,0,1,0
Kuwait,KWT,2021,0.622375,0,0,0.305,NA,NA,1,0,0,0,1,0
Kuwait,KWT,2022,0.666,0,0,0.299,NA,NA,1,0,0,0,1,0
Kuwait,KWT,2023,0.6686,0,0,0.316,NA,NA,1,0,0,0,1,0
Kuwait,KWT,2024,0.6338,0,0,0.292,NA,NA,1,0,0,0,1,0
Lithuania,LTU,1990,0.7913,1,1.0986122886681096,0.804,2.995732273553991,NA,0,1,0,0,0,0
Lithuania,LTU,1991,0.7905,0,1.0986122886681096,0.79,3.044522437723423,NA,0,1,0,0,0,0
Lithuania,LTU,1992,0.7876,0,1.0986122886681096,0.8,3.091042453358316,NA,0,1,0,0,0,0
Lithuania,LTU,1993,0.8182,0,1.0986122886681096,0.814,3.091042453358316,NA,0,1,0,0,0,0
Lithuania,LTU,1994,0.818,0,1.0986122886681096,0.831,3.1354942159291497,NA,0,1,0,0,0,0
Lithuania,LTU,1995,0.818,0,1.0986122886681096,0.831,3.1780538303479458,NA,0,1,0,0,0,0
Lithuania,LTU,1996,0.818,0,1.0986122886681096,0.827,3.2188758248682006,NA,0,1,0,0,0,0
Lithuania,LTU,1997,0.818,0,1.0986122886681096,0.833,3.258096538021482,NA,0,1,0,0,0,0
Lithuania,LTU,1998,0.818,0,1.0986122886681096,0.822,3.295836866004329,NA,0,1,0,0,0,0
Lithuania,LTU,1999,0.818,0,1.0986122886681096,0.824,3.332204510175204,NA,0,1,0,0,0,0
Lithuania,LTU,2000,0.8198,0,1.0986122886681096,0.82,3.367295829986474,NA,0,1,0,0,0,0
Lithuania,LTU,2001,0.839875,0,1.0986122886681096,0.818,3.4011973816621555,NA,0,1,0,0,0,0
Lithuania,LTU,2002,0.839875,0,1.0986122886681096,0.818,3.4339872044851463,NA,0,1,0,0,0,0
Lithuania,LTU,2003,0.835875,0,1.0986122886681096,0.817,3.4657359027997265,NA,0,1,0,0,0,0
Lithuania,LTU,2004,0.833875,0,1.0986122886681096,0.822,3.4965075614664802,NA,0,1,0,0,0,0
Lithuania,LTU,2005,0.83205,0,1.0986122886681096,0.821,3.5263605246161616,NA,0,1,0,0,0,0
Lithuania,LTU,2006,0.83605,0,1.0986122886681096,0.823,3.5553480614894135,NA,0,1,0,0,0,0
Lithuania,LTU,2007,0.841025,0,1.0986122886681096,0.823,3.58351893845611,NA,0,1,0,0,0,0
Lithuania,LTU,2008,0.841825,0,1.0986122886681096,0.825,3.6109179126442243,NA,0,1,0,0,0,0
Lithuania,LTU,2009,0.842025,0,1.0986122886681096,0.845,3.6375861597263857,NA,0,1,0,0,0,0
Lithuania,LTU,2010,0.8491,0,1.0986122886681096,0.846,3.6635616461296463,NA,0,1,0,0,0,0
Lithuania,LTU,2011,0.8491,0,1.0986122886681096,0.844,3.6888794541139363,NA,0,1,0,0,0,0
Lithuania,LTU,2012,0.8487,0,1.0986122886681096,0.84,3.713572066704308,NA,0,1,0,0,0,0
Lithuania,LTU,2013,0.85445,0,1.0986122886681096,0.83,3.7376696182833684,NA,0,1,0,0,0,0
Lithuania,LTU,2014,0.85685,0,1.0986122886681096,0.831,3.7612001156935624,NA,0,1,0,0,0,0
Lithuania,LTU,2015,0.86205,0,1.0986122886681096,0.838,3.784189633918261,NA,0,1,0,0,0,0
Lithuania,LTU,2016,0.843175,0,1.0986122886681096,0.826,3.784189633918261,NA,0,1,0,0,0,0
Lithuania,LTU,2017,0.8248,0,1.0986122886681096,0.804,3.8066624897703196,NA,0,1,0,0,0,0
Lithuania,LTU,2018,0.8236,0,1.0986122886681096,0.812,3.828641396489095,NA,0,1,0,0,0,0
Lithuania,LTU,2019,0.8274,0,1.0986122886681096,0.818,3.8501476017100584,NA,0,1,0,0,0,0
Lithuania,LTU,2020,0.8242,0,1.0986122886681096,0.807,3.8712010109078907,NA,0,1,0,0,0,0
Lithuania,LTU,2021,0.8198,0,1.0986122886681096,0.799,3.8918202981106265,NA,0,1,0,0,0,0
Lithuania,LTU,2022,0.8234,0,1.0986122886681096,0.799,3.912023005428146,NA,0,1,0,0,0,0
Lithuania,LTU,2023,0.814,0,1.0986122886681096,0.788,3.9318256327243257,NA,0,1,0,0,0,0
Lithuania,LTU,2024,0.8038,0,1.0986122886681096,0.799,3.9512437185814275,NA,0,1,0,0,0,0
Luxembourg,LUX,1940,0.538275,0,0,0.215,NA,NA,0,1,0,0,0,0
Luxembourg,LUX,1941,0.523275,0,0,0.143,NA,NA,0,1,0,0,0,0
Luxembourg,LUX,1942,0.523275,0,0,0.143,NA,NA,0,1,0,0,0,0
Luxembourg,LUX,1943,0.523275,0,0,0.143,NA,NA,0,1,0,0,0,0
Luxembourg,LUX,1944,0.534875,0,0,0.143,NA,NA,0,1,0,0,0,0
Luxembourg,LUX,1945,0.6427,0,0,0.31,NA,NA,0,1,0,0,0,0
Luxembourg,LUX,1946,0.851925,1,NA,0.778,NA,NA,0,1,0,0,0,0
Luxembourg,LUX,1947,0.851925,0,NA,0.818,NA,NA,0,1,0,0,0,0
Luxembourg,LUX,1948,0.851925,0,NA,0.822,NA,NA,0,1,0,0,0,0
Luxembourg,LUX,1949,0.853325,0,NA,0.825,NA,NA,0,1,0,0,0,0
Luxembourg,LUX,1950,0.880125,0,NA,0.831,NA,NA,0,1,0,0,0,0
Luxembourg,LUX,1951,0.880125,0,NA,0.83,NA,NA,0,1,0,0,0,0
Luxembourg,LUX,1952,0.880125,0,NA,0.83,NA,NA,0,1,0,0,0,0
Luxembourg,LUX,1953,0.880125,0,NA,0.83,NA,NA,0,1,0,0,0,0
Luxembourg,LUX,1954,0.880125,0,NA,0.837,NA,NA,0,1,0,0,0,0
Luxembourg,LUX,1955,0.880125,0,NA,0.837,NA,NA,0,1,0,0,0,0
Luxembourg,LUX,1956,0.910275,0,NA,0.837,NA,NA,0,1,0,0,0,0
Luxembourg,LUX,1957,0.93085,0,NA,0.837,NA,NA,0,1,0,0,0,0
Luxembourg,LUX,1958,0.93085,0,NA,0.837,NA,NA,0,1,0,0,0,0
Luxembourg,LUX,1959,0.93085,0,NA,0.847,NA,NA,0,1,0,0,0,0
Luxembourg,LUX,1960,0.93085,0,NA,0.867,NA,NA,0,1,0,0,0,0
Luxembourg,LUX,1961,0.93085,0,NA,0.867,NA,NA,0,1,0,0,0,0
Luxembourg,LUX,1962,0.93085,0,NA,0.867,NA,NA,0,1,0,0,0,0
Luxembourg,LUX,1963,0.93085,0,NA,0.87,NA,NA,0,1,0,0,0,0
Luxembourg,LUX,1964,0.93085,0,NA,0.867,NA,NA,0,1,0,0,0,0
Luxembourg,LUX,1965,0.93085,0,NA,0.865,NA,NA,0,1,0,0,0,0
Luxembourg,LUX,1966,0.93085,0,NA,0.865,NA,NA,0,1,0,0,0,0
Luxembourg,LUX,1967,0.93145,0,NA,0.865,NA,NA,0,1,0,0,0,0
Luxembourg,LUX,1968,0.93145,0,NA,0.865,NA,NA,0,1,0,0,0,0
Luxembourg,LUX,1969,0.93145,0,NA,0.866,NA,NA,0,1,0,0,0,0
Luxembourg,LUX,1970,0.93185,0,NA,0.866,NA,NA,0,1,0,0,0,0
Luxembourg,LUX,1971,0.93185,0,NA,0.866,NA,NA,0,1,0,0,0,0
Luxembourg,LUX,1972,0.93185,0,NA,0.866,NA,NA,0,1,0,0,0,0
Luxembourg,LUX,1973,0.93185,0,NA,0.866,NA,NA,0,1,0,0,0,0
Luxembourg,LUX,1974,0.93185,0,NA,0.872,NA,NA,0,1,0,0,0,0
Luxembourg,LUX,1975,0.93185,0,NA,0.872,NA,NA,0,1,0,0,0,0
Luxembourg,LUX,1976,0.93185,0,NA,0.872,NA,NA,0,1,0,0,0,0
Luxembourg,LUX,1977,0.93185,0,NA,0.872,NA,NA,0,1,0,0,0,0
Luxembourg,LUX,1978,0.93185,0,NA,0.872,NA,NA,0,1,0,0,0,0
Luxembourg,LUX,1979,0.93185,0,NA,0.872,NA,NA,0,1,0,0,0,0
Luxembourg,LUX,1980,0.93185,0,NA,0.873,NA,NA,0,1,0,0,0,0
Luxembourg,LUX,1981,0.93185,0,NA,0.873,NA,NA,0,1,0,0,0,0
Luxembourg,LUX,1982,0.93185,0,NA,0.873,NA,NA,0,1,0,0,0,0
Luxembourg,LUX,1983,0.93185,0,NA,0.873,NA,NA,0,1,0,0,0,0
Luxembourg,LUX,1984,0.93185,0,NA,0.871,NA,NA,0,1,0,0,0,0
Luxembourg,LUX,1985,0.93185,0,NA,0.869,NA,NA,0,1,0,0,0,0
Luxembourg,LUX,1986,0.93185,0,NA,0.869,NA,NA,0,1,0,0,0,0
Luxembourg,LUX,1987,0.93185,0,NA,0.869,NA,NA,0,1,0,0,0,0
Luxembourg,LUX,1988,0.93185,0,NA,0.869,NA,NA,0,1,0,0,0,0
Luxembourg,LUX,1989,0.93185,0,NA,0.869,NA,NA,0,1,0,0,0,0
Luxembourg,LUX,1990,0.93245,0,NA,0.869,NA,NA,0,1,0,0,0,0
Luxembourg,LUX,1991,0.93245,0,NA,0.869,NA,NA,0,1,0,0,0,0
Luxembourg,LUX,1992,0.93245,0,NA,0.869,NA,NA,0,1,0,0,0,0
Luxembourg,LUX,1993,0.93245,0,NA,0.869,NA,NA,0,1,0,0,0,0
Luxembourg,LUX,1994,0.93245,0,NA,0.87,NA,NA,0,1,0,0,0,0
Luxembourg,LUX,1995,0.93245,0,NA,0.87,NA,NA,0,1,0,0,0,0
Luxembourg,LUX,1996,0.93245,0,NA,0.87,NA,NA,0,1,0,0,0,0
Luxembourg,LUX,1997,0.93245,0,NA,0.87,NA,NA,0,1,0,0,0,0
Luxembourg,LUX,1998,0.93245,0,NA,0.87,NA,NA,0,1,0,0,0,0
Luxembourg,LUX,1999,0.93245,0,NA,0.871,NA,NA,0,1,0,0,0,0
Luxembourg,LUX,2000,0.93245,0,NA,0.872,NA,NA,0,1,0,0,0,0
Luxembourg,LUX,2001,0.93245,0,NA,0.872,NA,NA,0,1,0,0,0,0
Luxembourg,LUX,2002,0.93245,0,NA,0.872,NA,NA,0,1,0,0,0,0
Luxembourg,LUX,2003,0.93245,0,NA,0.872,NA,NA,0,1,0,0,0,0
Luxembourg,LUX,2004,0.93245,0,NA,0.872,NA,NA,0,1,0,0,0,0
Luxembourg,LUX,2005,0.93245,0,NA,0.871,NA,NA,0,1,0,0,0,0
Luxembourg,LUX,2006,0.93245,0,NA,0.871,NA,NA,0,1,0,0,0,0
Luxembourg,LUX,2007,0.93245,0,NA,0.871,NA,NA,0,1,0,0,0,0
Luxembourg,LUX,2008,0.93245,0,NA,0.871,NA,NA,0,1,0,0,0,0
Luxembourg,LUX,2009,0.93245,0,NA,0.873,NA,NA,0,1,0,0,0,0
Luxembourg,LUX,2010,0.93265,0,NA,0.875,NA,NA,0,1,0,0,0,0
Luxembourg,LUX,2011,0.93265,0,NA,0.875,NA,NA,0,1,0,0,0,0
Luxembourg,LUX,2012,0.93265,0,NA,0.875,NA,NA,0,1,0,0,0,0
Luxembourg,LUX,2013,0.93265,0,NA,0.875,NA,NA,0,1,0,0,0,0
Luxembourg,LUX,2014,0.93265,0,NA,0.876,NA,NA,0,1,0,0,0,0
Luxembourg,LUX,2015,0.93265,0,NA,0.876,NA,NA,0,1,0,0,0,0
Luxembourg,LUX,2016,0.93265,0,NA,0.876,NA,NA,0,1,0,0,0,0
Luxembourg,LUX,2017,0.93265,0,NA,0.876,NA,NA,0,1,0,0,0,0
Luxembourg,LUX,2018,0.93265,0,NA,0.876,NA,NA,0,1,0,0,0,0
Luxembourg,LUX,2019,0.93265,0,NA,0.876,NA,NA,0,1,0,0,0,0
Luxembourg,LUX,2020,0.93225,0,NA,0.876,NA,NA,0,1,0,0,0,0
Luxembourg,LUX,2021,0.93225,0,NA,0.876,NA,NA,0,1,0,0,0,0
Luxembourg,LUX,2022,0.93225,0,NA,0.876,NA,NA,0,1,0,0,0,0
Luxembourg,LUX,2023,0.949075,0,NA,0.874,NA,NA,0,1,0,0,0,0
Luxembourg,LUX,2024,0.949275,0,NA,0.867,NA,NA,0,1,0,0,0,0
North Macedonia,MKD,1991,0.634825,0,0,0.272,0,NA,1,0,0,0,0,0
North Macedonia,MKD,1992,0.634825,0,0,0.275,0,NA,1,0,0,0,0,0
North Macedonia,MKD,1993,0.61465,0,0,0.277,0,NA,1,0,0,0,0,0
North Macedonia,MKD,1994,0.61465,0,0,0.317,0,NA,1,0,0,0,0,0
North Macedonia,MKD,1995,0.619625,0,0,0.451,0,NA,1,0,0,0,0,0
North Macedonia,MKD,1996,0.618625,0,0,0.464,0,NA,1,0,0,0,0,0
North Macedonia,MKD,1997,0.617025,0,0,0.478,0,NA,1,0,0,0,0,0
North Macedonia,MKD,1998,0.621025,1,0.6931471805599453,0.507,1.9459101490553132,NA,1,0,0,0,0,0
North Macedonia,MKD,1999,0.616625,0,0.6931471805599453,0.566,1.9459101490553132,NA,1,0,0,0,0,0
North Macedonia,MKD,2000,0.613725,0,0,0.46,0,NA,1,0,0,0,0,0
North Macedonia,MKD,2001,0.610725,0,0,0.449,0,NA,1,0,0,0,0,0
North Macedonia,MKD,2002,0.644075,1,1.0986122886681096,0.525,2.1972245773362196,NA,1,0,0,0,0,0
North Macedonia,MKD,2003,0.6422,0,1.0986122886681096,0.617,2.302585092994046,NA,1,0,0,0,0,0
North Macedonia,MKD,2004,0.66235,0,1.0986122886681096,0.62,2.3978952727983707,NA,1,0,0,0,0,0
North Macedonia,MKD,2005,0.64535,0,1.0986122886681096,0.605,2.4849066497880004,NA,1,0,0,0,0,0
North Macedonia,MKD,2006,0.656825,0,1.0986122886681096,0.598,2.5649493574615367,NA,1,0,0,0,0,0
North Macedonia,MKD,2007,0.649075,0,1.0986122886681096,0.589,2.639057329615259,NA,1,0,0,0,0,0
North Macedonia,MKD,2008,0.629225,0,1.0986122886681096,0.552,2.70805020110221,NA,1,0,0,0,0,0
North Macedonia,MKD,2009,0.6258,0,1.0986122886681096,0.532,2.772588722239781,NA,1,0,0,0,0,0
North Macedonia,MKD,2010,0.625925,0,1.0986122886681096,0.528,2.833213344056216,NA,1,0,0,0,0,0
North Macedonia,MKD,2011,0.60165,0,0,0.48,0,NA,1,0,0,0,0,0
North Macedonia,MKD,2012,0.589725,0,0,0.455,0,NA,1,0,0,0,0,0
North Macedonia,MKD,2013,0.549175,0,0,0.447,0,NA,1,0,0,0,0,0
North Macedonia,MKD,2014,0.540275,0,0,0.447,0,NA,1,0,0,0,0,0
North Macedonia,MKD,2015,0.537075,0,0,0.443,0,NA,1,0,0,0,0,0
North Macedonia,MKD,2016,0.545125,0,0,0.452,0,NA,1,0,0,0,0,0
North Macedonia,MKD,2017,0.5939,1,1.3862943611198906,0.549,3.091042453358316,NA,1,0,0,0,0,0
North Macedonia,MKD,2018,0.55335,0,1.3862943611198906,0.574,3.1354942159291497,NA,1,0,0,0,0,0
North Macedonia,MKD,2019,0.548925,0,1.3862943611198906,0.606,3.1780538303479458,NA,1,0,0,0,0,0
North Macedonia,MKD,2020,0.5459,0,1.3862943611198906,0.601,3.2188758248682006,NA,1,0,0,0,0,0
North Macedonia,MKD,2021,0.5195,0,1.3862943611198906,0.587,3.258096538021482,NA,1,0,0,0,0,0
North Macedonia,MKD,2022,0.511225,0,1.3862943611198906,0.562,3.295836866004329,NA,1,0,0,0,0,0
North Macedonia,MKD,2023,0.502825,0,1.3862943611198906,0.568,3.332204510175204,NA,1,0,0,0,0,0
North Macedonia,MKD,2024,0.496075,0,1.3862943611198906,0.563,3.367295829986474,NA,1,0,0,0,0,0
Malaysia,MYS,1940,0.5796,0,0,0.043,0,NA,1,0,0,0,0,1
Malaysia,MYS,1941,0.468975,0,0,0.043,0,NA,1,0,0,0,0,1
Malaysia,MYS,1942,0.371575,0,0,0.034,0,NA,1,0,0,0,0,1
Malaysia,MYS,1943,0.371575,0,0,0.034,0,NA,1,0,0,0,0,1
Malaysia,MYS,1944,0.371575,0,0,0.034,0,NA,1,0,0,0,0,1
Malaysia,MYS,1945,0.372175,0,0,0.034,0,NA,1,0,0,0,0,1
Malaysia,MYS,1946,0.62445,0,0,0.066,0,NA,1,0,0,0,0,1
Malaysia,MYS,1947,0.64405,0,0,0.066,0,NA,1,0,0,0,0,1
Malaysia,MYS,1948,0.64405,0,0,0.067,0,NA,1,0,0,0,0,1
Malaysia,MYS,1949,0.64405,0,0,0.067,0,NA,1,0,0,0,0,1
Malaysia,MYS,1950,0.64405,0,0,0.069,0,NA,1,0,0,0,0,1
Malaysia,MYS,1951,0.64405,0,0,0.069,0,NA,1,0,0,0,0,1
Malaysia,MYS,1952,0.64405,0,0,0.069,0,NA,1,0,0,0,0,1
Malaysia,MYS,1953,0.64405,0,0,0.069,0,NA,1,0,0,0,0,1
Malaysia,MYS,1954,0.64725,0,0,0.069,0,NA,1,0,0,0,0,1
Malaysia,MYS,1955,0.65705,0,0,0.21,0,NA,1,0,0,0,0,1
Malaysia,MYS,1956,0.65985,0,0,0.301,0,NA,1,0,0,0,0,1
Malaysia,MYS,1957,0.669525,0,0,0.31,0,NA,1,0,0,0,0,1
Malaysia,MYS,1958,0.662525,0,0,0.317,0,NA,1,0,0,0,0,1
Malaysia,MYS,1959,0.662525,0,0,0.316,0,NA,1,0,0,0,0,1
Malaysia,MYS,1960,0.6569,0,0,0.315,0,NA,1,0,0,0,0,1
Malaysia,MYS,1961,0.6569,0,0,0.315,0,NA,1,0,0,0,0,1
Malaysia,MYS,1962,0.6569,0,0,0.311,0,NA,1,0,0,0,0,1
Malaysia,MYS,1963,0.6569,0,0,0.311,0,NA,1,0,0,0,0,1
Malaysia,MYS,1964,0.6569,0,0,0.303,0,NA,1,0,0,0,0,1
Malaysia,MYS,1965,0.6569,0,0,0.299,0,NA,1,0,0,0,0,1
Malaysia,MYS,1966,0.6569,0,0,0.298,0,NA,1,0,0,0,0,1
Malaysia,MYS,1967,0.6569,0,0,0.298,0,NA,1,0,0,0,0,1
Malaysia,MYS,1968,0.64425,0,0,0.298,0,NA,1,0,0,0,0,1
Malaysia,MYS,1969,0.64425,0,0,0.212,0,NA,1,0,0,0,0,1
Malaysia,MYS,1970,0.6036,0,0,0.148,0,NA,1,0,0,0,0,1
Malaysia,MYS,1971,0.6036,0,0,0.148,0,NA,1,0,0,0,0,1
Malaysia,MYS,1972,0.5958,0,0,0.21,0,NA,1,0,0,0,0,1
Malaysia,MYS,1973,0.5958,0,0,0.21,0,NA,1,0,0,0,0,1
Malaysia,MYS,1974,0.5958,0,0,0.234,0,NA,1,0,0,0,0,1
Malaysia,MYS,1975,0.5958,0,0,0.276,0,NA,1,0,0,0,0,1
Malaysia,MYS,1976,0.5958,0,0,0.276,0,NA,1,0,0,0,0,1
Malaysia,MYS,1977,0.5958,0,0,0.276,0,NA,1,0,0,0,0,1
Malaysia,MYS,1978,0.5958,0,0,0.277,0,NA,1,0,0,0,0,1
Malaysia,MYS,1979,0.5958,0,0,0.278,0,NA,1,0,0,0,0,1
Malaysia,MYS,1980,0.5958,0,0,0.281,0,NA,1,0,0,0,0,1
Malaysia,MYS,1981,0.5664,0,0,0.274,0,NA,1,0,0,0,0,1
Malaysia,MYS,1982,0.5134,0,0,0.272,0,NA,1,0,0,0,0,1
Malaysia,MYS,1983,0.513,0,0,0.272,0,NA,1,0,0,0,0,1
Malaysia,MYS,1984,0.50805,0,0,0.272,0,NA,1,0,0,0,0,1
Malaysia,MYS,1985,0.488425,0,0,0.272,0,NA,1,0,0,0,0,1
Malaysia,MYS,1986,0.4793,0,0,0.27,0,NA,1,0,0,0,0,1
Malaysia,MYS,1987,0.4639,0,0,0.26,0,NA,1,0,0,0,0,1
Malaysia,MYS,1988,0.4535,0,0,0.257,0,NA,1,0,0,0,0,1
Malaysia,MYS,1989,0.4571,0,0,0.257,0,NA,1,0,0,0,0,1
Malaysia,MYS,1990,0.4553,0,0,0.261,0,NA,1,0,0,0,0,1
Malaysia,MYS,1991,0.4533,0,0,0.259,0,NA,1,0,0,0,0,1
Malaysia,MYS,1992,0.4533,0,0,0.259,0,NA,1,0,0,0,0,1
Malaysia,MYS,1993,0.4533,0,0,0.259,0,NA,1,0,0,0,0,1
Malaysia,MYS,1994,0.4533,0,0,0.259,0,NA,1,0,0,0,0,1
Malaysia,MYS,1995,0.4521,0,0,0.258,0,NA,1,0,0,0,0,1
Malaysia,MYS,1996,0.4521,0,0,0.258,0,NA,1,0,0,0,0,1
Malaysia,MYS,1997,0.4521,0,0,0.258,0,NA,1,0,0,0,0,1
Malaysia,MYS,1998,0.4521,0,0,0.258,0,NA,1,0,0,0,0,1
Malaysia,MYS,1999,0.4521,0,0,0.265,0,NA,1,0,0,0,0,1
Malaysia,MYS,2000,0.447475,0,0,0.278,0,NA,1,0,0,0,0,1
Malaysia,MYS,2001,0.447475,0,0,0.284,0,NA,1,0,0,0,0,1
Malaysia,MYS,2002,0.433875,0,0,0.284,0,NA,1,0,0,0,0,1
Malaysia,MYS,2003,0.431675,0,0,0.286,0,NA,1,0,0,0,0,1
Malaysia,MYS,2004,0.436675,0,0,0.311,0,NA,1,0,0,0,0,1
Malaysia,MYS,2005,0.456475,0,0,0.313,0,NA,1,0,0,0,0,1
Malaysia,MYS,2006,0.456475,0,0,0.313,0,NA,1,0,0,0,0,1
Malaysia,MYS,2007,0.456475,0,0,0.314,0,NA,1,0,0,0,0,1
Malaysia,MYS,2008,0.456475,0,0,0.331,0,NA,1,0,0,0,0,1
Malaysia,MYS,2009,0.458275,0,0,0.331,0,NA,1,0,0,0,0,1
Malaysia,MYS,2010,0.461275,0,0,0.332,0,NA,1,0,0,0,0,1
Malaysia,MYS,2011,0.465275,0,0,0.33,0,NA,1,0,0,0,0,1
Malaysia,MYS,2012,0.465275,0,0,0.33,0,NA,1,0,0,0,0,1
Malaysia,MYS,2013,0.482825,0,0,0.325,0,NA,1,0,0,0,0,1
Malaysia,MYS,2014,0.482825,0,0,0.329,0,NA,1,0,0,0,0,1
Malaysia,MYS,2015,0.481025,0,0,0.329,0,NA,1,0,0,0,0,1
Malaysia,MYS,2016,0.481025,0,0,0.328,0,NA,1,0,0,0,0,1
Malaysia,MYS,2017,0.52465,0,0,0.338,0,NA,1,0,0,0,0,1
Malaysia,MYS,2018,0.6444,0,0,0.445,0,NA,1,0,0,0,0,1
Malaysia,MYS,2019,0.647525,0,0,0.472,0,NA,1,0,0,0,0,1
Malaysia,MYS,2020,0.612975,0,0,0.433,0,NA,1,0,0,0,0,1
Malaysia,MYS,2021,0.58915,0,0,0.432,0,NA,1,0,0,0,0,1
Malaysia,MYS,2022,0.618525,0,0,0.46,0,NA,1,0,0,0,0,1
Malaysia,MYS,2023,0.631525,1,0.6931471805599453,0.507,4.795790545596741,NA,1,0,0,0,0,1
Malaysia,MYS,2024,0.631525,0,0.6931471805599453,0.517,4.804021044733257,NA,1,0,0,0,0,1
Malta,MLT,1940,0.6974,0,0,0.208,0,NA,0,1,0,0,1,0
Malta,MLT,1941,0.6974,0,0,0.208,0,NA,0,1,0,0,1,0
Malta,MLT,1942,0.6974,0,0,0.208,0,NA,0,1,0,0,1,0
Malta,MLT,1943,0.6974,0,0,0.208,0,NA,0,1,0,0,1,0
Malta,MLT,1944,0.6974,0,0,0.208,0,NA,0,1,0,0,1,0
Malta,MLT,1945,0.6974,0,0,0.237,0,NA,0,1,0,0,1,0
Malta,MLT,1946,0.6974,0,0,0.205,0,NA,0,1,0,0,1,0
Malta,MLT,1947,0.6974,0,0,0.324,0,NA,0,1,0,0,1,0
Malta,MLT,1948,0.6974,1,0.6931471805599453,0.673,3.784189633918261,NA,0,1,0,0,1,0
Malta,MLT,1949,0.6974,0,0.6931471805599453,0.673,3.8066624897703196,NA,0,1,0,0,1,0
Malta,MLT,1950,0.6974,0,0.6931471805599453,0.671,3.828641396489095,NA,0,1,0,0,1,0
Malta,MLT,1951,0.6974,0,0.6931471805599453,0.669,3.8501476017100584,NA,0,1,0,0,1,0
Malta,MLT,1952,0.6974,0,0.6931471805599453,0.669,3.8712010109078907,NA,0,1,0,0,1,0
Malta,MLT,1953,0.6974,0,0.6931471805599453,0.669,3.8918202981106265,NA,0,1,0,0,1,0
Malta,MLT,1954,0.6974,0,0.6931471805599453,0.671,3.912023005428146,NA,0,1,0,0,1,0
Malta,MLT,1955,0.6974,0,0.6931471805599453,0.668,3.9318256327243257,NA,0,1,0,0,1,0
Malta,MLT,1956,0.6974,0,0.6931471805599453,0.668,3.9512437185814275,NA,0,1,0,0,1,0
Malta,MLT,1957,0.6974,0,0.6931471805599453,0.668,3.970291913552122,NA,0,1,0,0,1,0
Malta,MLT,1958,0.6974,0,0,0.36,0,NA,0,1,0,0,1,0
Malta,MLT,1959,0.6974,0,0,0.257,0,NA,0,1,0,0,1,0
Malta,MLT,1960,0.6974,0,0,0.257,0,NA,0,1,0,0,1,0
Malta,MLT,1961,0.6974,0,0,0.257,0,NA,0,1,0,0,1,0
Malta,MLT,1962,0.6974,0,0,0.348,0,NA,0,1,0,0,1,0
Malta,MLT,1963,0.6974,1,1.0986122886681096,0.667,4.02535169073515,NA,0,1,0,0,1,0
Malta,MLT,1964,0.778825,0,1.0986122886681096,0.712,4.04305126783455,NA,0,1,0,0,1,0
Malta,MLT,1965,0.70745,0,1.0986122886681096,0.701,4.060443010546419,NA,0,1,0,0,1,0
Malta,MLT,1966,0.70745,0,1.0986122886681096,0.703,4.07753744390572,NA,0,1,0,0,1,0
Malta,MLT,1967,0.70845,0,1.0986122886681096,0.703,4.0943445622221,NA,0,1,0,0,1,0
Malta,MLT,1968,0.70845,0,1.0986122886681096,0.703,4.110873864173311,NA,0,1,0,0,1,0
Malta,MLT,1969,0.70845,0,1.0986122886681096,0.703,4.127134385045092,NA,0,1,0,0,1,0
Malta,MLT,1970,0.70845,0,1.0986122886681096,0.703,4.143134726391533,NA,0,1,0,0,1,0
Malta,MLT,1971,0.70845,0,1.0986122886681096,0.695,4.1588830833596715,NA,0,1,0,0,1,0
Malta,MLT,1972,0.70845,0,1.0986122886681096,0.694,4.174387269895637,NA,0,1,0,0,1,0
Malta,MLT,1973,0.70845,0,1.0986122886681096,0.694,4.189654742026425,NA,0,1,0,0,1,0
Malta,MLT,1974,0.70845,0,1.0986122886681096,0.694,4.204692619390966,NA,0,1,0,0,1,0
Malta,MLT,1975,0.70845,0,1.0986122886681096,0.694,4.219507705176107,NA,0,1,0,0,1,0
Malta,MLT,1976,0.70845,0,1.0986122886681096,0.688,4.23410650459726,NA,0,1,0,0,1,0
Malta,MLT,1977,0.70845,0,1.0986122886681096,0.673,4.248495242049359,NA,0,1,0,0,1,0
Malta,MLT,1978,0.70845,0,1.0986122886681096,0.673,4.2626798770413155,NA,0,1,0,0,1,0
Malta,MLT,1979,0.70845,0,1.0986122886681096,0.673,4.276666119016055,NA,0,1,0,0,1,0
Malta,MLT,1980,0.70845,0,1.0986122886681096,0.673,4.290459441148391,NA,0,1,0,0,1,0
Malta,MLT,1981,0.70845,0,1.0986122886681096,0.672,4.304065093204169,NA,0,1,0,0,1,0
Malta,MLT,1982,0.70845,0,1.0986122886681096,0.655,4.31748811353631,NA,0,1,0,0,1,0
Malta,MLT,1983,0.70845,0,1.0986122886681096,0.655,4.330733340286331,NA,0,1,0,0,1,0
Malta,MLT,1984,0.70845,0,1.0986122886681096,0.655,4.343805421853684,NA,0,1,0,0,1,0
Malta,MLT,1985,0.70845,0,1.0986122886681096,0.655,4.356708826689592,NA,0,1,0,0,1,0
Malta,MLT,1986,0.743725,0,1.0986122886681096,0.655,4.3694478524670215,NA,0,1,0,0,1,0
Malta,MLT,1987,0.743725,0,1.0986122886681096,0.711,4.382026634673881,NA,0,1,0,0,1,0
Malta,MLT,1988,0.840825,0,1.0986122886681096,0.721,4.394449154672439,NA,0,1,0,0,1,0
Malta,MLT,1989,0.840825,0,1.0986122886681096,0.721,4.406719247264253,NA,0,1,0,0,1,0
Malta,MLT,1990,0.840825,0,1.0986122886681096,0.721,4.418840607796598,NA,0,1,0,0,1,0
Malta,MLT,1991,0.840825,0,1.0986122886681096,0.737,4.430816798843313,NA,0,1,0,0,1,0
Malta,MLT,1992,0.840825,0,1.0986122886681096,0.773,4.442651256490317,NA,0,1,0,0,1,0
Malta,MLT,1993,0.840825,0,1.0986122886681096,0.779,4.454347296253507,NA,0,1,0,0,1,0
Malta,MLT,1994,0.840825,0,1.0986122886681096,0.779,4.465908118654584,NA,0,1,0,0,1,0
Malta,MLT,1995,0.840825,0,1.0986122886681096,0.779,4.477336814478207,NA,0,1,0,0,1,0
Malta,MLT,1996,0.840825,0,1.0986122886681096,0.786,4.48863636973214,NA,0,1,0,0,1,0
Malta,MLT,1997,0.840825,0,1.0986122886681096,0.788,4.499809670330265,NA,0,1,0,0,1,0
Malta,MLT,1998,0.840825,0,1.0986122886681096,0.788,4.51085950651685,NA,0,1,0,0,1,0
Malta,MLT,1999,0.840825,0,1.0986122886681096,0.788,4.5217885770490405,NA,0,1,0,0,1,0
Malta,MLT,2000,0.840825,0,1.0986122886681096,0.788,4.532599493153256,NA,0,1,0,0,1,0
Malta,MLT,2001,0.840825,0,1.0986122886681096,0.788,4.543294782270004,NA,0,1,0,0,1,0
Malta,MLT,2002,0.840825,0,1.0986122886681096,0.788,4.553876891600541,NA,0,1,0,0,1,0
Malta,MLT,2003,0.840825,0,1.0986122886681096,0.787,4.564348191467836,NA,0,1,0,0,1,0
Malta,MLT,2004,0.840825,0,1.0986122886681096,0.786,4.574710978503383,NA,0,1,0,0,1,0
Malta,MLT,2005,0.840825,0,1.0986122886681096,0.786,4.584967478670572,NA,0,1,0,0,1,0
Malta,MLT,2006,0.840825,0,1.0986122886681096,0.786,4.59511985013459,NA,0,1,0,0,1,0
Malta,MLT,2007,0.840825,0,1.0986122886681096,0.784,4.605170185988092,NA,0,1,0,0,1,0
Malta,MLT,2008,0.840825,0,1.0986122886681096,0.807,4.61512051684126,NA,0,1,0,0,1,0
Malta,MLT,2009,0.840825,0,1.0986122886681096,0.821,4.624972813284271,NA,0,1,0,0,1,0
Malta,MLT,2010,0.840825,0,1.0986122886681096,0.821,4.634728988229636,NA,0,1,0,0,1,0
Malta,MLT,2011,0.840825,0,1.0986122886681096,0.821,4.6443908991413725,NA,0,1,0,0,1,0
Malta,MLT,2012,0.840825,0,1.0986122886681096,0.821,4.653960350157523,NA,0,1,0,0,1,0
Malta,MLT,2013,0.803625,0,1.0986122886681096,0.791,4.663439094112067,NA,0,1,0,0,1,0
Malta,MLT,2014,0.796325,0,1.0986122886681096,0.775,4.672828834461906,NA,0,1,0,0,1,0
Malta,MLT,2015,0.790525,0,1.0986122886681096,0.775,4.68213122712422,NA,0,1,0,0,1,0
Malta,MLT,2016,0.7673,0,1.0986122886681096,0.775,4.6913478822291435,NA,0,1,0,0,1,0
Malta,MLT,2017,0.7673,0,1.0986122886681096,0.767,4.700480365792417,NA,0,1,0,0,1,0
Malta,MLT,2018,0.7673,0,1.0986122886681096,0.761,4.709530201312334,NA,0,1,0,0,1,0
Malta,MLT,2019,0.7593,0,1.0986122886681096,0.771,4.718498871295094,NA,0,1,0,0,1,0
Malta,MLT,2020,0.7736,0,1.0986122886681096,0.771,4.727387818712341,NA,0,1,0,0,1,0
Malta,MLT,2021,0.7834,0,1.0986122886681096,0.777,4.736198448394496,NA,0,1,0,0,1,0
Malta,MLT,2022,0.7834,0,1.0986122886681096,0.777,4.74493212836325,NA,0,1,0,0,1,0
Malta,MLT,2023,0.784,0,1.0986122886681096,0.778,4.7535901911063645,NA,0,1,0,0,1,0
Malta,MLT,2024,0.784,0,1.0986122886681096,0.785,4.762173934797756,NA,0,1,0,0,1,0
Mauritius,MUS,1940,0.6085,0,0,0.156,0,NA,1,0,0,0,1,0
Mauritius,MUS,1941,0.6085,0,0,0.156,0,NA,1,0,0,0,1,0
Mauritius,MUS,1942,0.6085,0,0,0.156,0,NA,1,0,0,0,1,0
Mauritius,MUS,1943,0.62415,0,0,0.158,0,NA,1,0,0,0,1,0
Mauritius,MUS,1944,0.62415,0,0,0.162,0,NA,1,0,0,0,1,0
Mauritius,MUS,1945,0.62415,0,0,0.162,0,NA,1,0,0,0,1,0
Mauritius,MUS,1946,0.62415,0,0,0.163,0,NA,1,0,0,0,1,0
Mauritius,MUS,1947,0.62415,0,0,0.163,0,NA,1,0,0,0,1,0
Mauritius,MUS,1948,0.65035,0,0,0.223,0,NA,1,0,0,0,1,0
Mauritius,MUS,1949,0.731925,0,0,0.314,0,NA,1,0,0,0,1,0
Mauritius,MUS,1950,0.737325,0,0,0.314,0,NA,1,0,0,0,1,0
Mauritius,MUS,1951,0.737325,0,0,0.314,0,NA,1,0,0,0,1,0
Mauritius,MUS,1952,0.737325,0,0,0.314,0,NA,1,0,0,0,1,0
Mauritius,MUS,1953,0.737325,0,0,0.314,0,NA,1,0,0,0,1,0
Mauritius,MUS,1954,0.7518,0,0,0.314,0,NA,1,0,0,0,1,0
Mauritius,MUS,1955,0.7518,0,0,0.314,0,NA,1,0,0,0,1,0
Mauritius,MUS,1956,0.7518,0,0,0.314,0,NA,1,0,0,0,1,0
Mauritius,MUS,1957,0.7518,0,0,0.319,0,NA,1,0,0,0,1,0
Mauritius,MUS,1958,0.7518,0,0,0.322,0,NA,1,0,0,0,1,0
Mauritius,MUS,1959,0.777,0,0,0.355,0,NA,1,0,0,0,1,0
Mauritius,MUS,1960,0.7744,0,0,0.354,0,NA,1,0,0,0,1,0
Mauritius,MUS,1961,0.7744,0,0,0.354,0,NA,1,0,0,0,1,0
Mauritius,MUS,1962,0.7744,0,0,0.466,0,NA,1,0,0,0,1,0
Mauritius,MUS,1963,0.7744,0,0,0.469,0,NA,1,0,0,0,1,0
Mauritius,MUS,1964,0.7744,0,0,0.465,0,NA,1,0,0,0,1,0
Mauritius,MUS,1965,0.7744,0,0,0.465,0,NA,1,0,0,0,1,0
Mauritius,MUS,1966,0.7744,0,0,0.465,0,NA,1,0,0,0,1,0
Mauritius,MUS,1967,0.7744,0,0,0.474,0,NA,1,0,0,0,1,0
Mauritius,MUS,1968,0.796775,1,0.6931471805599453,0.632,4.219507705176107,NA,1,0,0,0,1,0
Mauritius,MUS,1969,0.783025,0,0.6931471805599453,0.652,4.23410650459726,NA,1,0,0,0,1,0
Mauritius,MUS,1970,0.7392,0,0.6931471805599453,0.651,4.248495242049359,NA,1,0,0,0,1,0
Mauritius,MUS,1971,0.7392,0,0.6931471805599453,0.646,4.2626798770413155,NA,1,0,0,0,1,0
Mauritius,MUS,1972,0.7392,0,0.6931471805599453,0.646,4.276666119016055,NA,1,0,0,0,1,0
Mauritius,MUS,1973,0.7392,0,0.6931471805599453,0.64,4.290459441148391,NA,1,0,0,0,1,0
Mauritius,MUS,1974,0.7392,0,0.6931471805599453,0.64,4.304065093204169,NA,1,0,0,0,1,0
Mauritius,MUS,1975,0.7392,0,0.6931471805599453,0.64,4.31748811353631,NA,1,0,0,0,1,0
Mauritius,MUS,1976,0.75485,0,0.6931471805599453,0.659,4.330733340286331,NA,1,0,0,0,1,0
Mauritius,MUS,1977,0.75485,0,0.6931471805599453,0.679,4.343805421853684,NA,1,0,0,0,1,0
Mauritius,MUS,1978,0.75485,0,0.6931471805599453,0.679,4.356708826689592,NA,1,0,0,0,1,0
Mauritius,MUS,1979,0.75485,0,0.6931471805599453,0.681,4.3694478524670215,NA,1,0,0,0,1,0
Mauritius,MUS,1980,0.75485,0,0.6931471805599453,0.687,4.382026634673881,NA,1,0,0,0,1,0
Mauritius,MUS,1981,0.75485,0,0.6931471805599453,0.687,4.394449154672439,NA,1,0,0,0,1,0
Mauritius,MUS,1982,0.75485,0,0.6931471805599453,0.697,4.406719247264253,NA,1,0,0,0,1,0
Mauritius,MUS,1983,0.75485,0,0.6931471805599453,0.702,4.418840607796598,NA,1,0,0,0,1,0
Mauritius,MUS,1984,0.75485,0,0.6931471805599453,0.703,4.430816798843313,NA,1,0,0,0,1,0
Mauritius,MUS,1985,0.76065,0,0.6931471805599453,0.703,4.430816798843313,NA,1,0,0,0,1,0
Mauritius,MUS,1986,0.76065,0,0.6931471805599453,0.71,4.442651256490317,NA,1,0,0,0,1,0
Mauritius,MUS,1987,0.76065,0,0.6931471805599453,0.71,4.454347296253507,NA,1,0,0,0,1,0
Mauritius,MUS,1988,0.76065,0,0.6931471805599453,0.71,4.465908118654584,NA,1,0,0,0,1,0
Mauritius,MUS,1989,0.76065,0,0.6931471805599453,0.71,4.477336814478207,NA,1,0,0,0,1,0
Mauritius,MUS,1990,0.76665,0,0.6931471805599453,0.717,4.48863636973214,NA,1,0,0,0,1,0
Mauritius,MUS,1991,0.76665,0,0.6931471805599453,0.718,4.499809670330265,NA,1,0,0,0,1,0
Mauritius,MUS,1992,0.76665,0,0.6931471805599453,0.719,4.51085950651685,NA,1,0,0,0,1,0
Mauritius,MUS,1993,0.76665,0,0.6931471805599453,0.729,4.5217885770490405,NA,1,0,0,0,1,0
Mauritius,MUS,1994,0.76665,0,0.6931471805599453,0.729,4.532599493153256,NA,1,0,0,0,1,0
Mauritius,MUS,1995,0.76665,0,0.6931471805599453,0.729,4.543294782270004,NA,1,0,0,0,1,0
Mauritius,MUS,1996,0.76665,0,0.6931471805599453,0.729,4.553876891600541,NA,1,0,0,0,1,0
Mauritius,MUS,1997,0.76665,0,0.6931471805599453,0.729,4.564348191467836,NA,1,0,0,0,1,0
Mauritius,MUS,1998,0.76665,0,0.6931471805599453,0.729,4.574710978503383,NA,1,0,0,0,1,0
Mauritius,MUS,1999,0.76845,0,0.6931471805599453,0.729,4.584967478670572,NA,1,0,0,0,1,0
Mauritius,MUS,2000,0.77245,0,0.6931471805599453,0.736,4.59511985013459,NA,1,0,0,0,1,0
Mauritius,MUS,2001,0.77245,0,0.6931471805599453,0.734,4.605170185988092,NA,1,0,0,0,1,0
Mauritius,MUS,2002,0.77245,0,0.6931471805599453,0.736,4.61512051684126,NA,1,0,0,0,1,0
Mauritius,MUS,2003,0.77245,0,0.6931471805599453,0.736,4.624972813284271,NA,1,0,0,0,1,0
Mauritius,MUS,2004,0.77245,0,0.6931471805599453,0.736,4.634728988229636,NA,1,0,0,0,1,0
Mauritius,MUS,2005,0.77245,0,0.6931471805599453,0.737,4.6443908991413725,NA,1,0,0,0,1,0
Mauritius,MUS,2006,0.77245,0,0.6931471805599453,0.739,4.653960350157523,NA,1,0,0,0,1,0
Mauritius,MUS,2007,0.77245,0,0.6931471805599453,0.739,4.663439094112067,NA,1,0,0,0,1,0
Mauritius,MUS,2008,0.77245,0,0.6931471805599453,0.739,4.672828834461906,NA,1,0,0,0,1,0
Mauritius,MUS,2009,0.77245,0,0.6931471805599453,0.739,4.68213122712422,NA,1,0,0,0,1,0
Mauritius,MUS,2010,0.79885,0,0.6931471805599453,0.75,4.6913478822291435,NA,1,0,0,0,1,0
Mauritius,MUS,2011,0.79865,0,0.6931471805599453,0.749,4.700480365792417,NA,1,0,0,0,1,0
Mauritius,MUS,2012,0.79865,0,0.6931471805599453,0.749,4.709530201312334,NA,1,0,0,0,1,0
Mauritius,MUS,2013,0.76775,0,0.6931471805599453,0.739,4.718498871295094,NA,1,0,0,0,1,0
Mauritius,MUS,2014,0.733075,0,0.6931471805599453,0.73,4.718498871295094,NA,1,0,0,0,1,0
Mauritius,MUS,2015,0.7177,0,0.6931471805599453,0.737,4.727387818712341,NA,1,0,0,0,1,0
Mauritius,MUS,2016,0.7177,0,0.6931471805599453,0.734,4.736198448394496,NA,1,0,0,0,1,0
Mauritius,MUS,2017,0.70035,0,0.6931471805599453,0.733,4.74493212836325,NA,1,0,0,0,1,0
Mauritius,MUS,2018,0.69755,0,0.6931471805599453,0.739,4.7535901911063645,NA,1,0,0,0,1,0
Mauritius,MUS,2019,0.69755,0,0.6931471805599453,0.697,4.762173934797756,NA,1,0,0,0,1,0
Mauritius,MUS,2020,0.624425,0,0.6931471805599453,0.555,4.770684624465665,NA,1,0,0,0,1,0
Mauritius,MUS,2021,0.60825,0,0.6931471805599453,0.536,4.77912349311153,NA,1,0,0,0,1,0
Mauritius,MUS,2022,0.582875,0,0,0.498,0,NA,1,0,0,0,1,0
Mauritius,MUS,2023,0.59775,0,0,0.47,0,NA,1,0,0,0,1,0
Mauritius,MUS,2024,0.635025,0,0,0.492,0,NA,1,0,0,0,1,0
Montenegro,MNE,1998,0.64155,0,0,0.347,NA,NA,1,0,0,0,0,0
Montenegro,MNE,1999,0.64155,0,0,0.423,NA,NA,1,0,0,0,0,0
Montenegro,MNE,2000,0.64155,0,0,0.423,NA,NA,1,0,0,0,0,0
Montenegro,MNE,2001,0.62855,0,0,0.446,NA,NA,1,0,0,0,0,0
Montenegro,MNE,2002,0.62855,0,0,0.47,NA,NA,1,0,0,0,0,0
Montenegro,MNE,2003,0.62855,0,0,0.484,NA,NA,1,0,0,0,0,0
Montenegro,MNE,2004,0.62855,0,0,0.498,NA,NA,1,0,0,0,0,0
Montenegro,MNE,2005,0.62855,1,NA,0.5,NA,NA,1,0,0,0,0,0
Montenegro,MNE,2006,0.63555,0,0,0.496,NA,NA,1,0,0,0,0,0
Montenegro,MNE,2007,0.67275,0,0,0.481,NA,NA,1,0,0,0,0,0
Montenegro,MNE,2008,0.6795,0,0,0.492,NA,NA,1,0,0,0,0,0
Montenegro,MNE,2009,0.685975,0,0,0.495,NA,NA,1,0,0,0,0,0
Montenegro,MNE,2010,0.685975,0,0,0.498,NA,NA,1,0,0,0,0,0
Montenegro,MNE,2011,0.691825,0,0,0.498,NA,NA,1,0,0,0,0,0
Montenegro,MNE,2012,0.691825,1,NA,0.502,NA,NA,1,0,0,0,0,0
Montenegro,MNE,2013,0.694875,0,0,0.476,NA,NA,1,0,0,0,0,0
Montenegro,MNE,2014,0.694875,0,0,0.466,NA,NA,1,0,0,0,0,0
Montenegro,MNE,2015,0.694875,0,0,0.466,NA,NA,1,0,0,0,0,0
Montenegro,MNE,2016,0.694875,0,0,0.464,NA,NA,1,0,0,0,0,0
Montenegro,MNE,2017,0.689675,0,0,0.454,NA,NA,1,0,0,0,0,0
Montenegro,MNE,2018,0.6852,0,0,0.463,NA,NA,1,0,0,0,0,0
Montenegro,MNE,2019,0.69335,0,0,0.461,NA,NA,1,0,0,0,0,0
Montenegro,MNE,2020,0.69895,0,0,0.479,NA,NA,1,0,0,0,0,0
Montenegro,MNE,2021,0.719025,1,NA,0.519,NA,NA,1,0,0,0,0,0
Montenegro,MNE,2022,0.709575,0,NA,0.515,NA,NA,1,0,0,0,0,0
Montenegro,MNE,2023,0.72255,0,NA,0.587,NA,NA,1,0,0,0,0,0
Montenegro,MNE,2024,0.71275,0,NA,0.615,NA,NA,1,0,0,0,0,0
New Zealand,NZL,1940,0.9099,0,NA,0.769,NA,NA,0,1,0,0,0,1
New Zealand,NZL,1941,0.9099,0,NA,0.769,NA,NA,0,1,0,0,0,1
New Zealand,NZL,1942,0.9099,0,NA,0.769,NA,NA,0,1,0,0,0,1
New Zealand,NZL,1943,0.9099,0,NA,0.769,NA,NA,0,1,0,0,0,1
New Zealand,NZL,1944,0.9099,0,NA,0.769,NA,NA,0,1,0,0,0,1
New Zealand,NZL,1945,0.9099,0,NA,0.769,NA,NA,0,1,0,0,0,1
New Zealand,NZL,1946,0.9099,0,NA,0.792,NA,NA,0,1,0,0,0,1
New Zealand,NZL,1947,0.9099,0,NA,0.794,NA,NA,0,1,0,0,0,1
New Zealand,NZL,1948,0.9099,0,NA,0.794,NA,NA,0,1,0,0,0,1
New Zealand,NZL,1949,0.9099,0,NA,0.795,NA,NA,0,1,0,0,0,1
New Zealand,NZL,1950,0.9099,0,NA,0.798,NA,NA,0,1,0,0,0,1
New Zealand,NZL,1951,0.9099,0,NA,0.766,NA,NA,0,1,0,0,0,1
New Zealand,NZL,1952,0.9099,0,NA,0.785,NA,NA,0,1,0,0,0,1
New Zealand,NZL,1953,0.9099,0,NA,0.785,NA,NA,0,1,0,0,0,1
New Zealand,NZL,1954,0.9099,0,NA,0.79,NA,NA,0,1,0,0,0,1
New Zealand,NZL,1955,0.9099,0,NA,0.803,NA,NA,0,1,0,0,0,1
New Zealand,NZL,1956,0.9099,0,NA,0.803,NA,NA,0,1,0,0,0,1
New Zealand,NZL,1957,0.9099,0,NA,0.803,NA,NA,0,1,0,0,0,1
New Zealand,NZL,1958,0.9099,0,NA,0.809,NA,NA,0,1,0,0,0,1
New Zealand,NZL,1959,0.9099,0,NA,0.809,NA,NA,0,1,0,0,0,1
New Zealand,NZL,1960,0.9105,0,NA,0.825,NA,NA,0,1,0,0,0,1
New Zealand,NZL,1961,0.9105,0,NA,0.823,NA,NA,0,1,0,0,0,1
New Zealand,NZL,1962,0.9105,0,NA,0.823,NA,NA,0,1,0,0,0,1
New Zealand,NZL,1963,0.9105,0,NA,0.829,NA,NA,0,1,0,0,0,1
New Zealand,NZL,1964,0.9105,0,NA,0.833,NA,NA,0,1,0,0,0,1
New Zealand,NZL,1965,0.9105,0,NA,0.833,NA,NA,0,1,0,0,0,1
New Zealand,NZL,1966,0.9105,0,NA,0.833,NA,NA,0,1,0,0,0,1
New Zealand,NZL,1967,0.9105,0,NA,0.831,NA,NA,0,1,0,0,0,1
New Zealand,NZL,1968,0.9105,0,NA,0.831,NA,NA,0,1,0,0,0,1
New Zealand,NZL,1969,0.9105,0,NA,0.831,NA,NA,0,1,0,0,0,1
New Zealand,NZL,1970,0.9105,0,NA,0.847,NA,NA,0,1,0,0,0,1
New Zealand,NZL,1971,0.9105,0,NA,0.847,NA,NA,0,1,0,0,0,1
New Zealand,NZL,1972,0.9105,0,NA,0.847,NA,NA,0,1,0,0,0,1
New Zealand,NZL,1973,0.9105,0,NA,0.846,NA,NA,0,1,0,0,0,1
New Zealand,NZL,1974,0.9105,0,NA,0.851,NA,NA,0,1,0,0,0,1
New Zealand,NZL,1975,0.9105,0,NA,0.851,NA,NA,0,1,0,0,0,1
New Zealand,NZL,1976,0.9105,0,NA,0.852,NA,NA,0,1,0,0,0,1
New Zealand,NZL,1977,0.9105,0,NA,0.848,NA,NA,0,1,0,0,0,1
New Zealand,NZL,1978,0.9105,0,NA,0.851,NA,NA,0,1,0,0,0,1
New Zealand,NZL,1979,0.9105,0,NA,0.845,NA,NA,0,1,0,0,0,1
New Zealand,NZL,1980,0.9235,0,NA,0.847,NA,NA,0,1,0,0,0,1
New Zealand,NZL,1981,0.9235,0,NA,0.846,NA,NA,0,1,0,0,0,1
New Zealand,NZL,1982,0.9235,0,NA,0.852,NA,NA,0,1,0,0,0,1
New Zealand,NZL,1983,0.9235,0,NA,0.856,NA,NA,0,1,0,0,0,1
New Zealand,NZL,1984,0.9235,0,NA,0.863,NA,NA,0,1,0,0,0,1
New Zealand,NZL,1985,0.9237,0,NA,0.862,NA,NA,0,1,0,0,0,1
New Zealand,NZL,1986,0.9245,0,NA,0.862,NA,NA,0,1,0,0,0,1
New Zealand,NZL,1987,0.9245,0,NA,0.865,NA,NA,0,1,0,0,0,1
New Zealand,NZL,1988,0.9245,0,NA,0.869,NA,NA,0,1,0,0,0,1
New Zealand,NZL,1989,0.9245,0,NA,0.869,NA,NA,0,1,0,0,0,1
New Zealand,NZL,1990,0.9245,0,NA,0.872,NA,NA,0,1,0,0,0,1
New Zealand,NZL,1991,0.9245,0,NA,0.873,NA,NA,0,1,0,0,0,1
New Zealand,NZL,1992,0.9245,0,NA,0.873,NA,NA,0,1,0,0,0,1
New Zealand,NZL,1993,0.9245,0,NA,0.876,NA,NA,0,1,0,0,0,1
New Zealand,NZL,1994,0.9245,0,NA,0.875,NA,NA,0,1,0,0,0,1
New Zealand,NZL,1995,0.9245,0,NA,0.875,NA,NA,0,1,0,0,0,1
New Zealand,NZL,1996,0.9245,0,NA,0.877,NA,NA,0,1,0,0,0,1
New Zealand,NZL,1997,0.9245,0,NA,0.882,NA,NA,0,1,0,0,0,1
New Zealand,NZL,1998,0.9245,0,NA,0.882,NA,NA,0,1,0,0,0,1
New Zealand,NZL,1999,0.9245,0,NA,0.882,NA,NA,0,1,0,0,0,1
New Zealand,NZL,2000,0.9245,0,NA,0.881,NA,NA,0,1,0,0,0,1
New Zealand,NZL,2001,0.9245,0,NA,0.881,NA,NA,0,1,0,0,0,1
New Zealand,NZL,2002,0.9245,0,NA,0.881,NA,NA,0,1,0,0,0,1
New Zealand,NZL,2003,0.9245,0,NA,0.881,NA,NA,0,1,0,0,0,1
New Zealand,NZL,2004,0.9245,0,NA,0.881,NA,NA,0,1,0,0,0,1
New Zealand,NZL,2005,0.9245,0,NA,0.881,NA,NA,0,1,0,0,0,1
New Zealand,NZL,2006,0.9245,0,NA,0.881,NA,NA,0,1,0,0,0,1
New Zealand,NZL,2007,0.9245,0,NA,0.881,NA,NA,0,1,0,0,0,1
New Zealand,NZL,2008,0.9245,0,NA,0.883,NA,NA,0,1,0,0,0,1
New Zealand,NZL,2009,0.9245,0,NA,0.895,NA,NA,0,1,0,0,0,1
New Zealand,NZL,2010,0.9245,0,NA,0.896,NA,NA,0,1,0,0,0,1
New Zealand,NZL,2011,0.9245,0,NA,0.893,NA,NA,0,1,0,0,0,1
New Zealand,NZL,2012,0.9245,0,NA,0.893,NA,NA,0,1,0,0,0,1
New Zealand,NZL,2013,0.9245,0,NA,0.887,NA,NA,0,1,0,0,0,1
New Zealand,NZL,2014,0.9245,0,NA,0.886,NA,NA,0,1,0,0,0,1
New Zealand,NZL,2015,0.9245,0,NA,0.887,NA,NA,0,1,0,0,0,1
New Zealand,NZL,2016,0.9245,0,NA,0.887,NA,NA,0,1,0,0,0,1
New Zealand,NZL,2017,0.9245,0,NA,0.884,NA,NA,0,1,0,0,0,1
New Zealand,NZL,2018,0.9189,0,NA,0.888,NA,NA,0,1,0,0,0,1
New Zealand,NZL,2019,0.9235,0,NA,0.886,NA,NA,0,1,0,0,0,1
New Zealand,NZL,2020,0.9235,0,NA,0.883,NA,NA,0,1,0,0,0,1
New Zealand,NZL,2021,0.88825,0,NA,0.874,NA,NA,0,1,0,0,0,1
New Zealand,NZL,2022,0.902575,0,NA,0.878,NA,NA,0,1,0,0,0,1
New Zealand,NZL,2023,0.913925,0,NA,0.878,NA,NA,0,1,0,0,0,1
New Zealand,NZL,2024,0.914125,0,NA,0.863,NA,NA,0,1,0,0,0,1
Norway,NOR,1940,0.633775,0,0,0.297,NA,NA,0,1,0,0,0,0
Norway,NOR,1941,0.634175,0,0,0.245,NA,NA,0,1,0,0,0,0
Norway,NOR,1942,0.634175,0,0,0.111,NA,NA,0,1,0,0,0,0
Norway,NOR,1943,0.634175,0,0,0.1,NA,NA,0,1,0,0,0,0
Norway,NOR,1944,0.634175,0,0,0.1,NA,NA,0,1,0,0,0,0
Norway,NOR,1945,0.665175,0,0,0.267,NA,NA,0,1,0,0,0,0
Norway,NOR,1946,0.8763,1,NA,0.777,NA,NA,0,1,0,0,0,0
Norway,NOR,1947,0.8763,0,NA,0.777,NA,NA,0,1,0,0,0,0
Norway,NOR,1948,0.8763,0,NA,0.781,NA,NA,0,1,0,0,0,0
Norway,NOR,1949,0.8763,0,NA,0.781,NA,NA,0,1,0,0,0,0
Norway,NOR,1950,0.8769,0,NA,0.781,NA,NA,0,1,0,0,0,0
Norway,NOR,1951,0.8769,0,NA,0.781,NA,NA,0,1,0,0,0,0
Norway,NOR,1952,0.8769,0,NA,0.781,NA,NA,0,1,0,0,0,0
Norway,NOR,1953,0.8813,0,NA,0.781,NA,NA,0,1,0,0,0,0
Norway,NOR,1954,0.8837,0,NA,0.797,NA,NA,0,1,0,0,0,0
Norway,NOR,1955,0.8837,0,NA,0.799,NA,NA,0,1,0,0,0,0
Norway,NOR,1956,0.895425,0,NA,0.8,NA,NA,0,1,0,0,0,0
Norway,NOR,1957,0.943525,0,NA,0.807,NA,NA,0,1,0,0,0,0
Norway,NOR,1958,0.943525,0,NA,0.816,NA,NA,0,1,0,0,0,0
Norway,NOR,1959,0.943525,0,NA,0.816,NA,NA,0,1,0,0,0,0
Norway,NOR,1960,0.943525,0,NA,0.831,NA,NA,0,1,0,0,0,0
Norway,NOR,1961,0.943525,0,NA,0.83,NA,NA,0,1,0,0,0,0
Norway,NOR,1962,0.943525,0,NA,0.829,NA,NA,0,1,0,0,0,0
Norway,NOR,1963,0.943525,0,NA,0.829,NA,NA,0,1,0,0,0,0
Norway,NOR,1964,0.956925,0,NA,0.829,NA,NA,0,1,0,0,0,0
Norway,NOR,1965,0.956925,0,NA,0.83,NA,NA,0,1,0,0,0,0
Norway,NOR,1966,0.956925,0,NA,0.833,NA,NA,0,1,0,0,0,0
Norway,NOR,1967,0.956925,0,NA,0.833,NA,NA,0,1,0,0,0,0
Norway,NOR,1968,0.956925,0,NA,0.833,NA,NA,0,1,0,0,0,0
Norway,NOR,1969,0.956925,0,NA,0.832,NA,NA,0,1,0,0,0,0
Norway,NOR,1970,0.960125,0,NA,0.844,NA,NA,0,1,0,0,0,0
Norway,NOR,1971,0.960125,0,NA,0.844,NA,NA,0,1,0,0,0,0
Norway,NOR,1972,0.960125,0,NA,0.844,NA,NA,0,1,0,0,0,0
Norway,NOR,1973,0.960125,0,NA,0.844,NA,NA,0,1,0,0,0,0
Norway,NOR,1974,0.960125,0,NA,0.844,NA,NA,0,1,0,0,0,0
Norway,NOR,1975,0.960125,0,NA,0.844,NA,NA,0,1,0,0,0,0
Norway,NOR,1976,0.960125,0,NA,0.844,NA,NA,0,1,0,0,0,0
Norway,NOR,1977,0.960125,0,NA,0.845,NA,NA,0,1,0,0,0,0
Norway,NOR,1978,0.960125,0,NA,0.846,NA,NA,0,1,0,0,0,0
Norway,NOR,1979,0.960125,0,NA,0.846,NA,NA,0,1,0,0,0,0
Norway,NOR,1980,0.960125,0,NA,0.864,NA,NA,0,1,0,0,0,0
Norway,NOR,1981,0.960125,0,NA,0.864,NA,NA,0,1,0,0,0,0
Norway,NOR,1982,0.960125,0,NA,0.866,NA,NA,0,1,0,0,0,0
Norway,NOR,1983,0.960125,0,NA,0.866,NA,NA,0,1,0,0,0,0
Norway,NOR,1984,0.960125,0,NA,0.866,NA,NA,0,1,0,0,0,0
Norway,NOR,1985,0.960125,0,NA,0.865,NA,NA,0,1,0,0,0,0
Norway,NOR,1986,0.960125,0,NA,0.864,NA,NA,0,1,0,0,0,0
Norway,NOR,1987,0.960125,0,NA,0.864,NA,NA,0,1,0,0,0,0
Norway,NOR,1988,0.960125,0,NA,0.864,NA,NA,0,1,0,0,0,0
Norway,NOR,1989,0.960125,0,NA,0.864,NA,NA,0,1,0,0,0,0
Norway,NOR,1990,0.960125,0,NA,0.881,NA,NA,0,1,0,0,0,0
Norway,NOR,1991,0.960125,0,NA,0.881,NA,NA,0,1,0,0,0,0
Norway,NOR,1992,0.960125,0,NA,0.881,NA,NA,0,1,0,0,0,0
Norway,NOR,1993,0.960125,0,NA,0.882,NA,NA,0,1,0,0,0,0
Norway,NOR,1994,0.960125,0,NA,0.883,NA,NA,0,1,0,0,0,0
Norway,NOR,1995,0.960125,0,NA,0.883,NA,NA,0,1,0,0,0,0
Norway,NOR,1996,0.960125,0,NA,0.883,NA,NA,0,1,0,0,0,0
Norway,NOR,1997,0.960125,0,NA,0.882,NA,NA,0,1,0,0,0,0
Norway,NOR,1998,0.960125,0,NA,0.879,NA,NA,0,1,0,0,0,0
Norway,NOR,1999,0.960125,0,NA,0.879,NA,NA,0,1,0,0,0,0
Norway,NOR,2000,0.960125,0,NA,0.888,NA,NA,0,1,0,0,0,0
Norway,NOR,2001,0.960125,0,NA,0.889,NA,NA,0,1,0,0,0,0
Norway,NOR,2002,0.960125,0,NA,0.89,NA,NA,0,1,0,0,0,0
Norway,NOR,2003,0.960125,0,NA,0.89,NA,NA,0,1,0,0,0,0
Norway,NOR,2004,0.960125,0,NA,0.89,NA,NA,0,1,0,0,0,0
Norway,NOR,2005,0.960125,0,NA,0.893,NA,NA,0,1,0,0,0,0
Norway,NOR,2006,0.960125,0,NA,0.897,NA,NA,0,1,0,0,0,0
Norway,NOR,2007,0.960125,0,NA,0.897,NA,NA,0,1,0,0,0,0
Norway,NOR,2008,0.960125,0,NA,0.897,NA,NA,0,1,0,0,0,0
Norway,NOR,2009,0.960125,0,NA,0.898,NA,NA,0,1,0,0,0,0
Norway,NOR,2010,0.960125,0,NA,0.902,NA,NA,0,1,0,0,0,0
Norway,NOR,2011,0.960125,0,NA,0.902,NA,NA,0,1,0,0,0,0
Norway,NOR,2012,0.960125,0,NA,0.902,NA,NA,0,1,0,0,0,0
Norway,NOR,2013,0.960125,0,NA,0.89,NA,NA,0,1,0,0,0,0
Norway,NOR,2014,0.958525,0,NA,0.89,NA,NA,0,1,0,0,0,0
Norway,NOR,2015,0.958525,0,NA,0.896,NA,NA,0,1,0,0,0,0
Norway,NOR,2016,0.958525,0,NA,0.896,NA,NA,0,1,0,0,0,0
Norway,NOR,2017,0.958125,0,NA,0.895,NA,NA,0,1,0,0,0,0
Norway,NOR,2018,0.941825,0,NA,0.882,NA,NA,0,1,0,0,0,0
Norway,NOR,2019,0.936225,0,NA,0.892,NA,NA,0,1,0,0,0,0
Norway,NOR,2020,0.886275,0,NA,0.883,NA,NA,0,1,0,0,0,0
Norway,NOR,2021,0.886275,0,NA,0.887,NA,NA,0,1,0,0,0,0
Norway,NOR,2022,0.885675,0,NA,0.886,NA,NA,0,1,0,0,0,0
Norway,NOR,2023,0.885675,0,NA,0.884,NA,NA,0,1,0,0,0,0
Norway,NOR,2024,0.906475,0,NA,0.884,NA,NA,0,1,0,0,0,0
Oman,OMN,1940,0.33415,0,0,0.009,NA,NA,1,0,0,0,1,0
Oman,OMN,1941,0.33415,0,0,0.009,NA,NA,1,0,0,0,1,0
Oman,OMN,1942,0.33415,0,0,0.009,NA,NA,1,0,0,0,1,0
Oman,OMN,1943,0.33415,0,0,0.009,NA,NA,1,0,0,0,1,0
Oman,OMN,1944,0.33415,0,0,0.009,NA,NA,1,0,0,0,1,0
Oman,OMN,1945,0.33415,0,0,0.009,NA,NA,1,0,0,0,1,0
Oman,OMN,1946,0.33415,0,0,0.009,NA,NA,1,0,0,0,1,0
Oman,OMN,1947,0.33175,0,0,0.009,NA,NA,1,0,0,0,1,0
Oman,OMN,1948,0.32465,0,0,0.008,NA,NA,1,0,0,0,1,0
Oman,OMN,1949,0.32785,0,0,0.008,NA,NA,1,0,0,0,1,0
Oman,OMN,1950,0.32785,0,0,0.008,NA,NA,1,0,0,0,1,0
Oman,OMN,1951,0.32785,0,0,0.008,NA,NA,1,0,0,0,1,0
Oman,OMN,1952,0.32785,0,0,0.008,NA,NA,1,0,0,0,1,0
Oman,OMN,1953,0.32785,0,0,0.008,NA,NA,1,0,0,0,1,0
Oman,OMN,1954,0.32785,0,0,0.007,NA,NA,1,0,0,0,1,0
Oman,OMN,1955,0.32785,0,0,0.007,NA,NA,1,0,0,0,1,0
Oman,OMN,1956,0.32785,0,0,0.007,NA,NA,1,0,0,0,1,0
Oman,OMN,1957,0.32785,0,0,0.007,NA,NA,1,0,0,0,1,0
Oman,OMN,1958,0.32785,0,0,0.007,NA,NA,1,0,0,0,1,0
Oman,OMN,1959,0.32785,0,0,0.007,NA,NA,1,0,0,0,1,0
Oman,OMN,1960,0.32945,0,0,0.007,NA,NA,1,0,0,0,1,0
Oman,OMN,1961,0.32945,0,0,0.007,NA,NA,1,0,0,0,1,0
Oman,OMN,1962,0.32945,0,0,0.007,NA,NA,1,0,0,0,1,0
Oman,OMN,1963,0.32945,0,0,0.007,NA,NA,1,0,0,0,1,0
Oman,OMN,1964,0.32945,0,0,0.007,NA,NA,1,0,0,0,1,0
Oman,OMN,1965,0.32545,0,0,0.007,NA,NA,1,0,0,0,1,0
Oman,OMN,1966,0.32545,0,0,0.007,NA,NA,1,0,0,0,1,0
Oman,OMN,1967,0.32545,0,0,0.007,NA,NA,1,0,0,0,1,0
Oman,OMN,1968,0.32545,0,0,0.007,NA,NA,1,0,0,0,1,0
Oman,OMN,1969,0.32545,0,0,0.007,NA,NA,1,0,0,0,1,0
Oman,OMN,1970,0.482825,0,0,0.013,NA,NA,1,0,0,0,1,0
Oman,OMN,1971,0.507625,0,0,0.013,NA,NA,1,0,0,0,1,0
Oman,OMN,1972,0.508825,0,0,0.013,NA,NA,1,0,0,0,1,0
Oman,OMN,1973,0.508825,0,0,0.014,NA,NA,1,0,0,0,1,0
Oman,OMN,1974,0.528975,0,0,0.013,NA,NA,1,0,0,0,1,0
Oman,OMN,1975,0.528975,0,0,0.013,NA,NA,1,0,0,0,1,0
Oman,OMN,1976,0.5546,0,0,0.013,NA,NA,1,0,0,0,1,0
Oman,OMN,1977,0.5604,0,0,0.015,NA,NA,1,0,0,0,1,0
Oman,OMN,1978,0.56,0,0,0.015,NA,NA,1,0,0,0,1,0
Oman,OMN,1979,0.56,0,0,0.015,NA,NA,1,0,0,0,1,0
Oman,OMN,1980,0.56665,0,0,0.015,NA,NA,1,0,0,0,1,0
Oman,OMN,1981,0.56665,0,0,0.015,NA,NA,1,0,0,0,1,0
Oman,OMN,1982,0.56665,0,0,0.015,NA,NA,1,0,0,0,1,0
Oman,OMN,1983,0.56385,0,0,0.015,NA,NA,1,0,0,0,1,0
Oman,OMN,1984,0.56385,0,0,0.015,NA,NA,1,0,0,0,1,0
Oman,OMN,1985,0.56385,0,0,0.015,NA,NA,1,0,0,0,1,0
Oman,OMN,1986,0.57695,0,0,0.015,NA,NA,1,0,0,0,1,0
Oman,OMN,1987,0.57695,0,0,0.015,NA,NA,1,0,0,0,1,0
Oman,OMN,1988,0.57695,0,0,0.015,NA,NA,1,0,0,0,1,0
Oman,OMN,1989,0.57695,0,0,0.015,NA,NA,1,0,0,0,1,0
Oman,OMN,1990,0.57695,0,0,0.015,NA,NA,1,0,0,0,1,0
Oman,OMN,1991,0.57915,0,0,0.015,NA,NA,1,0,0,0,1,0
Oman,OMN,1992,0.57915,0,0,0.015,NA,NA,1,0,0,0,1,0
Oman,OMN,1993,0.57915,0,0,0.015,NA,NA,1,0,0,0,1,0
Oman,OMN,1994,0.57915,0,0,0.015,NA,NA,1,0,0,0,1,0
Oman,OMN,1995,0.57995,0,0,0.015,NA,NA,1,0,0,0,1,0
Oman,OMN,1996,0.58635,0,0,0.015,NA,NA,1,0,0,0,1,0
Oman,OMN,1997,0.588925,0,0,0.015,NA,NA,1,0,0,0,1,0
Oman,OMN,1998,0.588925,0,0,0.017,NA,NA,1,0,0,0,1,0
Oman,OMN,1999,0.605525,0,0,0.017,NA,NA,1,0,0,0,1,0
Oman,OMN,2000,0.615325,0,0,0.051,NA,NA,1,0,0,0,1,0
Oman,OMN,2001,0.617525,0,0,0.101,NA,NA,1,0,0,0,1,0
Oman,OMN,2002,0.617525,0,0,0.148,NA,NA,1,0,0,0,1,0
Oman,OMN,2003,0.615125,0,0,0.152,NA,NA,1,0,0,0,1,0
Oman,OMN,2004,0.615125,0,0,0.159,NA,NA,1,0,0,0,1,0
Oman,OMN,2005,0.615125,0,0,0.159,NA,NA,1,0,0,0,1,0
Oman,OMN,2006,0.616525,0,0,0.159,NA,NA,1,0,0,0,1,0
Oman,OMN,2007,0.62125,0,0,0.159,NA,NA,1,0,0,0,1,0
Oman,OMN,2008,0.62125,0,0,0.157,NA,NA,1,0,0,0,1,0
Oman,OMN,2009,0.62345,0,0,0.157,NA,NA,1,0,0,0,1,0
Oman,OMN,2010,0.621075,0,0,0.157,NA,NA,1,0,0,0,1,0
Oman,OMN,2011,0.63675,0,0,0.167,NA,NA,1,0,0,0,1,0
Oman,OMN,2012,0.63675,0,0,0.172,NA,NA,1,0,0,0,1,0
Oman,OMN,2013,0.63675,0,0,0.172,NA,NA,1,0,0,0,1,0
Oman,OMN,2014,0.642075,0,0,0.172,NA,NA,1,0,0,0,1,0
Oman,OMN,2015,0.642075,0,0,0.172,NA,NA,1,0,0,0,1,0
Oman,OMN,2016,0.642075,0,0,0.175,NA,NA,1,0,0,0,1,0
Oman,OMN,2017,0.613975,0,0,0.174,NA,NA,1,0,0,0,1,0
Oman,OMN,2018,0.613975,0,0,0.174,NA,NA,1,0,0,0,1,0
Oman,OMN,2019,0.614175,0,0,0.175,NA,NA,1,0,0,0,1,0
Oman,OMN,2020,0.614475,0,0,0.173,NA,NA,1,0,0,0,1,0
Oman,OMN,2021,0.611275,0,0,0.173,NA,NA,1,0,0,0,1,0
Oman,OMN,2022,0.608075,0,0,0.17,NA,NA,1,0,0,0,1,0
Oman,OMN,2023,0.608075,0,0,0.17,NA,NA,1,0,0,0,1,0
Oman,OMN,2024,0.608075,0,0,0.174,NA,NA,1,0,0,0,1,0
Paraguay,PRY,1940,0.1558,0,0,0.113,NA,NA,1,0,1,0,0,0
Paraguay,PRY,1941,0.138375,0,0,0.103,NA,NA,1,0,1,0,0,0
Paraguay,PRY,1942,0.138375,0,0,0.103,NA,NA,1,0,1,0,0,0
Paraguay,PRY,1943,0.138375,0,0,0.12,NA,NA,1,0,1,0,0,0
Paraguay,PRY,1944,0.138375,0,0,0.14,NA,NA,1,0,1,0,0,0
Paraguay,PRY,1945,0.138375,0,0,0.14,NA,NA,1,0,1,0,0,0
Paraguay,PRY,1946,0.138375,0,0,0.145,NA,NA,1,0,1,0,0,0
Paraguay,PRY,1947,0.129975,0,0,0.129,NA,NA,1,0,1,0,0,0
Paraguay,PRY,1948,0.130775,0,0,0.145,NA,NA,1,0,1,0,0,0
Paraguay,PRY,1949,0.122175,0,0,0.153,NA,NA,1,0,1,0,0,0
Paraguay,PRY,1950,0.122175,0,0,0.153,NA,NA,1,0,1,0,0,0
Paraguay,PRY,1951,0.122175,0,0,0.153,NA,NA,1,0,1,0,0,0
Paraguay,PRY,1952,0.122175,0,0,0.153,NA,NA,1,0,1,0,0,0
Paraguay,PRY,1953,0.122175,0,0,0.152,NA,NA,1,0,1,0,0,0
Paraguay,PRY,1954,0.11445,0,0,0.127,NA,NA,1,0,1,0,0,0
Paraguay,PRY,1955,0.128525,0,0,0.118,NA,NA,1,0,1,0,0,0
Paraguay,PRY,1956,0.128525,0,0,0.118,NA,NA,1,0,1,0,0,0
Paraguay,PRY,1957,0.128525,0,0,0.118,NA,NA,1,0,1,0,0,0
Paraguay,PRY,1958,0.128525,0,0,0.117,NA,NA,1,0,1,0,0,0
Paraguay,PRY,1959,0.128525,0,0,0.095,NA,NA,1,0,1,0,0,0
Paraguay,PRY,1960,0.125125,0,0,0.084,NA,NA,1,0,1,0,0,0
Paraguay,PRY,1961,0.125125,0,0,0.116,NA,NA,1,0,1,0,0,0
Paraguay,PRY,1962,0.125125,0,0,0.149,NA,NA,1,0,1,0,0,0
Paraguay,PRY,1963,0.125125,0,0,0.156,NA,NA,1,0,1,0,0,0
Paraguay,PRY,1964,0.125125,0,0,0.159,NA,NA,1,0,1,0,0,0
Paraguay,PRY,1965,0.125125,0,0,0.159,NA,NA,1,0,1,0,0,0
Paraguay,PRY,1966,0.125325,0,0,0.159,NA,NA,1,0,1,0,0,0
Paraguay,PRY,1967,0.125325,0,0,0.159,NA,NA,1,0,1,0,0,0
Paraguay,PRY,1968,0.119125,0,0,0.159,NA,NA,1,0,1,0,0,0
Paraguay,PRY,1969,0.119125,0,0,0.16,NA,NA,1,0,1,0,0,0
Paraguay,PRY,1970,0.119125,0,0,0.16,NA,NA,1,0,1,0,0,0
Paraguay,PRY,1971,0.119125,0,0,0.16,NA,NA,1,0,1,0,0,0
Paraguay,PRY,1972,0.119125,0,0,0.16,NA,NA,1,0,1,0,0,0
Paraguay,PRY,1973,0.119125,0,0,0.16,NA,NA,1,0,1,0,0,0
Paraguay,PRY,1974,0.119125,0,0,0.16,NA,NA,1,0,1,0,0,0
Paraguay,PRY,1975,0.119125,0,0,0.16,NA,NA,1,0,1,0,0,0
Paraguay,PRY,1976,0.119125,0,0,0.16,NA,NA,1,0,1,0,0,0
Paraguay,PRY,1977,0.119125,0,0,0.159,NA,NA,1,0,1,0,0,0
Paraguay,PRY,1978,0.119125,0,0,0.16,NA,NA,1,0,1,0,0,0
Paraguay,PRY,1979,0.119125,0,0,0.16,NA,NA,1,0,1,0,0,0
Paraguay,PRY,1980,0.123325,0,0,0.163,NA,NA,1,0,1,0,0,0
Paraguay,PRY,1981,0.123325,0,0,0.163,NA,NA,1,0,1,0,0,0
Paraguay,PRY,1982,0.123325,0,0,0.163,NA,NA,1,0,1,0,0,0
Paraguay,PRY,1983,0.123125,0,0,0.163,NA,NA,1,0,1,0,0,0
Paraguay,PRY,1984,0.123125,0,0,0.163,NA,NA,1,0,1,0,0,0
Paraguay,PRY,1985,0.123125,0,0,0.164,NA,NA,1,0,1,0,0,0
Paraguay,PRY,1986,0.123925,0,0,0.164,NA,NA,1,0,1,0,0,0
Paraguay,PRY,1987,0.124125,0,0,0.166,NA,NA,1,0,1,0,0,0
Paraguay,PRY,1988,0.124125,0,0,0.168,NA,NA,1,0,1,0,0,0
Paraguay,PRY,1989,0.130125,0,0,0.19,NA,NA,1,0,1,0,0,0
Paraguay,PRY,1990,0.303675,0,0,0.387,NA,NA,1,0,1,0,0,0
Paraguay,PRY,1991,0.303675,0,0,0.401,NA,NA,1,0,1,0,0,0
Paraguay,PRY,1992,0.382275,0,0,0.479,NA,NA,1,0,1,0,0,0
Paraguay,PRY,1993,0.395475,1,0.6931471805599453,0.511,NA,NA,1,0,1,0,0,0
Paraguay,PRY,1994,0.395475,0,0.6931471805599453,0.519,NA,NA,1,0,1,0,0,0
Paraguay,PRY,1995,0.395475,0,0.6931471805599453,0.519,NA,NA,1,0,1,0,0,0
Paraguay,PRY,1996,0.395475,0,0.6931471805599453,0.526,NA,NA,1,0,1,0,0,0
Paraguay,PRY,1997,0.395475,0,0.6931471805599453,0.531,NA,NA,1,0,1,0,0,0
Paraguay,PRY,1998,0.395475,0,0.6931471805599453,0.534,NA,NA,1,0,1,0,0,0
Paraguay,PRY,1999,0.394875,0,0.6931471805599453,0.536,NA,NA,1,0,1,0,0,0
Paraguay,PRY,2000,0.422675,0,0.6931471805599453,0.54,NA,NA,1,0,1,0,0,0
Paraguay,PRY,2001,0.422675,0,0.6931471805599453,0.54,NA,NA,1,0,1,0,0,0
Paraguay,PRY,2002,0.422675,0,0.6931471805599453,0.54,NA,NA,1,0,1,0,0,0
Paraguay,PRY,2003,0.457675,0,0.6931471805599453,0.566,NA,NA,1,0,1,0,0,0
Paraguay,PRY,2004,0.460475,0,0.6931471805599453,0.594,NA,NA,1,0,1,0,0,0
Paraguay,PRY,2005,0.460475,0,0.6931471805599453,0.594,NA,NA,1,0,1,0,0,0
Paraguay,PRY,2006,0.461875,0,0.6931471805599453,0.594,NA,NA,1,0,1,0,0,0
Paraguay,PRY,2007,0.465875,0,0.6931471805599453,0.594,NA,NA,1,0,1,0,0,0
Paraguay,PRY,2008,0.513175,0,0.6931471805599453,0.62,NA,NA,1,0,1,0,0,0
Paraguay,PRY,2009,0.513175,0,0.6931471805599453,0.636,NA,NA,1,0,1,0,0,0
Paraguay,PRY,2010,0.513175,0,0.6931471805599453,0.64,NA,NA,1,0,1,0,0,0
Paraguay,PRY,2011,0.513175,0,0.6931471805599453,0.633,NA,NA,1,0,1,0,0,0
Paraguay,PRY,2012,0.482375,0,0.6931471805599453,0.609,NA,NA,1,0,1,0,0,0
Paraguay,PRY,2013,0.45665,0,0.6931471805599453,0.589,NA,NA,1,0,1,0,0,0
Paraguay,PRY,2014,0.48055,0,0.6931471805599453,0.595,NA,NA,1,0,1,0,0,0
Paraguay,PRY,2015,0.47695,0,0.6931471805599453,0.591,NA,NA,1,0,1,0,0,0
Paraguay,PRY,2016,0.47595,0,0.6931471805599453,0.591,NA,NA,1,0,1,0,0,0
Paraguay,PRY,2017,0.4466,0,0.6931471805599453,0.594,NA,NA,1,0,1,0,0,0
Paraguay,PRY,2018,0.4808,0,0.6931471805599453,0.584,NA,NA,1,0,1,0,0,0
Paraguay,PRY,2019,0.4888,0,0.6931471805599453,0.584,NA,NA,1,0,1,0,0,0
Paraguay,PRY,2020,0.5074,0,0.6931471805599453,0.582,NA,NA,1,0,1,0,0,0
Paraguay,PRY,2021,0.4926,0,0.6931471805599453,0.582,NA,NA,1,0,1,0,0,0
Paraguay,PRY,2022,0.4916,0,0.6931471805599453,0.582,NA,NA,1,0,1,0,0,0
Paraguay,PRY,2023,0.4898,0,0.6931471805599453,0.575,NA,NA,1,0,1,0,0,0
Paraguay,PRY,2024,0.467275,0,0.6931471805599453,0.579,NA,NA,1,0,1,0,0,0
Romania,ROU,1940,0.445125,0,0,0.114,NA,NA,1,0,0,0,0,0
Romania,ROU,1941,0.445125,0,0,0.114,NA,NA,1,0,0,0,0,0
Romania,ROU,1942,0.45755,0,0,0.114,NA,NA,1,0,0,0,0,0
Romania,ROU,1943,0.46945,0,0,0.114,NA,NA,1,0,0,0,0,0
Romania,ROU,1944,0.456225,0,0,0.107,NA,NA,1,0,0,0,0,0
Romania,ROU,1945,0.4551,0,0,0.136,NA,NA,1,0,0,0,0,0
Romania,ROU,1946,0.3688,0,0,0.133,NA,NA,1,0,0,0,0,0
Romania,ROU,1947,0.3342,0,0,0.146,NA,NA,1,0,0,0,0,0
Romania,ROU,1948,0.27915,0,0,0.136,NA,NA,1,0,0,0,0,0
Romania,ROU,1949,0.265175,0,0,0.136,NA,NA,1,0,0,0,0,0
Romania,ROU,1950,0.266175,0,0,0.136,NA,NA,1,0,0,0,0,0
Romania,ROU,1951,0.266175,0,0,0.136,NA,NA,1,0,0,0,0,0
Romania,ROU,1952,0.266175,0,0,0.137,NA,NA,1,0,0,0,0,0
Romania,ROU,1953,0.266175,0,0,0.152,NA,NA,1,0,0,0,0,0
Romania,ROU,1954,0.266175,0,0,0.152,NA,NA,1,0,0,0,0,0
Romania,ROU,1955,0.266175,0,0,0.152,NA,NA,1,0,0,0,0,0
Romania,ROU,1956,0.266175,0,0,0.152,NA,NA,1,0,0,0,0,0
Romania,ROU,1957,0.266175,0,0,0.156,NA,NA,1,0,0,0,0,0
Romania,ROU,1958,0.266175,0,0,0.157,NA,NA,1,0,0,0,0,0
Romania,ROU,1959,0.266175,0,0,0.157,NA,NA,1,0,0,0,0,0
Romania,ROU,1960,0.29495,0,0,0.157,NA,NA,1,0,0,0,0,0
Romania,ROU,1961,0.29495,0,0,0.187,NA,NA,1,0,0,0,0,0
Romania,ROU,1962,0.29495,0,0,0.187,NA,NA,1,0,0,0,0,0
Romania,ROU,1963,0.30235,0,0,0.187,NA,NA,1,0,0,0,0,0
Romania,ROU,1964,0.30235,0,0,0.187,NA,NA,1,0,0,0,0,0
Romania,ROU,1965,0.30235,0,0,0.188,NA,NA,1,0,0,0,0,0
Romania,ROU,1966,0.2985,0,0,0.186,NA,NA,1,0,0,0,0,0
Romania,ROU,1967,0.2985,0,0,0.187,NA,NA,1,0,0,0,0,0
Romania,ROU,1968,0.2985,0,0,0.187,NA,NA,1,0,0,0,0,0
Romania,ROU,1969,0.2985,0,0,0.188,NA,NA,1,0,0,0,0,0
Romania,ROU,1970,0.2985,0,0,0.188,NA,NA,1,0,0,0,0,0
Romania,ROU,1971,0.28635,0,0,0.188,NA,NA,1,0,0,0,0,0
Romania,ROU,1972,0.28635,0,0,0.188,NA,NA,1,0,0,0,0,0
Romania,ROU,1973,0.28635,0,0,0.188,NA,NA,1,0,0,0,0,0
Romania,ROU,1974,0.27415,0,0,0.188,NA,NA,1,0,0,0,0,0
Romania,ROU,1975,0.27415,0,0,0.188,NA,NA,1,0,0,0,0,0
Romania,ROU,1976,0.27415,0,0,0.188,NA,NA,1,0,0,0,0,0
Romania,ROU,1977,0.27415,0,0,0.188,NA,NA,1,0,0,0,0,0
Romania,ROU,1978,0.27415,0,0,0.188,NA,NA,1,0,0,0,0,0
Romania,ROU,1979,0.27415,0,0,0.188,NA,NA,1,0,0,0,0,0
Romania,ROU,1980,0.27415,0,0,0.187,NA,NA,1,0,0,0,0,0
Romania,ROU,1981,0.27415,0,0,0.187,NA,NA,1,0,0,0,0,0
Romania,ROU,1982,0.27415,0,0,0.187,NA,NA,1,0,0,0,0,0
Romania,ROU,1983,0.27415,0,0,0.187,NA,NA,1,0,0,0,0,0
Romania,ROU,1984,0.27415,0,0,0.187,NA,NA,1,0,0,0,0,0
Romania,ROU,1985,0.27415,0,0,0.187,NA,NA,1,0,0,0,0,0
Romania,ROU,1986,0.27415,0,0,0.187,NA,NA,1,0,0,0,0,0
Romania,ROU,1987,0.27415,0,0,0.187,NA,NA,1,0,0,0,0,0
Romania,ROU,1988,0.27415,0,0,0.187,NA,NA,1,0,0,0,0,0
Romania,ROU,1989,0.25195,0,0,0.187,NA,NA,1,0,0,0,0,0
Romania,ROU,1990,0.47575,1,NA,0.518,NA,NA,1,0,0,0,0,0
Romania,ROU,1991,0.48175,0,NA,0.538,NA,NA,1,0,0,0,0,0
Romania,ROU,1992,0.48715,0,NA,0.552,NA,NA,1,0,0,0,0,0
Romania,ROU,1993,0.48775,0,NA,0.563,NA,NA,1,0,0,0,0,0
Romania,ROU,1994,0.48775,0,NA,0.563,NA,NA,1,0,0,0,0,0
Romania,ROU,1995,0.48775,0,NA,0.563,NA,NA,1,0,0,0,0,0
Romania,ROU,1996,0.511425,0,NA,0.575,NA,NA,1,0,0,0,0,0
Romania,ROU,1997,0.511425,0,NA,0.611,NA,NA,1,0,0,0,0,0
Romania,ROU,1998,0.511425,0,NA,0.611,NA,NA,1,0,0,0,0,0
Romania,ROU,1999,0.510025,0,NA,0.611,NA,NA,1,0,0,0,0,0
Romania,ROU,2000,0.48345,0,NA,0.605,NA,NA,1,0,0,0,0,0
Romania,ROU,2001,0.49945,0,NA,0.586,NA,NA,1,0,0,0,0,0
Romania,ROU,2002,0.50005,0,NA,0.586,NA,NA,1,0,0,0,0,0
Romania,ROU,2003,0.50645,0,NA,0.607,NA,NA,1,0,0,0,0,0
Romania,ROU,2004,0.51865000000000006,0,NA,0.591,NA,NA,1,0,0,0,0,0
Romania,ROU,2005,0.52865,0,NA,0.607,NA,NA,1,0,0,0,0,0
Romania,ROU,2006,0.54005,0,NA,0.614,NA,NA,1,0,0,0,0,0
Romania,ROU,2007,0.55865,0,NA,0.615,NA,NA,1,0,0,0,0,0
Romania,ROU,2008,0.56165,0,NA,0.625,NA,NA,1,0,0,0,0,0
Romania,ROU,2009,0.56825,0,NA,0.669,NA,NA,1,0,0,0,0,0
Romania,ROU,2010,0.58595,0,NA,0.681,NA,NA,1,0,0,0,0,0
Romania,ROU,2011,0.58595,0,NA,0.683,NA,NA,1,0,0,0,0,0
Romania,ROU,2012,0.5827,0,NA,0.674,NA,NA,1,0,0,0,0,0
Romania,ROU,2013,0.626275,0,NA,0.667,NA,NA,1,0,0,0,0,0
Romania,ROU,2014,0.655375,0,NA,0.672,NA,NA,1,0,0,0,0,0
Romania,ROU,2015,0.676725,0,NA,0.716,NA,NA,1,0,0,0,0,0
Romania,ROU,2016,0.704975,0,NA,0.728,NA,NA,1,0,0,0,0,0
Romania,ROU,2017,0.584125,0,NA,0.691,NA,NA,1,0,0,0,0,0
Romania,ROU,2018,0.559325,0,NA,0.689,NA,NA,1,0,0,0,0,0
Romania,ROU,2019,0.615325,0,NA,0.748,NA,NA,1,0,0,0,0,0
Romania,ROU,2020,0.663725,0,NA,0.799,NA,NA,1,0,0,0,0,0
Romania,ROU,2021,0.705325,0,NA,0.765,NA,NA,1,0,0,0,0,0
Romania,ROU,2022,0.6928,0,NA,0.689,NA,NA,1,0,0,0,0,0
Romania,ROU,2023,0.6583,0,NA,0.674,NA,NA,1,0,0,0,0,0
Romania,ROU,2024,0.618,0,NA,0.629,NA,NA,1,0,0,0,0,0
Sao Tome and Principe,STP,1940,0.497,0,0,0.028,0,NA,1,0,0,0,1,0
Sao Tome and Principe,STP,1941,0.497,0,0,0.028,0,NA,1,0,0,0,1,0
Sao Tome and Principe,STP,1942,0.497,0,0,0.028,0,NA,1,0,0,0,1,0
Sao Tome and Principe,STP,1943,0.497,0,0,0.028,0,NA,1,0,0,0,1,0
Sao Tome and Principe,STP,1944,0.497,0,0,0.028,0,NA,1,0,0,0,1,0
Sao Tome and Principe,STP,1945,0.497,0,0,0.028,0,NA,1,0,0,0,1,0
Sao Tome and Principe,STP,1946,0.497,0,0,0.028,0,NA,1,0,0,0,1,0
Sao Tome and Principe,STP,1947,0.497,0,0,0.028,0,NA,1,0,0,0,1,0
Sao Tome and Principe,STP,1948,0.497,0,0,0.028,0,NA,1,0,0,0,1,0
Sao Tome and Principe,STP,1949,0.497,0,0,0.028,0,NA,1,0,0,0,1,0
Sao Tome and Principe,STP,1950,0.497,0,0,0.028,0,NA,1,0,0,0,1,0
Sao Tome and Principe,STP,1951,0.497,0,0,0.028,0,NA,1,0,0,0,1,0
Sao Tome and Principe,STP,1952,0.497,0,0,0.028,0,NA,1,0,0,0,1,0
Sao Tome and Principe,STP,1953,0.497,0,0,0.027,0,NA,1,0,0,0,1,0
Sao Tome and Principe,STP,1954,0.497,0,0,0.028,0,NA,1,0,0,0,1,0
Sao Tome and Principe,STP,1955,0.497,0,0,0.028,0,NA,1,0,0,0,1,0
Sao Tome and Principe,STP,1956,0.497,0,0,0.028,0,NA,1,0,0,0,1,0
Sao Tome and Principe,STP,1957,0.497,0,0,0.028,0,NA,1,0,0,0,1,0
Sao Tome and Principe,STP,1958,0.497,0,0,0.028,0,NA,1,0,0,0,1,0
Sao Tome and Principe,STP,1959,0.497,0,0,0.028,0,NA,1,0,0,0,1,0
Sao Tome and Principe,STP,1960,0.497,0,0,0.028,0,NA,1,0,0,0,1,0
Sao Tome and Principe,STP,1961,0.497,0,0,0.028,0,NA,1,0,0,0,1,0
Sao Tome and Principe,STP,1962,0.497,0,0,0.028,0,NA,1,0,0,0,1,0
Sao Tome and Principe,STP,1963,0.497,0,0,0.028,0,NA,1,0,0,0,1,0
Sao Tome and Principe,STP,1964,0.497,0,0,0.028,0,NA,1,0,0,0,1,0
Sao Tome and Principe,STP,1965,0.497,0,0,0.028,0,NA,1,0,0,0,1,0
Sao Tome and Principe,STP,1966,0.497,0,0,0.028,0,NA,1,0,0,0,1,0
Sao Tome and Principe,STP,1967,0.497,0,0,0.028,0,NA,1,0,0,0,1,0
Sao Tome and Principe,STP,1968,0.497,0,0,0.028,0,NA,1,0,0,0,1,0
Sao Tome and Principe,STP,1969,0.497,0,0,0.028,0,NA,1,0,0,0,1,0
Sao Tome and Principe,STP,1970,0.497,0,0,0.028,0,NA,1,0,0,0,1,0
Sao Tome and Principe,STP,1971,0.497,0,0,0.028,0,NA,1,0,0,0,1,0
Sao Tome and Principe,STP,1972,0.497,0,0,0.041,0,NA,1,0,0,0,1,0
Sao Tome and Principe,STP,1973,0.497,0,0,0.041,0,NA,1,0,0,0,1,0
Sao Tome and Principe,STP,1974,0.497,0,0,0.042,0,NA,1,0,0,0,1,0
Sao Tome and Principe,STP,1975,0.604225,0,0,0.154,0,NA,1,0,0,0,1,0
Sao Tome and Principe,STP,1976,0.631125,0,0,0.157,0,NA,1,0,0,0,1,0
Sao Tome and Principe,STP,1977,0.631125,0,0,0.157,0,NA,1,0,0,0,1,0
Sao Tome and Principe,STP,1978,0.631125,0,0,0.157,0,NA,1,0,0,0,1,0
Sao Tome and Principe,STP,1979,0.631125,0,0,0.157,0,NA,1,0,0,0,1,0
Sao Tome and Principe,STP,1980,0.631125,0,0,0.157,0,NA,1,0,0,0,1,0
Sao Tome and Principe,STP,1981,0.631125,0,0,0.157,0,NA,1,0,0,0,1,0
Sao Tome and Principe,STP,1982,0.631125,0,0,0.157,0,NA,1,0,0,0,1,0
Sao Tome and Principe,STP,1983,0.631125,0,0,0.157,0,NA,1,0,0,0,1,0
Sao Tome and Principe,STP,1984,0.631125,0,0,0.157,0,NA,1,0,0,0,1,0
Sao Tome and Principe,STP,1985,0.631125,0,0,0.157,0,NA,1,0,0,0,1,0
Sao Tome and Principe,STP,1986,0.631125,0,0,0.157,0,NA,1,0,0,0,1,0
Sao Tome and Principe,STP,1987,0.631125,0,0,0.188,0,NA,1,0,0,0,1,0
Sao Tome and Principe,STP,1988,0.631125,0,0,0.188,0,NA,1,0,0,0,1,0
Sao Tome and Principe,STP,1989,0.631125,0,0,0.188,0,NA,1,0,0,0,1,0
Sao Tome and Principe,STP,1990,0.697225,0,0,0.234,0,NA,1,0,0,0,1,0
Sao Tome and Principe,STP,1991,0.718025,1,0.6931471805599453,0.55,4.5217885770490405,NA,1,0,0,0,1,0
Sao Tome and Principe,STP,1992,0.718025,0,0.6931471805599453,0.642,4.532599493153256,NA,1,0,0,0,1,0
Sao Tome and Principe,STP,1993,0.728275,0,0.6931471805599453,0.648,4.543294782270004,NA,1,0,0,0,1,0
Sao Tome and Principe,STP,1994,0.728275,0,0.6931471805599453,0.648,4.553876891600541,NA,1,0,0,0,1,0
Sao Tome and Principe,STP,1995,0.728275,0,0.6931471805599453,0.646,4.564348191467836,NA,1,0,0,0,1,0
Sao Tome and Principe,STP,1996,0.728275,0,0.6931471805599453,0.642,4.574710978503383,NA,1,0,0,0,1,0
Sao Tome and Principe,STP,1997,0.728275,0,0.6931471805599453,0.641,4.584967478670572,NA,1,0,0,0,1,0
Sao Tome and Principe,STP,1998,0.728275,0,0.6931471805599453,0.642,4.59511985013459,NA,1,0,0,0,1,0
Sao Tome and Principe,STP,1999,0.729075,0,0.6931471805599453,0.647,4.605170185988092,NA,1,0,0,0,1,0
Sao Tome and Principe,STP,2000,0.678475,0,0.6931471805599453,0.647,4.61512051684126,NA,1,0,0,0,1,0
Sao Tome and Principe,STP,2001,0.678475,0,0.6931471805599453,0.657,4.624972813284271,NA,1,0,0,0,1,0
Sao Tome and Principe,STP,2002,0.678475,0,0.6931471805599453,0.661,4.634728988229636,NA,1,0,0,0,1,0
Sao Tome and Principe,STP,2003,0.678475,0,0.6931471805599453,0.66,4.6443908991413725,NA,1,0,0,0,1,0
Sao Tome and Principe,STP,2004,0.678475,0,0.6931471805599453,0.665,4.653960350157523,NA,1,0,0,0,1,0
Sao Tome and Principe,STP,2005,0.6955,0,0.6931471805599453,0.663,4.663439094112067,NA,1,0,0,0,1,0
Sao Tome and Principe,STP,2006,0.6955,0,0.6931471805599453,0.657,4.672828834461906,NA,1,0,0,0,1,0
Sao Tome and Principe,STP,2007,0.6955,0,0.6931471805599453,0.656,4.68213122712422,NA,1,0,0,0,1,0
Sao Tome and Principe,STP,2008,0.6955,0,0.6931471805599453,0.656,4.6913478822291435,NA,1,0,0,0,1,0
Sao Tome and Principe,STP,2009,0.6955,0,0.6931471805599453,0.656,4.700480365792417,NA,1,0,0,0,1,0
Sao Tome and Principe,STP,2010,0.6979,0,0.6931471805599453,0.677,4.709530201312334,NA,1,0,0,0,1,0
Sao Tome and Principe,STP,2011,0.6979,0,0.6931471805599453,0.686,4.718498871295094,NA,1,0,0,0,1,0
Sao Tome and Principe,STP,2012,0.6967,0,0.6931471805599453,0.682,4.727387818712341,NA,1,0,0,0,1,0
Sao Tome and Principe,STP,2013,0.7061,0,0.6931471805599453,0.681,4.736198448394496,NA,1,0,0,0,1,0
Sao Tome and Principe,STP,2014,0.7075,0,0.6931471805599453,0.683,4.74493212836325,NA,1,0,0,0,1,0
Sao Tome and Principe,STP,2015,0.7075,0,0.6931471805599453,0.692,4.7535901911063645,NA,1,0,0,0,1,0
Sao Tome and Principe,STP,2016,0.7075,0,0.6931471805599453,0.684,4.762173934797756,NA,1,0,0,0,1,0
Sao Tome and Principe,STP,2017,0.7047,0,0.6931471805599453,0.668,4.770684624465665,NA,1,0,0,0,1,0
Sao Tome and Principe,STP,2018,0.6993,0,0.6931471805599453,0.67,4.77912349311153,NA,1,0,0,0,1,0
Sao Tome and Principe,STP,2019,0.7071,0,0.6931471805599453,0.7,4.787491742782046,NA,1,0,0,0,1,0
Sao Tome and Principe,STP,2020,0.70365,0,0.6931471805599453,0.692,4.795790545596741,NA,1,0,0,0,1,0
Sao Tome and Principe,STP,2021,0.70365,0,0.6931471805599453,0.683,4.804021044733257,NA,1,0,0,0,1,0
Sao Tome and Principe,STP,2022,0.70305,0,0.6931471805599453,0.676,4.812184355372417,NA,1,0,0,0,1,0
Sao Tome and Principe,STP,2023,0.70805,0,0.6931471805599453,0.673,4.820281565605037,NA,1,0,0,0,1,0
Sao Tome and Principe,STP,2024,0.70805,0,0.6931471805599453,0.673,4.8283137373023015,NA,1,0,0,0,1,0
Saudi Arabia,SAU,1940,0.341375,0,0,0.008,NA,NA,1,0,0,0,1,0
Saudi Arabia,SAU,1941,0.341375,0,0,0.008,NA,NA,1,0,0,0,1,0
Saudi Arabia,SAU,1942,0.341375,0,0,0.008,NA,NA,1,0,0,0,1,0
Saudi Arabia,SAU,1943,0.341375,0,0,0.008,NA,NA,1,0,0,0,1,0
Saudi Arabia,SAU,1944,0.341375,0,0,0.008,NA,NA,1,0,0,0,1,0
Saudi Arabia,SAU,1945,0.341375,0,0,0.008,NA,NA,1,0,0,0,1,0
Saudi Arabia,SAU,1946,0.341375,0,0,0.008,NA,NA,1,0,0,0,1,0
Saudi Arabia,SAU,1947,0.341375,0,0,0.008,NA,NA,1,0,0,0,1,0
Saudi Arabia,SAU,1948,0.341375,0,0,0.008,NA,NA,1,0,0,0,1,0
Saudi Arabia,SAU,1949,0.341375,0,0,0.008,NA,NA,1,0,0,0,1,0
Saudi Arabia,SAU,1950,0.341375,0,0,0.009,NA,NA,1,0,0,0,1,0
Saudi Arabia,SAU,1951,0.341375,0,0,0.009,NA,NA,1,0,0,0,1,0
Saudi Arabia,SAU,1952,0.333525,0,0,0.009,NA,NA,1,0,0,0,1,0
Saudi Arabia,SAU,1953,0.33555,0,0,0.01,NA,NA,1,0,0,0,1,0
Saudi Arabia,SAU,1954,0.35115,0,0,0.013,NA,NA,1,0,0,0,1,0
Saudi Arabia,SAU,1955,0.35115,0,0,0.013,NA,NA,1,0,0,0,1,0
Saudi Arabia,SAU,1956,0.35115,0,0,0.014,NA,NA,1,0,0,0,1,0
Saudi Arabia,SAU,1957,0.35115,0,0,0.014,NA,NA,1,0,0,0,1,0
Saudi Arabia,SAU,1958,0.35115,0,0,0.014,NA,NA,1,0,0,0,1,0
Saudi Arabia,SAU,1959,0.35115,0,0,0.014,NA,NA,1,0,0,0,1,0
Saudi Arabia,SAU,1960,0.35115,0,0,0.014,NA,NA,1,0,0,0,1,0
Saudi Arabia,SAU,1961,0.35115,0,0,0.014,NA,NA,1,0,0,0,1,0
Saudi Arabia,SAU,1962,0.35455,0,0,0.014,NA,NA,1,0,0,0,1,0
Saudi Arabia,SAU,1963,0.37015,0,0,0.014,NA,NA,1,0,0,0,1,0
Saudi Arabia,SAU,1964,0.37015,0,0,0.014,NA,NA,1,0,0,0,1,0
Saudi Arabia,SAU,1965,0.374225,0,0,0.014,NA,NA,1,0,0,0,1,0
Saudi Arabia,SAU,1966,0.374225,0,0,0.014,NA,NA,1,0,0,0,1,0
Saudi Arabia,SAU,1967,0.374225,0,0,0.014,NA,NA,1,0,0,0,1,0
Saudi Arabia,SAU,1968,0.374225,0,0,0.014,NA,NA,1,0,0,0,1,0
Saudi Arabia,SAU,1969,0.374225,0,0,0.014,NA,NA,1,0,0,0,1,0
Saudi Arabia,SAU,1970,0.374225,0,0,0.014,NA,NA,1,0,0,0,1,0
Saudi Arabia,SAU,1971,0.374225,0,0,0.014,NA,NA,1,0,0,0,1,0
Saudi Arabia,SAU,1972,0.374225,0,0,0.014,NA,NA,1,0,0,0,1,0
Saudi Arabia,SAU,1973,0.370825,0,0,0.014,NA,NA,1,0,0,0,1,0
Saudi Arabia,SAU,1974,0.357625,0,0,0.015,NA,NA,1,0,0,0,1,0
Saudi Arabia,SAU,1975,0.353025,0,0,0.012,NA,NA,1,0,0,0,1,0
Saudi Arabia,SAU,1976,0.355025,0,0,0.012,NA,NA,1,0,0,0,1,0
Saudi Arabia,SAU,1977,0.355025,0,0,0.012,NA,NA,1,0,0,0,1,0
Saudi Arabia,SAU,1978,0.355025,0,0,0.012,NA,NA,1,0,0,0,1,0
Saudi Arabia,SAU,1979,0.356225,0,0,0.014,NA,NA,1,0,0,0,1,0
Saudi Arabia,SAU,1980,0.341125,0,0,0.014,NA,NA,1,0,0,0,1,0
Saudi Arabia,SAU,1981,0.344925,0,0,0.014,NA,NA,1,0,0,0,1,0
Saudi Arabia,SAU,1982,0.344925,0,0,0.014,NA,NA,1,0,0,0,1,0
Saudi Arabia,SAU,1983,0.334125,0,0,0.014,NA,NA,1,0,0,0,1,0
Saudi Arabia,SAU,1984,0.334125,0,0,0.014,NA,NA,1,0,0,0,1,0
Saudi Arabia,SAU,1985,0.334125,0,0,0.014,NA,NA,1,0,0,0,1,0
Saudi Arabia,SAU,1986,0.334125,0,0,0.014,NA,NA,1,0,0,0,1,0
Saudi Arabia,SAU,1987,0.334125,0,0,0.014,NA,NA,1,0,0,0,1,0
Saudi Arabia,SAU,1988,0.334125,0,0,0.014,NA,NA,1,0,0,0,1,0
Saudi Arabia,SAU,1989,0.334125,0,0,0.014,NA,NA,1,0,0,0,1,0
Saudi Arabia,SAU,1990,0.334125,0,0,0.013,NA,NA,1,0,0,0,1,0
Saudi Arabia,SAU,1991,0.33115,0,0,0.014,NA,NA,1,0,0,0,1,0
Saudi Arabia,SAU,1992,0.33115,0,0,0.014,NA,NA,1,0,0,0,1,0
Saudi Arabia,SAU,1993,0.33115,0,0,0.016,NA,NA,1,0,0,0,1,0
Saudi Arabia,SAU,1994,0.33115,0,0,0.016,NA,NA,1,0,0,0,1,0
Saudi Arabia,SAU,1995,0.33115,0,0,0.015,NA,NA,1,0,0,0,1,0
Saudi Arabia,SAU,1996,0.32735,0,0,0.016,NA,NA,1,0,0,0,1,0
Saudi Arabia,SAU,1997,0.32735,0,0,0.016,NA,NA,1,0,0,0,1,0
Saudi Arabia,SAU,1998,0.32735,0,0,0.016,NA,NA,1,0,0,0,1,0
Saudi Arabia,SAU,1999,0.32735,0,0,0.016,NA,NA,1,0,0,0,1,0
Saudi Arabia,SAU,2000,0.332125,0,0,0.018,NA,NA,1,0,0,0,1,0
Saudi Arabia,SAU,2001,0.332125,0,0,0.018,NA,NA,1,0,0,0,1,0
Saudi Arabia,SAU,2002,0.324475,0,0,0.018,NA,NA,1,0,0,0,1,0
Saudi Arabia,SAU,2003,0.324475,0,0,0.018,NA,NA,1,0,0,0,1,0
Saudi Arabia,SAU,2004,0.324475,0,0,0.018,NA,NA,1,0,0,0,1,0
Saudi Arabia,SAU,2005,0.347275,0,0,0.019,NA,NA,1,0,0,0,1,0
Saudi Arabia,SAU,2006,0.347275,0,0,0.019,NA,NA,1,0,0,0,1,0
Saudi Arabia,SAU,2007,0.350275,0,0,0.02,NA,NA,1,0,0,0,1,0
Saudi Arabia,SAU,2008,0.352675,0,0,0.02,NA,NA,1,0,0,0,1,0
Saudi Arabia,SAU,2009,0.352675,0,0,0.02,NA,NA,1,0,0,0,1,0
Saudi Arabia,SAU,2010,0.352475,0,0,0.02,NA,NA,1,0,0,0,1,0
Saudi Arabia,SAU,2011,0.352475,0,0,0.02,NA,NA,1,0,0,0,1,0
Saudi Arabia,SAU,2012,0.352475,0,0,0.02,NA,NA,1,0,0,0,1,0
Saudi Arabia,SAU,2013,0.349675,0,0,0.018,NA,NA,1,0,0,0,1,0
Saudi Arabia,SAU,2014,0.349675,0,0,0.018,NA,NA,1,0,0,0,1,0
Saudi Arabia,SAU,2015,0.349675,0,0,0.016,NA,NA,1,0,0,0,1,0
Saudi Arabia,SAU,2016,0.354075,0,0,0.016,NA,NA,1,0,0,0,1,0
Saudi Arabia,SAU,2017,0.332475,0,0,0.015,NA,NA,1,0,0,0,1,0
Saudi Arabia,SAU,2018,0.336975,0,0,0.016,NA,NA,1,0,0,0,1,0
Saudi Arabia,SAU,2019,0.364925,0,0,0.015,NA,NA,1,0,0,0,1,0
Saudi Arabia,SAU,2020,0.367375,0,0,0.015,NA,NA,1,0,0,0,1,0
Saudi Arabia,SAU,2021,0.370175,0,0,0.015,NA,NA,1,0,0,0,1,0
Saudi Arabia,SAU,2022,0.399175,0,0,0.015,NA,NA,1,0,0,0,1,0
Saudi Arabia,SAU,2023,0.3959,0,0,0.015,NA,NA,1,0,0,0,1,0
Saudi Arabia,SAU,2024,0.3959,0,0,0.015,NA,NA,1,0,0,0,1,0
Serbia,SRB,1940,0.407725,0,0,0.128,NA,NA,1,0,0,0,0,0
Serbia,SRB,1941,0.2789,0,0,0.096,NA,NA,1,0,0,0,0,0
Serbia,SRB,1942,0.2773,0,0,0.055,NA,NA,1,0,0,0,0,0
Serbia,SRB,1943,0.2765,0,0,0.054,NA,NA,1,0,0,0,0,0
Serbia,SRB,1944,0.2729,0,0,0.054,NA,NA,1,0,0,0,0,0
Serbia,SRB,1945,0.357375,0,0,0.049,NA,NA,1,0,0,0,0,0
Serbia,SRB,1946,0.369775,0,0,0.093,NA,NA,1,0,0,0,0,0
Serbia,SRB,1947,0.358375,0,0,0.093,NA,NA,1,0,0,0,0,0
Serbia,SRB,1948,0.358375,0,0,0.091,NA,NA,1,0,0,0,0,0
Serbia,SRB,1949,0.449875,0,0,0.09,NA,NA,1,0,0,0,0,0
Serbia,SRB,1950,0.478725,0,0,0.094,NA,NA,1,0,0,0,0,0
Serbia,SRB,1951,0.49165,0,0,0.094,NA,NA,1,0,0,0,0,0
Serbia,SRB,1952,0.49165,0,0,0.094,NA,NA,1,0,0,0,0,0
Serbia,SRB,1953,0.50205,0,0,0.095,NA,NA,1,0,0,0,0,0
Serbia,SRB,1954,0.50205,0,0,0.094,NA,NA,1,0,0,0,0,0
Serbia,SRB,1955,0.49425,0,0,0.094,NA,NA,1,0,0,0,0,0
Serbia,SRB,1956,0.49425,0,0,0.094,NA,NA,1,0,0,0,0,0
Serbia,SRB,1957,0.49425,0,0,0.094,NA,NA,1,0,0,0,0,0
Serbia,SRB,1958,0.49425,0,0,0.093,NA,NA,1,0,0,0,0,0
Serbia,SRB,1959,0.49005,0,0,0.093,NA,NA,1,0,0,0,0,0
Serbia,SRB,1960,0.49005,0,0,0.093,NA,NA,1,0,0,0,0,0
Serbia,SRB,1961,0.49005,0,0,0.093,NA,NA,1,0,0,0,0,0
Serbia,SRB,1962,0.49005,0,0,0.093,NA,NA,1,0,0,0,0,0
Serbia,SRB,1963,0.51325,0,0,0.094,NA,NA,1,0,0,0,0,0
Serbia,SRB,1964,0.51325,0,0,0.094,NA,NA,1,0,0,0,0,0
Serbia,SRB,1965,0.52865,0,0,0.094,NA,NA,1,0,0,0,0,0
Serbia,SRB,1966,0.52865,0,0,0.094,NA,NA,1,0,0,0,0,0
Serbia,SRB,1967,0.5393,0,0,0.095,NA,NA,1,0,0,0,0,0
Serbia,SRB,1968,0.5393,0,0,0.095,NA,NA,1,0,0,0,0,0
Serbia,SRB,1969,0.5393,0,0,0.095,NA,NA,1,0,0,0,0,0
Serbia,SRB,1970,0.5311,0,0,0.095,NA,NA,1,0,0,0,0,0
Serbia,SRB,1971,0.5311,0,0,0.095,NA,NA,1,0,0,0,0,0
Serbia,SRB,1972,0.5311,0,0,0.095,NA,NA,1,0,0,0,0,0
Serbia,SRB,1973,0.5311,0,0,0.095,NA,NA,1,0,0,0,0,0
Serbia,SRB,1974,0.5327,0,0,0.092,NA,NA,1,0,0,0,0,0
Serbia,SRB,1975,0.5327,0,0,0.095,NA,NA,1,0,0,0,0,0
Serbia,SRB,1976,0.5327,0,0,0.095,NA,NA,1,0,0,0,0,0
Serbia,SRB,1977,0.5327,0,0,0.095,NA,NA,1,0,0,0,0,0
Serbia,SRB,1978,0.5327,0,0,0.095,NA,NA,1,0,0,0,0,0
Serbia,SRB,1979,0.5331,0,0,0.095,NA,NA,1,0,0,0,0,0
Serbia,SRB,1980,0.5323,0,0,0.115,NA,NA,1,0,0,0,0,0
Serbia,SRB,1981,0.551625,0,0,0.137,NA,NA,1,0,0,0,0,0
Serbia,SRB,1982,0.56505,0,0,0.137,NA,NA,1,0,0,0,0,0
Serbia,SRB,1983,0.56505,0,0,0.137,NA,NA,1,0,0,0,0,0
Serbia,SRB,1984,0.56505,0,0,0.137,NA,NA,1,0,0,0,0,0
Serbia,SRB,1985,0.56505,0,0,0.137,NA,NA,1,0,0,0,0,0
Serbia,SRB,1986,0.56505,0,0,0.137,NA,NA,1,0,0,0,0,0
Serbia,SRB,1987,0.56505,0,0,0.138,NA,NA,1,0,0,0,0,0
Serbia,SRB,1988,0.56505,0,0,0.139,NA,NA,1,0,0,0,0,0
Serbia,SRB,1989,0.54205,0,0,0.138,NA,NA,1,0,0,0,0,0
Serbia,SRB,1990,0.460725,0,0,0.204,NA,NA,1,0,0,0,0,0
Serbia,SRB,1991,0.433875,0,0,0.163,NA,NA,1,0,0,0,0,0
Serbia,SRB,1992,0.442475,0,0,0.241,NA,NA,1,0,0,0,0,0
Serbia,SRB,1993,0.445275,0,0,0.293,NA,NA,1,0,0,0,0,0
Serbia,SRB,1994,0.445275,0,0,0.293,NA,NA,1,0,0,0,0,0
Serbia,SRB,1995,0.445275,0,0,0.293,NA,NA,1,0,0,0,0,0
Serbia,SRB,1996,0.445275,0,0,0.298,NA,NA,1,0,0,0,0,0
Serbia,SRB,1997,0.445275,0,0,0.303,NA,NA,1,0,0,0,0,0
Serbia,SRB,1998,0.445275,0,0,0.299,NA,NA,1,0,0,0,0,0
Serbia,SRB,1999,0.445275,0,0,0.3,NA,NA,1,0,0,0,0,0
Serbia,SRB,2000,0.4995,0,0,0.367,NA,NA,1,0,0,0,0,0
Serbia,SRB,2001,0.618025,1,NA,0.589,NA,NA,1,0,0,0,0,0
Serbia,SRB,2002,0.61135,0,NA,0.612,NA,NA,1,0,0,0,0,0
Serbia,SRB,2003,0.60575,0,NA,0.647,NA,NA,1,0,0,0,0,0
Serbia,SRB,2004,0.60495,0,NA,0.634,NA,NA,1,0,0,0,0,0
Serbia,SRB,2005,0.60495,0,NA,0.634,NA,NA,1,0,0,0,0,0
Serbia,SRB,2006,0.625875,0,NA,0.637,NA,NA,1,0,0,0,0,0
Serbia,SRB,2007,0.649325,0,NA,0.632,NA,NA,1,0,0,0,0,0
Serbia,SRB,2008,0.649325,0,NA,0.637,NA,NA,1,0,0,0,0,0
Serbia,SRB,2009,0.649525,0,NA,0.634,NA,NA,1,0,0,0,0,0
Serbia,SRB,2010,0.637525,0,NA,0.612,NA,NA,1,0,0,0,0,0
Serbia,SRB,2011,0.637525,0,NA,0.613,NA,NA,1,0,0,0,0,0
Serbia,SRB,2012,0.636525,0,NA,0.595,NA,NA,1,0,0,0,0,0
Serbia,SRB,2013,0.599375,0,NA,0.504,NA,NA,1,0,0,0,0,0
Serbia,SRB,2014,0.602375,0,0,0.446,NA,NA,1,0,0,0,0,0
Serbia,SRB,2015,0.602975,0,0,0.433,NA,NA,1,0,0,0,0,0
Serbia,SRB,2016,0.586425,0,0,0.415,NA,NA,1,0,0,0,0,0
Serbia,SRB,2017,0.576775,0,0,0.378,NA,NA,1,0,0,0,0,0
Serbia,SRB,2018,0.583975,0,0,0.361,NA,NA,1,0,0,0,0,0
Serbia,SRB,2019,0.606475,0,0,0.363,NA,NA,1,0,0,0,0,0
Serbia,SRB,2020,0.57585,0,0,0.351,NA,NA,1,0,0,0,0,0
Serbia,SRB,2021,0.5979,0,0,0.337,NA,NA,1,0,0,0,0,0
Serbia,SRB,2022,0.6188,0,0,0.359,NA,NA,1,0,0,0,0,0
Serbia,SRB,2023,0.59905,0,0,0.36,NA,NA,1,0,0,0,0,0
Serbia,SRB,2024,0.5841,0,0,0.315,NA,NA,1,0,0,0,0,0
Seychelles,SYC,1940,0.70475,0,0,0.066,0,NA,1,0,0,0,1,0
Seychelles,SYC,1941,0.70475,0,0,0.066,0,NA,1,0,0,0,1,0
Seychelles,SYC,1942,0.70475,0,0,0.066,0,NA,1,0,0,0,1,0
Seychelles,SYC,1943,0.70475,0,0,0.066,0,NA,1,0,0,0,1,0
Seychelles,SYC,1944,0.70475,0,0,0.066,0,NA,1,0,0,0,1,0
Seychelles,SYC,1945,0.70475,0,0,0.066,0,NA,1,0,0,0,1,0
Seychelles,SYC,1946,0.70475,0,0,0.07,0,NA,1,0,0,0,1,0
Seychelles,SYC,1947,0.70475,0,0,0.07,0,NA,1,0,0,0,1,0
Seychelles,SYC,1948,0.70475,0,0,0.09,0,NA,1,0,0,0,1,0
Seychelles,SYC,1949,0.70475,0,0,0.129,0,NA,1,0,0,0,1,0
Seychelles,SYC,1950,0.70475,0,0,0.129,0,NA,1,0,0,0,1,0
Seychelles,SYC,1951,0.70475,0,0,0.124,0,NA,1,0,0,0,1,0
Seychelles,SYC,1952,0.70475,0,0,0.124,0,NA,1,0,0,0,1,0
Seychelles,SYC,1953,0.70475,0,0,0.129,0,NA,1,0,0,0,1,0
Seychelles,SYC,1954,0.70475,0,0,0.129,0,NA,1,0,0,0,1,0
Seychelles,SYC,1955,0.70475,0,0,0.129,0,NA,1,0,0,0,1,0
Seychelles,SYC,1956,0.70475,0,0,0.129,0,NA,1,0,0,0,1,0
Seychelles,SYC,1957,0.70475,0,0,0.128,0,NA,1,0,0,0,1,0
Seychelles,SYC,1958,0.70475,0,0,0.127,0,NA,1,0,0,0,1,0
Seychelles,SYC,1959,0.70475,0,0,0.127,0,NA,1,0,0,0,1,0
Seychelles,SYC,1960,0.70475,0,0,0.128,0,NA,1,0,0,0,1,0
Seychelles,SYC,1961,0.70475,0,0,0.127,0,NA,1,0,0,0,1,0
Seychelles,SYC,1962,0.70475,0,0,0.127,0,NA,1,0,0,0,1,0
Seychelles,SYC,1963,0.70475,0,0,0.131,0,NA,1,0,0,0,1,0
Seychelles,SYC,1964,0.70475,0,0,0.155,0,NA,1,0,0,0,1,0
Seychelles,SYC,1965,0.70475,0,0,0.164,0,NA,1,0,0,0,1,0
Seychelles,SYC,1966,0.70475,0,0,0.165,0,NA,1,0,0,0,1,0
Seychelles,SYC,1967,0.70415,0,0,0.237,0,NA,1,0,0,0,1,0
Seychelles,SYC,1968,0.70415,0,0,0.238,0,NA,1,0,0,0,1,0
Seychelles,SYC,1969,0.70415,0,0,0.238,0,NA,1,0,0,0,1,0
Seychelles,SYC,1970,0.70715,0,0,0.252,0,NA,1,0,0,0,1,0
Seychelles,SYC,1971,0.71135,0,0,0.33,0,NA,1,0,0,0,1,0
Seychelles,SYC,1972,0.71135,0,0,0.312,0,NA,1,0,0,0,1,0
Seychelles,SYC,1973,0.71135,0,0,0.312,0,NA,1,0,0,0,1,0
Seychelles,SYC,1974,0.71135,0,0,0.272,0,NA,1,0,0,0,1,0
Seychelles,SYC,1975,0.71135,0,0,0.266,0,NA,1,0,0,0,1,0
Seychelles,SYC,1976,0.65725,0,0,0.291,0,NA,1,0,0,0,1,0
Seychelles,SYC,1977,0.493975,0,0,0.174,0,NA,1,0,0,0,1,0
Seychelles,SYC,1978,0.504875,0,0,0.1,0,NA,1,0,0,0,1,0
Seychelles,SYC,1979,0.509875,0,0,0.152,0,NA,1,0,0,0,1,0
Seychelles,SYC,1980,0.52955,0,0,0.202,0,NA,1,0,0,0,1,0
Seychelles,SYC,1981,0.52955,0,0,0.203,0,NA,1,0,0,0,1,0
Seychelles,SYC,1982,0.52955,0,0,0.204,0,NA,1,0,0,0,1,0
Seychelles,SYC,1983,0.52955,0,0,0.203,0,NA,1,0,0,0,1,0
Seychelles,SYC,1984,0.52955,0,0,0.203,0,NA,1,0,0,0,1,0
Seychelles,SYC,1985,0.52955,0,0,0.209,0,NA,1,0,0,0,1,0
Seychelles,SYC,1986,0.52955,0,0,0.209,0,NA,1,0,0,0,1,0
Seychelles,SYC,1987,0.52955,0,0,0.209,0,NA,1,0,0,0,1,0
Seychelles,SYC,1988,0.52955,0,0,0.205,0,NA,1,0,0,0,1,0
Seychelles,SYC,1989,0.52955,0,0,0.21,0,NA,1,0,0,0,1,0
Seychelles,SYC,1990,0.55235,0,0,0.213,0,NA,1,0,0,0,1,0
Seychelles,SYC,1991,0.55235,0,0,0.222,0,NA,1,0,0,0,1,0
Seychelles,SYC,1992,0.57615,0,0,0.283,0,NA,1,0,0,0,1,0
Seychelles,SYC,1993,0.6721,0,0,0.345,0,NA,1,0,0,0,1,0
Seychelles,SYC,1994,0.6721,0,0,0.357,0,NA,1,0,0,0,1,0
Seychelles,SYC,1995,0.6721,0,0,0.366,0,NA,1,0,0,0,1,0
Seychelles,SYC,1996,0.6727,0,0,0.36,0,NA,1,0,0,0,1,0
Seychelles,SYC,1997,0.6727,0,0,0.365,0,NA,1,0,0,0,1,0
Seychelles,SYC,1998,0.6727,0,0,0.367,0,NA,1,0,0,0,1,0
Seychelles,SYC,1999,0.6727,0,0,0.368,0,NA,1,0,0,0,1,0
Seychelles,SYC,2000,0.6727,0,0,0.368,0,NA,1,0,0,0,1,0
Seychelles,SYC,2001,0.6727,0,0,0.359,0,NA,1,0,0,0,1,0
Seychelles,SYC,2002,0.6771,0,0,0.364,0,NA,1,0,0,0,1,0
Seychelles,SYC,2003,0.6953,0,0,0.398,0,NA,1,0,0,0,1,0
Seychelles,SYC,2004,0.6965,0,0,0.439,0,NA,1,0,0,0,1,0
Seychelles,SYC,2005,0.7139,0,0,0.441,0,NA,1,0,0,0,1,0
Seychelles,SYC,2006,0.714925,0,0,0.452,0,NA,1,0,0,0,1,0
Seychelles,SYC,2007,0.726375,0,0,0.474,0,NA,1,0,0,0,1,0
Seychelles,SYC,2008,0.725375,0,0,0.479,0,NA,1,0,0,0,1,0
Seychelles,SYC,2009,0.731575,0,0,0.477,0,NA,1,0,0,0,1,0
Seychelles,SYC,2010,0.732175,0,0,0.477,0,NA,1,0,0,0,1,0
Seychelles,SYC,2011,0.73355,0,0,0.478,0,NA,1,0,0,0,1,0
Seychelles,SYC,2012,0.733075,0,0,0.475,0,NA,1,0,0,0,1,0
Seychelles,SYC,2013,0.750925,0,0,0.49,0,NA,1,0,0,0,1,0
Seychelles,SYC,2014,0.760725,0,0,0.494,0,NA,1,0,0,0,1,0
Seychelles,SYC,2015,0.772625,1,0.6931471805599453,0.515,4.68213122712422,NA,1,0,0,0,1,0
Seychelles,SYC,2016,0.811525,0,0.6931471805599453,0.584,4.68213122712422,NA,1,0,0,0,1,0
Seychelles,SYC,2017,0.83665,0,0.6931471805599453,0.596,4.6913478822291435,NA,1,0,0,0,1,0
Seychelles,SYC,2018,0.853475,0,0.6931471805599453,0.602,4.700480365792417,NA,1,0,0,0,1,0
Seychelles,SYC,2019,0.852475,0,0.6931471805599453,0.614,4.709530201312334,NA,1,0,0,0,1,0
Seychelles,SYC,2020,0.886875,0,0.6931471805599453,0.667,4.718498871295094,NA,1,0,0,0,1,0
Seychelles,SYC,2021,0.908925,0,0.6931471805599453,0.709,4.727387818712341,NA,1,0,0,0,1,0
Seychelles,SYC,2022,0.911925,0,0.6931471805599453,0.752,4.736198448394496,NA,1,0,0,0,1,0
Seychelles,SYC,2023,0.916525,0,0.6931471805599453,0.738,4.74493212836325,NA,1,0,0,0,1,0
Seychelles,SYC,2024,0.911325,0,0.6931471805599453,0.741,4.7535901911063645,NA,1,0,0,0,1,0
Singapore,SGP,1940,0.62045,0,0,0.099,NA,NA,1,0,0,0,0,1
Singapore,SGP,1941,0.62045,0,0,0.099,NA,NA,1,0,0,0,0,1
Singapore,SGP,1942,0.3013,0,0,0.09,NA,NA,1,0,0,0,0,1
Singapore,SGP,1943,0.3013,0,0,0.085,NA,NA,1,0,0,0,0,1
Singapore,SGP,1944,0.3013,0,0,0.085,NA,NA,1,0,0,0,0,1
Singapore,SGP,1945,0.3013,0,0,0.085,NA,NA,1,0,0,0,0,1
Singapore,SGP,1946,0.645525,0,0,0.115,NA,NA,1,0,0,0,0,1
Singapore,SGP,1947,0.645525,0,0,0.115,NA,NA,1,0,0,0,0,1
Singapore,SGP,1948,0.645525,0,0,0.173,NA,NA,1,0,0,0,0,1
Singapore,SGP,1949,0.645525,0,0,0.189,NA,NA,1,0,0,0,0,1
Singapore,SGP,1950,0.645525,0,0,0.193,NA,NA,1,0,0,0,0,1
Singapore,SGP,1951,0.645525,0,0,0.197,NA,NA,1,0,0,0,0,1
Singapore,SGP,1952,0.645525,0,0,0.198,NA,NA,1,0,0,0,0,1
Singapore,SGP,1953,0.645525,0,0,0.197,NA,NA,1,0,0,0,0,1
Singapore,SGP,1954,0.645525,0,0,0.197,NA,NA,1,0,0,0,0,1
Singapore,SGP,1955,0.645525,0,0,0.252,NA,NA,1,0,0,0,0,1
Singapore,SGP,1956,0.611525,0,0,0.277,NA,NA,1,0,0,0,0,1
Singapore,SGP,1957,0.611525,0,0,0.277,NA,NA,1,0,0,0,0,1
Singapore,SGP,1958,0.687925,0,0,0.277,NA,NA,1,0,0,0,0,1
Singapore,SGP,1959,0.765325,0,0,0.401,NA,NA,1,0,0,0,0,1
Singapore,SGP,1960,0.785525,0,0,0.409,NA,NA,1,0,0,0,0,1
Singapore,SGP,1961,0.785525,0,0,0.409,NA,NA,1,0,0,0,0,1
Singapore,SGP,1962,0.785525,0,0,0.409,NA,NA,1,0,0,0,0,1
Singapore,SGP,1963,0.83405,0,0,0.403,NA,NA,1,0,0,0,0,1
Singapore,SGP,1964,0.83405,0,0,0.335,NA,NA,1,0,0,0,0,1
Singapore,SGP,1965,0.84165,0,0,0.314,NA,NA,1,0,0,0,0,1
Singapore,SGP,1966,0.84145,0,0,0.308,NA,NA,1,0,0,0,0,1
Singapore,SGP,1967,0.84145,0,0,0.308,NA,NA,1,0,0,0,0,1
Singapore,SGP,1968,0.86235,0,0,0.314,NA,NA,1,0,0,0,0,1
Singapore,SGP,1969,0.86235,0,0,0.316,NA,NA,1,0,0,0,0,1
Singapore,SGP,1970,0.87015,0,0,0.316,NA,NA,1,0,0,0,0,1
Singapore,SGP,1971,0.87015,0,0,0.316,NA,NA,1,0,0,0,0,1
Singapore,SGP,1972,0.87015,0,0,0.319,NA,NA,1,0,0,0,0,1
Singapore,SGP,1973,0.87015,0,0,0.327,NA,NA,1,0,0,0,0,1
Singapore,SGP,1974,0.87015,0,0,0.327,NA,NA,1,0,0,0,0,1
Singapore,SGP,1975,0.87015,0,0,0.327,NA,NA,1,0,0,0,0,1
Singapore,SGP,1976,0.87375,0,0,0.327,NA,NA,1,0,0,0,0,1
Singapore,SGP,1977,0.87375,0,0,0.329,NA,NA,1,0,0,0,0,1
Singapore,SGP,1978,0.87375,0,0,0.329,NA,NA,1,0,0,0,0,1
Singapore,SGP,1979,0.87375,0,0,0.329,NA,NA,1,0,0,0,0,1
Singapore,SGP,1980,0.8961,0,0,0.336,NA,NA,1,0,0,0,0,1
Singapore,SGP,1981,0.8961,0,0,0.345,NA,NA,1,0,0,0,0,1
Singapore,SGP,1982,0.8961,0,0,0.345,NA,NA,1,0,0,0,0,1
Singapore,SGP,1983,0.8961,0,0,0.345,NA,NA,1,0,0,0,0,1
Singapore,SGP,1984,0.8961,0,0,0.345,NA,NA,1,0,0,0,0,1
Singapore,SGP,1985,0.8961,0,0,0.347,NA,NA,1,0,0,0,0,1
Singapore,SGP,1986,0.8961,0,0,0.352,NA,NA,1,0,0,0,0,1
Singapore,SGP,1987,0.8961,0,0,0.353,NA,NA,1,0,0,0,0,1
Singapore,SGP,1988,0.8961,0,0,0.353,NA,NA,1,0,0,0,0,1
Singapore,SGP,1989,0.8961,0,0,0.352,NA,NA,1,0,0,0,0,1
Singapore,SGP,1990,0.91555,0,0,0.365,NA,NA,1,0,0,0,0,1
Singapore,SGP,1991,0.91555,0,0,0.37,NA,NA,1,0,0,0,0,1
Singapore,SGP,1992,0.91555,0,0,0.362,NA,NA,1,0,0,0,0,1
Singapore,SGP,1993,0.91555,0,0,0.364,NA,NA,1,0,0,0,0,1
Singapore,SGP,1994,0.91555,0,0,0.368,NA,NA,1,0,0,0,0,1
Singapore,SGP,1995,0.91555,0,0,0.368,NA,NA,1,0,0,0,0,1
Singapore,SGP,1996,0.91555,0,0,0.368,NA,NA,1,0,0,0,0,1
Singapore,SGP,1997,0.91555,0,0,0.374,NA,NA,1,0,0,0,0,1
Singapore,SGP,1998,0.91555,0,0,0.374,NA,NA,1,0,0,0,0,1
Singapore,SGP,1999,0.91555,0,0,0.37,NA,NA,1,0,0,0,0,1
Singapore,SGP,2000,0.91615,0,0,0.381,NA,NA,1,0,0,0,0,1
Singapore,SGP,2001,0.91615,0,0,0.381,NA,NA,1,0,0,0,0,1
Singapore,SGP,2002,0.91615,0,0,0.377,NA,NA,1,0,0,0,0,1
Singapore,SGP,2003,0.91615,0,0,0.377,NA,NA,1,0,0,0,0,1
Singapore,SGP,2004,0.91615,0,0,0.377,NA,NA,1,0,0,0,0,1
Singapore,SGP,2005,0.91615,0,0,0.372,NA,NA,1,0,0,0,0,1
Singapore,SGP,2006,0.91615,0,0,0.387,NA,NA,1,0,0,0,0,1
Singapore,SGP,2007,0.91615,0,0,0.385,NA,NA,1,0,0,0,0,1
Singapore,SGP,2008,0.91615,0,0,0.391,NA,NA,1,0,0,0,0,1
Singapore,SGP,2009,0.91615,0,0,0.39,NA,NA,1,0,0,0,0,1
Singapore,SGP,2010,0.91615,0,0,0.39,NA,NA,1,0,0,0,0,1
Singapore,SGP,2011,0.91615,0,0,0.404,NA,NA,1,0,0,0,0,1
Singapore,SGP,2012,0.91615,0,0,0.42,NA,NA,1,0,0,0,0,1
Singapore,SGP,2013,0.91615,0,0,0.416,NA,NA,1,0,0,0,0,1
Singapore,SGP,2014,0.91615,0,0,0.416,NA,NA,1,0,0,0,0,1
Singapore,SGP,2015,0.91615,0,0,0.415,NA,NA,1,0,0,0,0,1
Singapore,SGP,2016,0.91615,0,0,0.427,NA,NA,1,0,0,0,0,1
Singapore,SGP,2017,0.91595,0,0,0.422,NA,NA,1,0,0,0,0,1
Singapore,SGP,2018,0.91595,0,0,0.411,NA,NA,1,0,0,0,0,1
Singapore,SGP,2019,0.91595,0,0,0.405,NA,NA,1,0,0,0,0,1
Singapore,SGP,2020,0.89455,0,0,0.4,NA,NA,1,0,0,0,0,1
Singapore,SGP,2021,0.913125,0,0,0.395,NA,NA,1,0,0,0,0,1
Singapore,SGP,2022,0.913325,0,0,0.395,NA,NA,1,0,0,0,0,1
Singapore,SGP,2023,0.911325,0,0,0.403,NA,NA,1,0,0,0,0,1
Singapore,SGP,2024,0.910125,0,0,0.414,NA,NA,1,0,0,0,0,1
Slovakia,SVK,1940,0.374125,NA,NA,NA,NA,NA,0,1,0,0,0,0
Slovakia,SVK,1941,0.374125,NA,NA,NA,NA,NA,0,1,0,0,0,0
Slovakia,SVK,1942,0.374125,NA,NA,NA,NA,NA,0,1,0,0,0,0
Slovakia,SVK,1943,0.374125,NA,NA,NA,NA,NA,0,1,0,0,0,0
Slovakia,SVK,1944,0.367925,NA,NA,NA,NA,NA,0,1,0,0,0,0
Slovakia,SVK,1993,0.7417,NA,NA,0.751,NA,NA,0,1,0,0,0,0
Slovakia,SVK,1994,0.7008,0,NA,0.707,NA,NA,0,1,0,0,0,0
Slovakia,SVK,1995,0.6996,0,NA,0.706,NA,NA,0,1,0,0,0,0
Slovakia,SVK,1996,0.6996,0,NA,0.706,NA,NA,0,1,0,0,0,0
Slovakia,SVK,1997,0.6996,0,NA,0.706,NA,NA,0,1,0,0,0,0
Slovakia,SVK,1998,0.751175,0,NA,0.764,NA,NA,0,1,0,0,0,0
Slovakia,SVK,1999,0.79145,0,NA,0.841,NA,NA,0,1,0,0,0,0
Slovakia,SVK,2000,0.79145,0,NA,0.847,NA,NA,0,1,0,0,0,0
Slovakia,SVK,2001,0.79145,0,NA,0.847,NA,NA,0,1,0,0,0,0
Slovakia,SVK,2002,0.79145,0,NA,0.847,NA,NA,0,1,0,0,0,0
Slovakia,SVK,2003,0.79145,0,NA,0.846,NA,NA,0,1,0,0,0,0
Slovakia,SVK,2004,0.79145,0,NA,0.846,NA,NA,0,1,0,0,0,0
Slovakia,SVK,2005,0.79145,0,NA,0.846,NA,NA,0,1,0,0,0,0
Slovakia,SVK,2006,0.79045,0,NA,0.822,NA,NA,0,1,0,0,0,0
Slovakia,SVK,2007,0.78035,0,NA,0.831,NA,NA,0,1,0,0,0,0
Slovakia,SVK,2008,0.78095,0,NA,0.835,NA,NA,0,1,0,0,0,0
Slovakia,SVK,2009,0.78095,0,NA,0.839,NA,NA,0,1,0,0,0,0
Slovakia,SVK,2010,0.80215,0,NA,0.852,NA,NA,0,1,0,0,0,0
Slovakia,SVK,2011,0.811775,0,NA,0.855,NA,NA,0,1,0,0,0,0
Slovakia,SVK,2012,0.78875,0,NA,0.848,NA,NA,0,1,0,0,0,0
Slovakia,SVK,2013,0.769725,0,NA,0.837,NA,NA,0,1,0,0,0,0
Slovakia,SVK,2014,0.768925,0,NA,0.839,NA,NA,0,1,0,0,0,0
Slovakia,SVK,2015,0.762925,0,NA,0.844,NA,NA,0,1,0,0,0,0
Slovakia,SVK,2016,0.763925,0,NA,0.844,NA,NA,0,1,0,0,0,0
Slovakia,SVK,2017,0.769725,0,NA,0.84,NA,NA,0,1,0,0,0,0
Slovakia,SVK,2018,0.7725,0,NA,0.821,NA,NA,0,1,0,0,0,0
Slovakia,SVK,2019,0.76605,0,NA,0.844,NA,NA,0,1,0,0,0,0
Slovakia,SVK,2020,0.813325,0,NA,0.843,NA,NA,0,1,0,0,0,0
Slovakia,SVK,2021,0.813725,0,NA,0.844,NA,NA,0,1,0,0,0,0
Slovakia,SVK,2022,0.808525,0,NA,0.841,NA,NA,0,1,0,0,0,0
Slovakia,SVK,2023,0.7812,0,NA,0.817,NA,NA,0,1,0,0,0,0
Slovakia,SVK,2024,0.71575,0,NA,0.752,NA,NA,0,1,0,0,0,0
Slovenia,SVN,1989,0.777225,0,0,0.248,0,NA,0,1,0,0,0,0
Slovenia,SVN,1990,0.819525,1,0.6931471805599453,0.626,0.6931471805599453,NA,0,1,0,0,0,0
Slovenia,SVN,1991,0.81995,0,0.6931471805599453,0.817,0.6931471805599453,NA,0,1,0,0,0,0
Slovenia,SVN,1992,0.85115,0,0.6931471805599453,0.853,1.0986122886681096,NA,0,1,0,0,0,0
Slovenia,SVN,1993,0.85175,0,0.6931471805599453,0.847,1.3862943611198906,NA,0,1,0,0,0,0
Slovenia,SVN,1994,0.85395,0,0.6931471805599453,0.851,1.6094379124341003,NA,0,1,0,0,0,0
Slovenia,SVN,1995,0.85395,0,0.6931471805599453,0.848,1.791759469228055,NA,0,1,0,0,0,0
Slovenia,SVN,1996,0.86755,0,0.6931471805599453,0.856,1.9459101490553132,NA,0,1,0,0,0,0
Slovenia,SVN,1997,0.87175,0,0.6931471805599453,0.842,2.0794415416798357,NA,0,1,0,0,0,0
Slovenia,SVN,1998,0.87175,0,0.6931471805599453,0.842,2.1972245773362196,NA,0,1,0,0,0,0
Slovenia,SVN,1999,0.87175,0,0.6931471805599453,0.84,2.302585092994046,NA,0,1,0,0,0,0
Slovenia,SVN,2000,0.86935,0,0.6931471805599453,0.843,2.3978952727983707,NA,0,1,0,0,0,0
Slovenia,SVN,2001,0.86935,0,0.6931471805599453,0.832,2.4849066497880004,NA,0,1,0,0,0,0
Slovenia,SVN,2002,0.86935,0,0.6931471805599453,0.848,2.5649493574615367,NA,0,1,0,0,0,0
Slovenia,SVN,2003,0.86855,0,0.6931471805599453,0.845,2.639057329615259,NA,0,1,0,0,0,0
Slovenia,SVN,2004,0.86515,0,0.6931471805599453,0.828,2.70805020110221,NA,0,1,0,0,0,0
Slovenia,SVN,2005,0.86595,0,0.6931471805599453,0.826,2.772588722239781,NA,0,1,0,0,0,0
Slovenia,SVN,2006,0.86595,0,0.6931471805599453,0.824,2.833213344056216,NA,0,1,0,0,0,0
Slovenia,SVN,2007,0.86255,0,0.6931471805599453,0.829,2.8903717578961645,NA,0,1,0,0,0,0
Slovenia,SVN,2008,0.85635,0,0.6931471805599453,0.829,2.9444389791664403,NA,0,1,0,0,0,0
Slovenia,SVN,2009,0.865575,0,0.6931471805599453,0.878,2.995732273553991,NA,0,1,0,0,0,0
Slovenia,SVN,2010,0.867175,0,0.6931471805599453,0.873,3.044522437723423,NA,0,1,0,0,0,0
Slovenia,SVN,2011,0.867175,0,0.6931471805599453,0.863,3.091042453358316,NA,0,1,0,0,0,0
Slovenia,SVN,2012,0.856425,0,0.6931471805599453,0.848,3.1354942159291497,NA,0,1,0,0,0,0
Slovenia,SVN,2013,0.87035,0,0.6931471805599453,0.863,3.1780538303479458,NA,0,1,0,0,0,0
Slovenia,SVN,2014,0.877725,0,0.6931471805599453,0.865,3.2188758248682006,NA,0,1,0,0,0,0
Slovenia,SVN,2015,0.885475,0,0.6931471805599453,0.876,3.258096538021482,NA,0,1,0,0,0,0
Slovenia,SVN,2016,0.8948,0,0.6931471805599453,0.863,3.295836866004329,NA,0,1,0,0,0,0
Slovenia,SVN,2017,0.8832,0,0.6931471805599453,0.841,3.332204510175204,NA,0,1,0,0,0,0
Slovenia,SVN,2018,0.8886,0,0.6931471805599453,0.829,3.367295829986474,NA,0,1,0,0,0,0
Slovenia,SVN,2019,0.8842,0,0.6931471805599453,0.812,3.4011973816621555,NA,0,1,0,0,0,0
Slovenia,SVN,2020,0.834375,0,0.6931471805599453,0.754,3.4339872044851463,NA,0,1,0,0,0,0
Slovenia,SVN,2021,0.7703,0,0.6931471805599453,0.716,3.4339872044851463,NA,0,1,0,0,0,0
Slovenia,SVN,2022,0.8572,0,0.6931471805599453,0.812,3.4339872044851463,NA,0,1,0,0,0,0
Slovenia,SVN,2023,0.8299,0,0.6931471805599453,0.757,3.4339872044851463,NA,0,1,0,0,0,0
Slovenia,SVN,2024,0.8305,0,0.6931471805599453,0.716,3.4657359027997265,NA,0,1,0,0,0,0
Solomon Islands,SLB,1940,0.572575,0,0,0.046,0,NA,1,0,0,0,0,1
Solomon Islands,SLB,1941,0.572575,0,0,0.046,0,NA,1,0,0,0,0,1
Solomon Islands,SLB,1942,0.572575,0,0,0.046,0,NA,1,0,0,0,0,1
Solomon Islands,SLB,1943,0.572575,0,0,0.046,0,NA,1,0,0,0,0,1
Solomon Islands,SLB,1944,0.572575,0,0,0.046,0,NA,1,0,0,0,0,1
Solomon Islands,SLB,1945,0.54825,0,0,0.045,0,NA,1,0,0,0,0,1
Solomon Islands,SLB,1946,0.58,0,0,0.043,0,NA,1,0,0,0,0,1
Solomon Islands,SLB,1947,0.58,0,0,0.044,0,NA,1,0,0,0,0,1
Solomon Islands,SLB,1948,0.58,0,0,0.044,0,NA,1,0,0,0,0,1
Solomon Islands,SLB,1949,0.58,0,0,0.044,0,NA,1,0,0,0,0,1
Solomon Islands,SLB,1950,0.6114,0,0,0.052,0,NA,1,0,0,0,0,1
Solomon Islands,SLB,1951,0.6783,0,0,0.053,0,NA,1,0,0,0,0,1
Solomon Islands,SLB,1952,0.6783,0,0,0.053,0,NA,1,0,0,0,0,1
Solomon Islands,SLB,1953,0.6783,0,0,0.053,0,NA,1,0,0,0,0,1
Solomon Islands,SLB,1954,0.6783,0,0,0.053,0,NA,1,0,0,0,0,1
Solomon Islands,SLB,1955,0.6783,0,0,0.053,0,NA,1,0,0,0,0,1
Solomon Islands,SLB,1956,0.6783,0,0,0.053,0,NA,1,0,0,0,0,1
Solomon Islands,SLB,1957,0.6783,0,0,0.053,0,NA,1,0,0,0,0,1
Solomon Islands,SLB,1958,0.6783,0,0,0.053,0,NA,1,0,0,0,0,1
Solomon Islands,SLB,1959,0.6783,0,0,0.053,0,NA,1,0,0,0,0,1
Solomon Islands,SLB,1960,0.7033,0,0,0.074,0,NA,1,0,0,0,0,1
Solomon Islands,SLB,1961,0.7033,0,0,0.074,0,NA,1,0,0,0,0,1
Solomon Islands,SLB,1962,0.7033,0,0,0.074,0,NA,1,0,0,0,0,1
Solomon Islands,SLB,1963,0.7033,0,0,0.074,0,NA,1,0,0,0,0,1
Solomon Islands,SLB,1964,0.7033,0,0,0.207,0,NA,1,0,0,0,0,1
Solomon Islands,SLB,1965,0.7033,0,0,0.236,0,NA,1,0,0,0,0,1
Solomon Islands,SLB,1966,0.7033,0,0,0.236,0,NA,1,0,0,0,0,1
Solomon Islands,SLB,1967,0.7033,0,0,0.239,0,NA,1,0,0,0,0,1
Solomon Islands,SLB,1968,0.7033,0,0,0.239,0,NA,1,0,0,0,0,1
Solomon Islands,SLB,1969,0.7033,0,0,0.239,0,NA,1,0,0,0,0,1
Solomon Islands,SLB,1970,0.7087,0,0,0.255,0,NA,1,0,0,0,0,1
Solomon Islands,SLB,1971,0.7087,0,0,0.255,0,NA,1,0,0,0,0,1
Solomon Islands,SLB,1972,0.7087,0,0,0.255,0,NA,1,0,0,0,0,1
Solomon Islands,SLB,1973,0.7101,0,0,0.259,0,NA,1,0,0,0,0,1
Solomon Islands,SLB,1974,0.7101,0,0,0.274,0,NA,1,0,0,0,0,1
Solomon Islands,SLB,1975,0.7101,0,0,0.3,0,NA,1,0,0,0,0,1
Solomon Islands,SLB,1976,0.7101,0,0,0.318,0,NA,1,0,0,0,0,1
Solomon Islands,SLB,1977,0.7101,0,0,0.321,0,NA,1,0,0,0,0,1
Solomon Islands,SLB,1978,0.7179,0,0,0.473,0,NA,1,0,0,0,0,1
Solomon Islands,SLB,1979,0.7921,1,0.6931471805599453,0.51,4.3694478524670215,NA,1,0,0,0,0,1
Solomon Islands,SLB,1980,0.74145,0,0.6931471805599453,0.514,4.382026634673881,NA,1,0,0,0,0,1
Solomon Islands,SLB,1981,0.707475,0,0.6931471805599453,0.511,4.394449154672439,NA,1,0,0,0,0,1
Solomon Islands,SLB,1982,0.707475,0,0.6931471805599453,0.526,4.406719247264253,NA,1,0,0,0,0,1
Solomon Islands,SLB,1983,0.704275,0,0.6931471805599453,0.526,4.418840607796598,NA,1,0,0,0,0,1
Solomon Islands,SLB,1984,0.704275,0,0.6931471805599453,0.527,4.430816798843313,NA,1,0,0,0,0,1
Solomon Islands,SLB,1985,0.706275,0,0.6931471805599453,0.534,4.442651256490317,NA,1,0,0,0,0,1
Solomon Islands,SLB,1986,0.706275,0,0.6931471805599453,0.534,4.454347296253507,NA,1,0,0,0,0,1
Solomon Islands,SLB,1987,0.706275,0,0.6931471805599453,0.534,4.465908118654584,NA,1,0,0,0,0,1
Solomon Islands,SLB,1988,0.706275,0,0.6931471805599453,0.534,4.477336814478207,NA,1,0,0,0,0,1
Solomon Islands,SLB,1989,0.703475,0,0.6931471805599453,0.522,4.48863636973214,NA,1,0,0,0,0,1
Solomon Islands,SLB,1990,0.6903,0,0.6931471805599453,0.524,4.499809670330265,NA,1,0,0,0,0,1
Solomon Islands,SLB,1991,0.6903,0,0.6931471805599453,0.524,4.51085950651685,NA,1,0,0,0,0,1
Solomon Islands,SLB,1992,0.6903,0,0.6931471805599453,0.524,4.5217885770490405,NA,1,0,0,0,0,1
Solomon Islands,SLB,1993,0.6903,0,0.6931471805599453,0.524,4.532599493153256,NA,1,0,0,0,0,1
Solomon Islands,SLB,1994,0.6903,0,0.6931471805599453,0.524,4.543294782270004,NA,1,0,0,0,0,1
Solomon Islands,SLB,1995,0.6903,0,0.6931471805599453,0.524,4.553876891600541,NA,1,0,0,0,0,1
Solomon Islands,SLB,1996,0.6903,0,0.6931471805599453,0.524,4.564348191467836,NA,1,0,0,0,0,1
Solomon Islands,SLB,1997,0.6903,0,0.6931471805599453,0.519,4.574710978503383,NA,1,0,0,0,0,1
Solomon Islands,SLB,1998,0.6903,0,0.6931471805599453,0.505,4.584967478670572,NA,1,0,0,0,0,1
Solomon Islands,SLB,1999,0.61995,0,0.6931471805599453,0.503,4.59511985013459,NA,1,0,0,0,0,1
Solomon Islands,SLB,2000,0.55195,0,0,0.353,0,NA,1,0,0,0,0,1
Solomon Islands,SLB,2001,0.56425,0,0,0.27,0,NA,1,0,0,0,0,1
Solomon Islands,SLB,2002,0.589125,1,1.0986122886681096,0.501,4.605170185988092,NA,1,0,0,0,0,1
Solomon Islands,SLB,2003,0.589125,0,1.0986122886681096,0.501,4.61512051684126,NA,1,0,0,0,0,1
Solomon Islands,SLB,2004,0.579525,0,1.0986122886681096,0.514,4.624972813284271,NA,1,0,0,0,0,1
Solomon Islands,SLB,2005,0.5279,0,1.0986122886681096,0.508,4.634728988229636,NA,1,0,0,0,0,1
Solomon Islands,SLB,2006,0.5255,0,0,0.458,0,NA,1,0,0,0,0,1
Solomon Islands,SLB,2007,0.5255,1,1.3862943611198906,0.542,4.634728988229636,NA,1,0,0,0,0,1
Solomon Islands,SLB,2008,0.5275,0,1.3862943611198906,0.542,4.6443908991413725,NA,1,0,0,0,0,1
Solomon Islands,SLB,2009,0.5271,0,1.3862943611198906,0.538,4.653960350157523,NA,1,0,0,0,0,1
Solomon Islands,SLB,2010,0.541025,0,1.3862943611198906,0.549,4.663439094112067,NA,1,0,0,0,0,1
Solomon Islands,SLB,2011,0.541025,0,1.3862943611198906,0.56,4.672828834461906,NA,1,0,0,0,0,1
Solomon Islands,SLB,2012,0.540225,0,1.3862943611198906,0.566,4.68213122712422,NA,1,0,0,0,0,1
Solomon Islands,SLB,2013,0.540225,0,1.3862943611198906,0.568,4.6913478822291435,NA,1,0,0,0,0,1
Solomon Islands,SLB,2014,0.539825,0,1.3862943611198906,0.572,4.700480365792417,NA,1,0,0,0,0,1
Solomon Islands,SLB,2015,0.541025,0,1.3862943611198906,0.577,4.709530201312334,NA,1,0,0,0,0,1
Solomon Islands,SLB,2016,0.541225,0,1.3862943611198906,0.589,4.718498871295094,NA,1,0,0,0,0,1
Solomon Islands,SLB,2017,0.5482,0,1.3862943611198906,0.599,4.727387818712341,NA,1,0,0,0,0,1
Solomon Islands,SLB,2018,0.5482,0,1.3862943611198906,0.602,4.736198448394496,NA,1,0,0,0,0,1
Solomon Islands,SLB,2019,0.5578,0,1.3862943611198906,0.63,4.74493212836325,NA,1,0,0,0,0,1
Solomon Islands,SLB,2020,0.5582,0,1.3862943611198906,0.62,4.7535901911063645,NA,1,0,0,0,0,1
Solomon Islands,SLB,2021,0.5887,0,1.3862943611198906,0.621,4.762173934797756,NA,1,0,0,0,0,1
Solomon Islands,SLB,2022,0.5978,0,1.3862943611198906,0.622,4.770684624465665,NA,1,0,0,0,0,1
Solomon Islands,SLB,2023,0.6012,0,1.3862943611198906,0.629,4.77912349311153,NA,1,0,0,0,0,1
Solomon Islands,SLB,2024,0.6198,0,1.3862943611198906,0.665,4.787491742782046,NA,1,0,0,0,0,1
Vanuatu,VUT,1940,0.772225,0,0,0.079,0,NA,1,0,0,0,0,1
Vanuatu,VUT,1941,0.772225,0,0,0.079,0,NA,1,0,0,0,0,1
Vanuatu,VUT,1942,0.772225,0,0,0.079,0,NA,1,0,0,0,0,1
Vanuatu,VUT,1943,0.772225,0,0,0.079,0,NA,1,0,0,0,0,1
Vanuatu,VUT,1944,0.772225,0,0,0.079,0,NA,1,0,0,0,0,1
Vanuatu,VUT,1945,0.772225,0,0,0.079,0,NA,1,0,0,0,0,1
Vanuatu,VUT,1946,0.772225,0,0,0.079,0,NA,1,0,0,0,0,1
Vanuatu,VUT,1947,0.772225,0,0,0.079,0,NA,1,0,0,0,0,1
Vanuatu,VUT,1948,0.772225,0,0,0.079,0,NA,1,0,0,0,0,1
Vanuatu,VUT,1949,0.772225,0,0,0.079,0,NA,1,0,0,0,0,1
Vanuatu,VUT,1950,0.731825,0,0,0.079,0,NA,1,0,0,0,0,1
Vanuatu,VUT,1951,0.77225,0,0,0.079,0,NA,1,0,0,0,0,1
Vanuatu,VUT,1952,0.77225,0,0,0.079,0,NA,1,0,0,0,0,1
Vanuatu,VUT,1953,0.77225,0,0,0.079,0,NA,1,0,0,0,0,1
Vanuatu,VUT,1954,0.77225,0,0,0.081,0,NA,1,0,0,0,0,1
Vanuatu,VUT,1955,0.77225,0,0,0.08,0,NA,1,0,0,0,0,1
Vanuatu,VUT,1956,0.77225,0,0,0.08,0,NA,1,0,0,0,0,1
Vanuatu,VUT,1957,0.77225,0,0,0.08,0,NA,1,0,0,0,0,1
Vanuatu,VUT,1958,0.77225,0,0,0.08,0,NA,1,0,0,0,0,1
Vanuatu,VUT,1959,0.77225,0,0,0.08,0,NA,1,0,0,0,0,1
Vanuatu,VUT,1960,0.77225,0,0,0.08,0,NA,1,0,0,0,0,1
Vanuatu,VUT,1961,0.77225,0,0,0.08,0,NA,1,0,0,0,0,1
Vanuatu,VUT,1962,0.77225,0,0,0.08,0,NA,1,0,0,0,0,1
Vanuatu,VUT,1963,0.77225,0,0,0.08,0,NA,1,0,0,0,0,1
Vanuatu,VUT,1964,0.77225,0,0,0.08,0,NA,1,0,0,0,0,1
Vanuatu,VUT,1965,0.77225,0,0,0.08,0,NA,1,0,0,0,0,1
Vanuatu,VUT,1966,0.77225,0,0,0.08,0,NA,1,0,0,0,0,1
Vanuatu,VUT,1967,0.77225,0,0,0.08,0,NA,1,0,0,0,0,1
Vanuatu,VUT,1968,0.77225,0,0,0.08,0,NA,1,0,0,0,0,1
Vanuatu,VUT,1969,0.77225,0,0,0.08,0,NA,1,0,0,0,0,1
Vanuatu,VUT,1970,0.731375,0,0,0.154,0,NA,1,0,0,0,0,1
Vanuatu,VUT,1971,0.798775,0,0,0.166,0,NA,1,0,0,0,0,1
Vanuatu,VUT,1972,0.798775,0,0,0.166,0,NA,1,0,0,0,0,1
Vanuatu,VUT,1973,0.798775,0,0,0.166,0,NA,1,0,0,0,0,1
Vanuatu,VUT,1974,0.798775,0,0,0.166,0,NA,1,0,0,0,0,1
Vanuatu,VUT,1975,0.798775,0,0,0.239,0,NA,1,0,0,0,0,1
Vanuatu,VUT,1976,0.798775,0,0,0.302,0,NA,1,0,0,0,0,1
Vanuatu,VUT,1977,0.798775,0,0,0.312,0,NA,1,0,0,0,0,1
Vanuatu,VUT,1978,0.798775,0,0,0.404,0,NA,1,0,0,0,0,1
Vanuatu,VUT,1979,0.798775,0,0,0.461,0,NA,1,0,0,0,0,1
Vanuatu,VUT,1980,0.71505,1,0.6931471805599453,0.703,4.382026634673881,NA,1,0,0,0,0,1
Vanuatu,VUT,1981,0.71505,0,0.6931471805599453,0.703,4.394449154672439,NA,1,0,0,0,0,1
Vanuatu,VUT,1982,0.71505,0,0.6931471805599453,0.703,4.406719247264253,NA,1,0,0,0,0,1
Vanuatu,VUT,1983,0.71505,0,0.6931471805599453,0.699,4.418840607796598,NA,1,0,0,0,0,1
Vanuatu,VUT,1984,0.71505,0,0.6931471805599453,0.683,4.430816798843313,NA,1,0,0,0,0,1
Vanuatu,VUT,1985,0.71505,0,0.6931471805599453,0.683,4.442651256490317,NA,1,0,0,0,0,1
Vanuatu,VUT,1986,0.71505,0,0.6931471805599453,0.683,4.454347296253507,NA,1,0,0,0,0,1
Vanuatu,VUT,1987,0.71505,0,0.6931471805599453,0.684,4.465908118654584,NA,1,0,0,0,0,1
Vanuatu,VUT,1988,0.71505,0,0.6931471805599453,0.689,4.477336814478207,NA,1,0,0,0,0,1
Vanuatu,VUT,1989,0.71505,0,0.6931471805599453,0.689,4.48863636973214,NA,1,0,0,0,0,1
Vanuatu,VUT,1990,0.691675,0,0.6931471805599453,0.696,4.499809670330265,NA,1,0,0,0,0,1
Vanuatu,VUT,1991,0.689875,0,0.6931471805599453,0.683,4.51085950651685,NA,1,0,0,0,0,1
Vanuatu,VUT,1992,0.685075,0,0.6931471805599453,0.608,4.5217885770490405,NA,1,0,0,0,0,1
Vanuatu,VUT,1993,0.685075,0,0.6931471805599453,0.608,4.532599493153256,NA,1,0,0,0,0,1
Vanuatu,VUT,1994,0.685075,0,0.6931471805599453,0.608,4.543294782270004,NA,1,0,0,0,0,1
Vanuatu,VUT,1995,0.685075,0,0.6931471805599453,0.608,4.553876891600541,NA,1,0,0,0,0,1
Vanuatu,VUT,1996,0.685075,0,0.6931471805599453,0.613,4.564348191467836,NA,1,0,0,0,0,1
Vanuatu,VUT,1997,0.685075,0,0.6931471805599453,0.613,4.574710978503383,NA,1,0,0,0,0,1
Vanuatu,VUT,1998,0.685075,0,0.6931471805599453,0.613,4.584967478670572,NA,1,0,0,0,0,1
Vanuatu,VUT,1999,0.685075,0,0.6931471805599453,0.612,4.59511985013459,NA,1,0,0,0,0,1
Vanuatu,VUT,2000,0.675925,0,0.6931471805599453,0.612,4.605170185988092,NA,1,0,0,0,0,1
Vanuatu,VUT,2001,0.675925,0,0.6931471805599453,0.612,4.61512051684126,NA,1,0,0,0,0,1
Vanuatu,VUT,2002,0.675925,0,0.6931471805599453,0.611,4.624972813284271,NA,1,0,0,0,0,1
Vanuatu,VUT,2003,0.675925,0,0.6931471805599453,0.61,4.634728988229636,NA,1,0,0,0,0,1
Vanuatu,VUT,2004,0.675925,0,0.6931471805599453,0.609,4.6443908991413725,NA,1,0,0,0,0,1
Vanuatu,VUT,2005,0.675925,0,0.6931471805599453,0.608,4.653960350157523,NA,1,0,0,0,0,1
Vanuatu,VUT,2006,0.675925,0,0.6931471805599453,0.608,4.663439094112067,NA,1,0,0,0,0,1
Vanuatu,VUT,2007,0.675925,0,0.6931471805599453,0.608,4.672828834461906,NA,1,0,0,0,0,1
Vanuatu,VUT,2008,0.675925,0,0.6931471805599453,0.65,4.68213122712422,NA,1,0,0,0,0,1
Vanuatu,VUT,2009,0.675925,0,0.6931471805599453,0.735,4.6913478822291435,NA,1,0,0,0,0,1
Vanuatu,VUT,2010,0.677325,0,0.6931471805599453,0.735,4.700480365792417,NA,1,0,0,0,0,1
Vanuatu,VUT,2011,0.677325,0,0.6931471805599453,0.735,4.709530201312334,NA,1,0,0,0,0,1
Vanuatu,VUT,2012,0.677325,0,0.6931471805599453,0.735,4.718498871295094,NA,1,0,0,0,0,1
Vanuatu,VUT,2013,0.677325,0,0.6931471805599453,0.738,4.727387818712341,NA,1,0,0,0,0,1
Vanuatu,VUT,2014,0.677325,0,0.6931471805599453,0.738,4.736198448394496,NA,1,0,0,0,0,1
Vanuatu,VUT,2015,0.680725,0,0.6931471805599453,0.744,4.74493212836325,NA,1,0,0,0,0,1
Vanuatu,VUT,2016,0.680725,0,0.6931471805599453,0.769,4.7535901911063645,NA,1,0,0,0,0,1
Vanuatu,VUT,2017,0.684325,0,0.6931471805599453,0.784,4.762173934797756,NA,1,0,0,0,0,1
Vanuatu,VUT,2018,0.7068,0,0.6931471805599453,0.781,4.770684624465665,NA,1,0,0,0,0,1
Vanuatu,VUT,2019,0.67115,0,0.6931471805599453,0.772,4.77912349311153,NA,1,0,0,0,0,1
Vanuatu,VUT,2020,0.710725,0,0.6931471805599453,0.774,4.787491742782046,NA,1,0,0,0,0,1
Vanuatu,VUT,2021,0.711125,0,0.6931471805599453,0.795,4.795790545596741,NA,1,0,0,0,0,1
Vanuatu,VUT,2022,0.741925,0,0.6931471805599453,0.799,4.804021044733257,NA,1,0,0,0,0,1
Vanuatu,VUT,2023,0.741925,0,0.6931471805599453,0.815,4.812184355372417,NA,1,0,0,0,0,1
Vanuatu,VUT,2024,0.784925,0,0.6931471805599453,0.796,4.820281565605037,NA,1,0,0,0,0,1
United Arab Emirates,ARE,1971,0.5089,0,0,0.016,0,NA,1,0,0,0,1,0
United Arab Emirates,ARE,1972,0.5089,0,0,0.016,0,NA,1,0,0,0,1,0
United Arab Emirates,ARE,1973,0.5089,0,0,0.014,0,NA,1,0,0,0,1,0
United Arab Emirates,ARE,1974,0.5089,0,0,0.016,0,NA,1,0,0,0,1,0
United Arab Emirates,ARE,1975,0.5137,0,0,0.016,0,NA,1,0,0,0,1,0
United Arab Emirates,ARE,1976,0.5125,0,0,0.017,0,NA,1,0,0,0,1,0
United Arab Emirates,ARE,1977,0.5125,0,0,0.019,0,NA,1,0,0,0,1,0
United Arab Emirates,ARE,1978,0.5061,0,0,0.019,0,NA,1,0,0,0,1,0
United Arab Emirates,ARE,1979,0.526625,0,0,0.019,0,NA,1,0,0,0,1,0
United Arab Emirates,ARE,1980,0.531625,0,0,0.017,0,NA,1,0,0,0,1,0
United Arab Emirates,ARE,1981,0.529225,0,0,0.017,0,NA,1,0,0,0,1,0
United Arab Emirates,ARE,1982,0.529225,0,0,0.017,0,NA,1,0,0,0,1,0
United Arab Emirates,ARE,1983,0.529225,0,0,0.018,0,NA,1,0,0,0,1,0
United Arab Emirates,ARE,1984,0.529225,0,0,0.019,0,NA,1,0,0,0,1,0
United Arab Emirates,ARE,1985,0.552475,0,0,0.02,0,NA,1,0,0,0,1,0
United Arab Emirates,ARE,1986,0.564875,0,0,0.02,0,NA,1,0,0,0,1,0
United Arab Emirates,ARE,1987,0.564875,0,0,0.023,0,NA,1,0,0,0,1,0
United Arab Emirates,ARE,1988,0.564875,0,0,0.023,0,NA,1,0,0,0,1,0
United Arab Emirates,ARE,1989,0.591075,0,0,0.023,0,NA,1,0,0,0,1,0
United Arab Emirates,ARE,1990,0.577275,0,0,0.023,0,NA,1,0,0,0,1,0
United Arab Emirates,ARE,1991,0.577275,0,0,0.023,0,NA,1,0,0,0,1,0
United Arab Emirates,ARE,1992,0.592475,0,0,0.024,0,NA,1,0,0,0,1,0
United Arab Emirates,ARE,1993,0.602475,0,0,0.023,0,NA,1,0,0,0,1,0
United Arab Emirates,ARE,1994,0.67285,0,0,0.025,0,NA,1,0,0,0,1,0
United Arab Emirates,ARE,1995,0.67285,0,0,0.027,0,NA,1,0,0,0,1,0
United Arab Emirates,ARE,1996,0.69225,0,0,0.027,0,NA,1,0,0,0,1,0
United Arab Emirates,ARE,1997,0.69225,0,0,0.027,0,NA,1,0,0,0,1,0
United Arab Emirates,ARE,1998,0.69225,0,0,0.028,0,NA,1,0,0,0,1,0
United Arab Emirates,ARE,1999,0.69225,0,0,0.028,0,NA,1,0,0,0,1,0
United Arab Emirates,ARE,2000,0.69225,0,0,0.028,0,NA,1,0,0,0,1,0
United Arab Emirates,ARE,2001,0.69225,0,0,0.028,0,NA,1,0,0,0,1,0
United Arab Emirates,ARE,2002,0.69225,0,0,0.024,0,NA,1,0,0,0,1,0
United Arab Emirates,ARE,2003,0.678275,0,0,0.024,0,NA,1,0,0,0,1,0
United Arab Emirates,ARE,2004,0.646675,0,0,0.019,0,NA,1,0,0,0,1,0
United Arab Emirates,ARE,2005,0.646675,0,0,0.02,0,NA,1,0,0,0,1,0
United Arab Emirates,ARE,2006,0.673875,0,0,0.024,0,NA,1,0,0,0,1,0
United Arab Emirates,ARE,2007,0.707275,0,0,0.071,0,NA,1,0,0,0,1,0
United Arab Emirates,ARE,2008,0.706875,0,0,0.072,0,NA,1,0,0,0,1,0
United Arab Emirates,ARE,2009,0.706875,0,0,0.072,0,NA,1,0,0,0,1,0
United Arab Emirates,ARE,2010,0.706875,0,0,0.071,0,NA,1,0,0,0,1,0
United Arab Emirates,ARE,2011,0.696525,0,0,0.083,0,NA,1,0,0,0,1,0
United Arab Emirates,ARE,2012,0.71425,0,0,0.091,0,NA,1,0,0,0,1,0
United Arab Emirates,ARE,2013,0.702375,0,0,0.091,0,NA,1,0,0,0,1,0
United Arab Emirates,ARE,2014,0.706375,0,0,0.089,0,NA,1,0,0,0,1,0
United Arab Emirates,ARE,2015,0.706375,0,0,0.097,0,NA,1,0,0,0,1,0
United Arab Emirates,ARE,2016,0.706375,0,0,0.1,0,NA,1,0,0,0,1,0
United Arab Emirates,ARE,2017,0.71585,0,0,0.095,0,NA,1,0,0,0,1,0
United Arab Emirates,ARE,2018,0.71865,0,0,0.095,0,NA,1,0,0,0,1,0
United Arab Emirates,ARE,2019,0.70035,0,0,0.103,0,NA,1,0,0,0,1,0
United Arab Emirates,ARE,2020,0.703025,0,0,0.103,0,NA,1,0,0,0,1,0
United Arab Emirates,ARE,2021,0.6941,0,0,0.101,0,NA,1,0,0,0,1,0
United Arab Emirates,ARE,2022,0.6943,0,0,0.102,0,NA,1,0,0,0,1,0
United Arab Emirates,ARE,2023,0.664975,0,0,0.102,0,NA,1,0,0,0,1,0
United Arab Emirates,ARE,2024,0.663175,0,0,0.103,0,NA,1,0,0,0,1,0
Palestine/British Mandate,PSB,1940,0.690275,0,0,0.142,0,NA,1,0,NA,NA,0,0
Palestine/British Mandate,PSB,1941,0.690275,0,0,0.142,0,NA,1,0,NA,NA,0,0
Palestine/British Mandate,PSB,1942,0.690275,0,0,0.142,0,NA,1,0,NA,NA,0,0
Palestine/British Mandate,PSB,1943,0.690275,0,0,0.142,0,NA,1,0,NA,NA,0,0
Palestine/British Mandate,PSB,1944,0.690275,0,0,0.142,0,NA,1,0,NA,NA,0,0
Palestine/British Mandate,PSB,1945,0.690275,0,0,0.142,0,NA,1,0,NA,NA,0,0
Palestine/British Mandate,PSB,1946,0.690275,0,0,0.142,0,NA,1,0,NA,NA,0,0
Palestine/British Mandate,PSB,1947,0.690275,0,0,0.08,0,NA,1,0,NA,NA,0,0
Palestine/British Mandate,PSB,1948,0.690275,0,0,0.08,0,NA,1,0,NA,NA,0,0
Hungary,HUN,1940,0.645975,0,0,0.284,NA,NA,0,1,0,0,0,0
Hungary,HUN,1941,0.648375,0,0,0.258,NA,NA,0,1,0,0,0,0
Hungary,HUN,1942,0.64125,0,0,0.258,NA,NA,0,1,0,0,0,0
Hungary,HUN,1943,0.6261,0,0,0.256,NA,NA,0,1,0,0,0,0
Hungary,HUN,1944,0.4135,0,0,0.2,NA,NA,0,1,0,0,0,0
Hungary,HUN,1945,0.38755,0,0,0.159,NA,NA,0,1,0,0,0,0
Hungary,HUN,1946,0.4727,0,0,0.222,NA,NA,0,1,0,0,0,0
Hungary,HUN,1947,0.489725,0,0,0.212,NA,NA,0,1,0,0,0,0
Hungary,HUN,1948,0.449175,0,0,0.191,NA,NA,0,1,0,0,0,0
Hungary,HUN,1949,0.406925,0,0,0.123,NA,NA,0,1,0,0,0,0
Hungary,HUN,1950,0.421375,0,0,0.117,NA,NA,0,1,0,0,0,0
Hungary,HUN,1951,0.431075,0,0,0.117,NA,NA,0,1,0,0,0,0
Hungary,HUN,1952,0.431075,0,0,0.117,NA,NA,0,1,0,0,0,0
Hungary,HUN,1953,0.431075,0,0,0.155,NA,NA,0,1,0,0,0,0
Hungary,HUN,1954,0.45155,0,0,0.184,NA,NA,0,1,0,0,0,0
Hungary,HUN,1955,0.45215,0,0,0.14,NA,NA,0,1,0,0,0,0
Hungary,HUN,1956,0.457275,0,0,0.123,NA,NA,0,1,0,0,0,0
Hungary,HUN,1957,0.458675,0,0,0.121,NA,NA,0,1,0,0,0,0
Hungary,HUN,1958,0.472375,0,0,0.121,NA,NA,0,1,0,0,0,0
Hungary,HUN,1959,0.475775,0,0,0.121,NA,NA,0,1,0,0,0,0
Hungary,HUN,1960,0.5018,0,0,0.123,NA,NA,0,1,0,0,0,0
Hungary,HUN,1961,0.5048,0,0,0.123,NA,NA,0,1,0,0,0,0
Hungary,HUN,1962,0.51495,0,0,0.126,NA,NA,0,1,0,0,0,0
Hungary,HUN,1963,0.51275,0,0,0.129,NA,NA,0,1,0,0,0,0
Hungary,HUN,1964,0.56315,0,0,0.132,NA,NA,0,1,0,0,0,0
Hungary,HUN,1965,0.56315,0,0,0.131,NA,NA,0,1,0,0,0,0
Hungary,HUN,1966,0.56315,0,0,0.131,NA,NA,0,1,0,0,0,0
Hungary,HUN,1967,0.56315,0,0,0.131,NA,NA,0,1,0,0,0,0
Hungary,HUN,1968,0.56095,0,0,0.132,NA,NA,0,1,0,0,0,0
Hungary,HUN,1969,0.56095,0,0,0.132,NA,NA,0,1,0,0,0,0
Hungary,HUN,1970,0.565,0,0,0.133,NA,NA,0,1,0,0,0,0
Hungary,HUN,1971,0.5706,0,0,0.132,NA,NA,0,1,0,0,0,0
Hungary,HUN,1972,0.5706,0,0,0.132,NA,NA,0,1,0,0,0,0
Hungary,HUN,1973,0.5706,0,0,0.132,NA,NA,0,1,0,0,0,0
Hungary,HUN,1974,0.5706,0,0,0.132,NA,NA,0,1,0,0,0,0
Hungary,HUN,1975,0.5642,0,0,0.132,NA,NA,0,1,0,0,0,0
Hungary,HUN,1976,0.5642,0,0,0.132,NA,NA,0,1,0,0,0,0
Hungary,HUN,1977,0.5642,0,0,0.132,NA,NA,0,1,0,0,0,0
Hungary,HUN,1978,0.5642,0,0,0.132,NA,NA,0,1,0,0,0,0
Hungary,HUN,1979,0.5618,0,0,0.132,NA,NA,0,1,0,0,0,0
Hungary,HUN,1980,0.56765,0,0,0.133,NA,NA,0,1,0,0,0,0
Hungary,HUN,1981,0.56765,0,0,0.135,NA,NA,0,1,0,0,0,0
Hungary,HUN,1982,0.56765,0,0,0.136,NA,NA,0,1,0,0,0,0
Hungary,HUN,1983,0.56725,0,0,0.136,NA,NA,0,1,0,0,0,0
Hungary,HUN,1984,0.56725,0,0,0.136,NA,NA,0,1,0,0,0,0
Hungary,HUN,1985,0.56725,0,0,0.142,NA,NA,0,1,0,0,0,0
Hungary,HUN,1986,0.56725,0,0,0.147,NA,NA,0,1,0,0,0,0
Hungary,HUN,1987,0.57365,0,0,0.152,NA,NA,0,1,0,0,0,0
Hungary,HUN,1988,0.58245,0,0,0.171,NA,NA,0,1,0,0,0,0
Hungary,HUN,1989,0.6118,0,0,0.267,NA,NA,0,1,0,0,0,0
Hungary,HUN,1990,0.845475,1,0.6931471805599453,0.803,NA,NA,0,1,0,0,0,0
Hungary,HUN,1991,0.86445,0,0.6931471805599453,0.846,NA,NA,0,1,0,0,0,0
Hungary,HUN,1992,0.85305,0,0.6931471805599453,0.846,NA,NA,0,1,0,0,0,0
Hungary,HUN,1993,0.85425,0,0.6931471805599453,0.846,NA,NA,0,1,0,0,0,0
Hungary,HUN,1994,0.85505,0,0.6931471805599453,0.846,NA,NA,0,1,0,0,0,0
Hungary,HUN,1995,0.85505,0,0.6931471805599453,0.849,NA,NA,0,1,0,0,0,0
Hungary,HUN,1996,0.85505,0,0.6931471805599453,0.849,NA,NA,0,1,0,0,0,0
Hungary,HUN,1997,0.8567,0,0.6931471805599453,0.849,NA,NA,0,1,0,0,0,0
Hungary,HUN,1998,0.8567,0,0.6931471805599453,0.847,NA,NA,0,1,0,0,0,0
Hungary,HUN,1999,0.8529,0,0.6931471805599453,0.848,NA,NA,0,1,0,0,0,0
Hungary,HUN,2000,0.8527,0,0.6931471805599453,0.848,NA,NA,0,1,0,0,0,0
Hungary,HUN,2001,0.8533,0,0.6931471805599453,0.848,NA,NA,0,1,0,0,0,0
Hungary,HUN,2002,0.8533,0,0.6931471805599453,0.847,NA,NA,0,1,0,0,0,0
Hungary,HUN,2003,0.8495,0,0.6931471805599453,0.847,NA,NA,0,1,0,0,0,0
Hungary,HUN,2004,0.8495,0,0.6931471805599453,0.847,NA,NA,0,1,0,0,0,0
Hungary,HUN,2005,0.8473,0,0.6931471805599453,0.847,NA,NA,0,1,0,0,0,0
Hungary,HUN,2006,0.816625,0,0.6931471805599453,0.831,NA,NA,0,1,0,0,0,0
Hungary,HUN,2007,0.84015,0,0.6931471805599453,0.853,NA,NA,0,1,0,0,0,0
Hungary,HUN,2008,0.84015,0,0.6931471805599453,0.853,NA,NA,0,1,0,0,0,0
Hungary,HUN,2009,0.84115,0,0.6931471805599453,0.853,NA,NA,0,1,0,0,0,0
Hungary,HUN,2010,0.773525,0,0.6931471805599453,0.81,NA,NA,0,1,0,0,0,0
Hungary,HUN,2011,0.75735,0,0.6931471805599453,0.782,NA,NA,0,1,0,0,0,0
Hungary,HUN,2012,0.75015,0,0.6931471805599453,0.777,NA,NA,0,1,0,0,0,0
Hungary,HUN,2013,0.71575,0,0.6931471805599453,0.728,NA,NA,0,1,0,0,0,0
Hungary,HUN,2014,0.71435,0,0.6931471805599453,0.667,NA,NA,0,1,0,0,0,0
Hungary,HUN,2015,0.71435,0,0.6931471805599453,0.616,NA,NA,0,1,0,0,0,0
Hungary,HUN,2016,0.71035,0,0.6931471805599453,0.607,NA,NA,0,1,0,0,0,0
Hungary,HUN,2017,0.71285,0,0.6931471805599453,0.559,NA,NA,0,1,0,0,0,0
Hungary,HUN,2018,0.693575,0,0,0.483,NA,NA,0,1,0,0,0,0
Hungary,HUN,2019,0.68985,0,0,0.471,NA,NA,0,1,0,0,0,0
Hungary,HUN,2020,0.672725,0,0,0.468,NA,NA,0,1,0,0,0,0
Hungary,HUN,2021,0.6582,0,0,0.452,NA,NA,0,1,0,0,0,0
Hungary,HUN,2022,0.637675,0,0,0.452,NA,NA,0,1,0,0,0,0
Hungary,HUN,2023,0.631175,0,0,0.437,NA,NA,0,1,0,0,0,0
Hungary,HUN,2024,0.635175,0,0,0.436,NA,NA,0,1,0,0,0,0
Zanzibar,ZZB,1940,0.50905,0,0,0.045,NA,NA,1,0,NA,NA,0,0
Zanzibar,ZZB,1941,0.50905,0,0,0.045,NA,NA,1,0,NA,NA,0,0
Zanzibar,ZZB,1942,0.50905,0,0,0.045,NA,NA,1,0,NA,NA,0,0
Zanzibar,ZZB,1943,0.50905,0,0,0.045,NA,NA,1,0,NA,NA,0,0
Zanzibar,ZZB,1944,0.50905,0,0,0.045,NA,NA,1,0,NA,NA,0,0
Zanzibar,ZZB,1945,0.50905,0,0,0.045,NA,NA,1,0,NA,NA,0,0
Zanzibar,ZZB,1946,0.50905,0,0,0.045,NA,NA,1,0,NA,NA,0,0
Zanzibar,ZZB,1947,0.50905,0,0,0.045,NA,NA,1,0,NA,NA,0,0
Zanzibar,ZZB,1948,0.50905,0,0,0.045,NA,NA,1,0,NA,NA,0,0
Zanzibar,ZZB,1949,0.50905,0,0,0.045,NA,NA,1,0,NA,NA,0,0
Zanzibar,ZZB,1950,0.50905,0,0,0.048,NA,NA,1,0,NA,NA,0,0
Zanzibar,ZZB,1951,0.50905,0,0,0.048,NA,NA,1,0,NA,NA,0,0
Zanzibar,ZZB,1952,0.50905,0,0,0.048,NA,NA,1,0,NA,NA,0,0
Zanzibar,ZZB,1953,0.50905,0,0,0.054,NA,NA,1,0,NA,NA,0,0
Zanzibar,ZZB,1954,0.50905,0,0,0.054,NA,NA,1,0,NA,NA,0,0
Zanzibar,ZZB,1955,0.4708,0,0,0.06,NA,NA,1,0,NA,NA,0,0
Zanzibar,ZZB,1956,0.4708,0,0,0.064,NA,NA,1,0,NA,NA,0,0
Zanzibar,ZZB,1957,0.4708,0,0,0.098,NA,NA,1,0,NA,NA,0,0
Zanzibar,ZZB,1958,0.4708,0,0,0.132,NA,NA,1,0,NA,NA,0,0
Zanzibar,ZZB,1959,0.4708,0,0,0.132,NA,NA,1,0,NA,NA,0,0
Zanzibar,ZZB,1960,0.4708,0,0,0.132,NA,NA,1,0,NA,NA,0,0
Zanzibar,ZZB,1961,0.4708,0,0,0.144,NA,NA,1,0,NA,NA,0,0
Zanzibar,ZZB,1962,0.4708,0,0,0.138,NA,NA,1,0,NA,NA,0,0
Zanzibar,ZZB,1963,0.4822,0,0,0.195,NA,NA,1,0,NA,NA,0,0
Zanzibar,ZZB,1964,0.220325,0,0,0.016,NA,NA,1,0,NA,NA,0,0
Zanzibar,ZZB,1965,0.226725,0,0,0.017,NA,NA,1,0,NA,NA,0,0
Zanzibar,ZZB,1966,0.226725,0,0,0.017,NA,NA,1,0,NA,NA,0,0
Zanzibar,ZZB,1967,0.226725,0,0,0.016,NA,NA,1,0,NA,NA,0,0
Zanzibar,ZZB,1968,0.226725,0,0,0.016,NA,NA,1,0,NA,NA,0,0
Zanzibar,ZZB,1969,0.226725,0,0,0.016,NA,NA,1,0,NA,NA,0,0
Zanzibar,ZZB,1970,0.226725,0,0,0.016,NA,NA,1,0,NA,NA,0,0
Zanzibar,ZZB,1971,0.226725,0,0,0.016,NA,NA,1,0,NA,NA,0,0
Zanzibar,ZZB,1972,0.226725,0,0,0.016,NA,NA,1,0,NA,NA,0,0
Zanzibar,ZZB,1973,0.32235,0,0,0.018,NA,NA,1,0,NA,NA,0,0
Zanzibar,ZZB,1974,0.32235,0,0,0.018,NA,NA,1,0,NA,NA,0,0
Zanzibar,ZZB,1975,0.32235,0,0,0.018,NA,NA,1,0,NA,NA,0,0
Zanzibar,ZZB,1976,0.32235,0,0,0.018,NA,NA,1,0,NA,NA,0,0
Zanzibar,ZZB,1977,0.4188,0,0,0.018,NA,NA,1,0,NA,NA,0,0
Zanzibar,ZZB,1978,0.429,0,0,0.018,NA,NA,1,0,NA,NA,0,0
Zanzibar,ZZB,1979,0.429,0,0,0.018,NA,NA,1,0,NA,NA,0,0
Zanzibar,ZZB,1980,0.476,0,0,0.028,NA,NA,1,0,NA,NA,0,0
Zanzibar,ZZB,1981,0.476,0,0,0.107,NA,NA,1,0,NA,NA,0,0
Zanzibar,ZZB,1982,0.476,0,0,0.107,NA,NA,1,0,NA,NA,0,0
Zanzibar,ZZB,1983,0.476,0,0,0.107,NA,NA,1,0,NA,NA,0,0
Zanzibar,ZZB,1984,0.51,0,0,0.112,NA,NA,1,0,NA,NA,0,0
Zanzibar,ZZB,1985,0.51,0,0,0.115,NA,NA,1,0,NA,NA,0,0
Zanzibar,ZZB,1986,0.5036,0,0,0.113,NA,NA,1,0,NA,NA,0,0
Zanzibar,ZZB,1987,0.5036,0,0,0.113,NA,NA,1,0,NA,NA,0,0
Zanzibar,ZZB,1988,0.4732,0,0,0.113,NA,NA,1,0,NA,NA,0,0
Zanzibar,ZZB,1989,0.432475,0,0,0.111,NA,NA,1,0,NA,NA,0,0
Zanzibar,ZZB,1990,0.428475,0,0,0.113,NA,NA,1,0,NA,NA,0,0
Zanzibar,ZZB,1991,0.428475,0,0,0.115,NA,NA,1,0,NA,NA,0,0
Zanzibar,ZZB,1992,0.378125,0,0,0.126,NA,NA,1,0,NA,NA,0,0
Zanzibar,ZZB,1993,0.378525,0,0,0.137,NA,NA,1,0,NA,NA,0,0
Zanzibar,ZZB,1994,0.378525,0,0,0.139,NA,NA,1,0,NA,NA,0,0
Zanzibar,ZZB,1995,0.378525,0,0,0.253,NA,NA,1,0,NA,NA,0,0
Zanzibar,ZZB,1996,0.381725,0,0,0.289,NA,NA,1,0,NA,NA,0,0
Zanzibar,ZZB,1997,0.381725,0,0,0.288,NA,NA,1,0,NA,NA,0,0
Zanzibar,ZZB,1998,0.381725,0,0,0.288,NA,NA,1,0,NA,NA,0,0
Zanzibar,ZZB,1999,0.381725,0,0,0.295,NA,NA,1,0,NA,NA,0,0
Zanzibar,ZZB,2000,0.387525,0,0,0.295,NA,NA,1,0,NA,NA,0,0
Zanzibar,ZZB,2001,0.421875,0,0,0.295,NA,NA,1,0,NA,NA,0,0
Zanzibar,ZZB,2002,0.421875,0,0,0.295,NA,NA,1,0,NA,NA,0,0
Zanzibar,ZZB,2003,0.421875,0,0,0.295,NA,NA,1,0,NA,NA,0,0
Zanzibar,ZZB,2004,0.421875,0,0,0.284,NA,NA,1,0,NA,NA,0,0
Zanzibar,ZZB,2005,0.444875,0,0,0.289,NA,NA,1,0,NA,NA,0,0
Zanzibar,ZZB,2006,0.460175,0,0,0.293,NA,NA,1,0,NA,NA,0,0
Zanzibar,ZZB,2007,0.467975,0,0,0.296,NA,NA,1,0,NA,NA,0,0
Zanzibar,ZZB,2008,0.466975,0,0,0.295,NA,NA,1,0,NA,NA,0,0
Zanzibar,ZZB,2009,0.463975,0,0,0.299,NA,NA,1,0,NA,NA,0,0
Zanzibar,ZZB,2010,0.481625,0,0,0.311,NA,NA,1,0,NA,NA,0,0
Zanzibar,ZZB,2011,0.471425,0,0,0.332,NA,NA,1,0,NA,NA,0,0
Zanzibar,ZZB,2012,0.482825,0,0,0.332,NA,NA,1,0,NA,NA,0,0
Zanzibar,ZZB,2013,0.501625,0,0,0.331,NA,NA,1,0,NA,NA,0,0
Zanzibar,ZZB,2014,0.4999,0,0,0.327,NA,NA,1,0,NA,NA,0,0
Zanzibar,ZZB,2015,0.46255,0,0,0.288,NA,NA,1,0,NA,NA,0,0
Zanzibar,ZZB,2016,0.42685,0,0,0.251,NA,NA,1,0,NA,NA,0,0
Zanzibar,ZZB,2017,0.4081,0,0,0.265,NA,NA,1,0,NA,NA,0,0
Zanzibar,ZZB,2018,0.4093,0,0,0.268,NA,NA,1,0,NA,NA,0,0
Zanzibar,ZZB,2019,0.4087,0,0,0.266,NA,NA,1,0,NA,NA,0,0
Zanzibar,ZZB,2020,0.432175,0,0,0.271,NA,NA,1,0,NA,NA,0,0
Zanzibar,ZZB,2021,0.4652,0,0,0.285,NA,NA,1,0,NA,NA,0,0
Zanzibar,ZZB,2022,0.474,0,0,0.294,NA,NA,1,0,NA,NA,0,0
Zanzibar,ZZB,2023,0.4808,0,0,0.298,NA,NA,1,0,NA,NA,0,0
Zanzibar,ZZB,2024,0.480425,0,0,0.299,NA,NA,1,0,NA,NA,0,0
